#
# A fatal error has been detected by the Java Runtime Environment:
#
#  EXCEPTION_ACCESS_VIOLATION (0xc0000005) at pc=0x00007ffc7c6acca3, pid=5864, tid=8060
#
# JRE version: Java(TM) SE Runtime Environment (17.0.12+8) (build 17.0.12+8-LTS-286)
# Java VM: Java HotSpot(TM) 64-Bit Server VM (17.0.12+8-LTS-286, mixed mode, sharing, tiered, compressed oops, compressed class ptrs, g1 gc, windows-amd64)
# Problematic frame:
# V  [jvm.dll+0x1bcca3]
#
# No core dump will be written. Minidumps are not enabled by default on client versions of Windows
#
# If you would like to submit a bug report, please visit:
#   https://bugreport.java.com/bugreport/crash.jsp
#

---------------  S U M M A R Y ------------

Command Line: -XX:MaxMetaspaceSize=512m --add-opens=java.base/java.util=ALL-UNNAMED --add-opens=java.base/java.lang=ALL-UNNAMED --add-opens=java.base/java.lang.invoke=ALL-UNNAMED --add-opens=java.prefs/java.util.prefs=ALL-UNNAMED --add-opens=java.base/java.nio.charset=ALL-UNNAMED --add-opens=java.base/java.net=ALL-UNNAMED --add-opens=java.base/java.util.concurrent.atomic=ALL-UNNAMED -Xmx2048m -Dfile.encoding=windows-1252 -Duser.country=IN -Duser.language=en -Duser.variant -javaagent:C:\Users\alfan\.gradle\wrapper\dists\gradle-8.8-all\6gdy1pgp427xkqcjbxw3ylt6h\gradle-8.8\lib\agents\gradle-instrumentation-agent-8.8.jar org.gradle.launcher.daemon.bootstrap.GradleDaemon 8.8

Host: Intel(R) Core(TM) i7-8700 CPU @ 3.20GHz, 12 cores, 15G,  Windows 10 , 64 bit Build 19041 (10.0.19041.5915)
Time: Wed Aug 12 00:11:21 2026 India Standard Time elapsed time: 459.049402 seconds (0d 0h 7m 39s)

---------------  T H R E A D  ---------------

Current thread (0x0000013f674e0a50):  JavaThread "C2 CompilerThread2" daemon [_thread_in_native, id=8060, stack(0x0000002d4d700000,0x0000002d4d800000)]


Current CompileTask:
C2: 459049 24616       4       org.gradle.internal.vfs.impl.DefaultFileSystemAccess::readSnapshotFromLocation (27 bytes)

Stack: [0x0000002d4d700000,0x0000002d4d800000],  sp=0x0000002d4d7fb850,  free space=1006k
Native frames: (J=compiled Java code, j=interpreted, Vv=VM code, C=native code)
V  [jvm.dll+0x1bcca3]
V  [jvm.dll+0x1ba464]
V  [jvm.dll+0x216997]
V  [jvm.dll+0x215c6f]
V  [jvm.dll+0x1a2960]
V  [jvm.dll+0x22610b]
V  [jvm.dll+0x2242ab]
V  [jvm.dll+0x79075c]
V  [jvm.dll+0x78abea]
V  [jvm.dll+0x678f35]
C  [ucrtbase.dll+0x21bb2]
C  [KERNEL32.DLL+0x17374]
C  [ntdll.dll+0x4cc91]


siginfo: EXCEPTION_ACCESS_VIOLATION (0xc0000005), reading address 0x000001406f78d4d0


Registers:
RAX=0x0000013f5d06eda0, RBX=0x0000000000000004, RCX=0x0000013f5dc10e80, RDX=0x00000000449c79cc
RSP=0x0000002d4d7fb850, RBP=0x0000013f616416c0, RSI=0x0000002d4d7fbd70, RDI=0x0000013f674c44e0
R8 =0x00000000ffffffff, R9 =0x0000000000000001, R10=0x0000000000000000, R11=0x3333333333333333
R12=0x0000000000000002, R13=0x0000000000000010, R14=0x0000013f5de129e8, R15=0x0000013f67681f80
RIP=0x00007ffc7c6acca3, EFLAGS=0x0000000000010297


Register to memory mapping:

RIP=0x00007ffc7c6acca3 jvm.dll
RAX=0x0000013f5d06eda0 points into unknown readable memory: 0x0000000000000000 | 00 00 00 00 00 00 00 00
RBX=0x0000000000000004 is an unknown value
RCX=0x0000013f5dc10e80 points into unknown readable memory: 0x6c630016f4b90002 | 02 00 b9 f4 16 00 63 6c
RDX=0x00000000449c79cc is an unknown value
RSP=0x0000002d4d7fb850 is pointing into the stack for thread: 0x0000013f674e0a50
RBP=0x0000013f616416c0 points into unknown readable memory: 0x00007ffc7cdb1c30 | 30 1c db 7c fc 7f 00 00
RSI=0x0000002d4d7fbd70 is pointing into the stack for thread: 0x0000013f674e0a50
RDI=0x0000013f674c44e0 points into unknown readable memory: 0x0000000000000000 | 00 00 00 00 00 00 00 00
R8 =0x00000000ffffffff is an unallocated location in the heap
R9 =0x0000000000000001 is an unknown value
R10=0x0 is NULL
R11=0x3333333333333333 is an unknown value
R12=0x0000000000000002 is an unknown value
R13=0x0000000000000010 is an unknown value
R14=0x0000013f5de129e8 points into unknown readable memory: 0x00007ffc7cdad010 | 10 d0 da 7c fc 7f 00 00
R15=0x0000013f67681f80 points into unknown readable memory: 0x000300030ffffcff | ff fc ff 0f 03 00 03 00


Top of Stack: (sp=0x0000002d4d7fb850)
0x0000002d4d7fb850:   0000000000000004 00000000000003e7
0x0000002d4d7fb860:   0000000000000134 0000013f616423d0
0x0000002d4d7fb870:   0000009400000002 00007ffc00000003
0x0000002d4d7fb880:   0000013f616416c0 0000002d4d7fb920
0x0000002d4d7fb890:   0000000000000000 0000000000000000
0x0000002d4d7fb8a0:   0000000000040270 0000013f61771a00
0x0000002d4d7fb8b0:   0000002d4d7fbe50 00000000000003d8
0x0000002d4d7fb8c0:   0000000000000001 0000002d4d7fb9f0
0x0000002d4d7fb8d0:   0000000000000000 0000013f61771a10
0x0000002d4d7fb8e0:   0000002d4d7fbd70 00007ffc7c6aa464
0x0000002d4d7fb8f0:   0000002d4d7fbd70 0000002d4d7fb901
0x0000002d4d7fb900:   0000013f61771a00 00000000ffffffff
0x0000002d4d7fb910:   0000013f00000000 0000000000000002
0x0000002d4d7fb920:   0000000000000006 0000013f61771a00
0x0000002d4d7fb930:   0000013f67497f50 0000013f674d8280
0x0000002d4d7fb940:   0000013f674d8280 000000000007acb8 

Instructions: (pc=0x00007ffc7c6acca3)
0x00007ffc7c6acba3:   00 66 44 89 ab a4 00 00 00 66 89 83 9c 00 00 00
0x00007ffc7c6acbb3:   eb 55 b8 10 00 00 00 66 44 89 ab a4 00 00 00 66
0x00007ffc7c6acbc3:   89 83 9c 00 00 00 eb 3f 49 8b cf e8 9d c5 50 00
0x00007ffc7c6acbd3:   81 8b a8 00 00 00 00 02 00 00 83 8b a8 00 00 00
0x00007ffc7c6acbe3:   40 66 89 83 9c 00 00 00 66 89 83 a4 00 00 00 eb
0x00007ffc7c6acbf3:   16 ba cf 03 00 00 48 8d 0d 68 97 71 00 e8 fb 82
0x00007ffc7c6acc03:   08 00 e8 56 cf 4b 00 48 8b 6c 24 30 48 8b b4 24
0x00007ffc7c6acc13:   a0 00 00 00 44 0f b6 8c 24 a8 00 00 00 41 b8 ff
0x00007ffc7c6acc23:   ff ff ff 41 8b 5e 18 89 5c 24 28 44 89 84 24 b8
0x00007ffc7c6acc33:   00 00 00 45 84 c9 74 38 49 8b 06 49 8b ce ff 90
0x00007ffc7c6acc43:   b0 00 00 00 89 84 24 b8 00 00 00 44 8b c0 83 f8
0x00007ffc7c6acc53:   ff 74 14 8b d0 49 8b ce e8 f0 d8 3d 00 44 8b c0
0x00007ffc7c6acc63:   89 84 24 b8 00 00 00 44 0f b6 8c 24 a8 00 00 00
0x00007ffc7c6acc73:   44 3b e3 0f 83 21 02 00 00 41 8b c4 4c 8d 2c c5
0x00007ffc7c6acc83:   00 00 00 00 66 0f 1f 84 00 00 00 00 00 49 8b 46
0x00007ffc7c6acc93:   08 4a 8b 0c 28 48 8b 86 08 01 00 00 48 63 51 28
0x00007ffc7c6acca3:   8b 1c 90 85 db 0f 84 c6 01 00 00 45 84 c9 74 11
0x00007ffc7c6accb3:   45 3b c4 75 0c 49 8b 06 49 8b ce ff 90 e0 00 00
0x00007ffc7c6accc3:   00 80 bc 24 b0 00 00 00 00 74 13 80 be 18 01 00
0x00007ffc7c6accd3:   00 00 74 0a 45 3b 66 3c 0f 83 93 01 00 00 48 8b
0x00007ffc7c6acce3:   46 70 41 8b d4 48 69 fb b0 00 00 00 49 8b ce 48
0x00007ffc7c6accf3:   03 78 20 49 8b 06 ff 90 80 00 00 00 80 bc 24 a8
0x00007ffc7c6acd03:   00 00 00 00 4c 8b f8 75 2c 49 8b 4e 08 f2 0f 10
0x00007ffc7c6acd13:   4d 08 f2 0f 59 ce 4a 8b 14 29 48 8b 4e 48 44 8b
0x00007ffc7c6acd23:   42 28 48 8b 51 78 4a 8b 0c c2 f2 0f 10 41 08 66
0x00007ffc7c6acd33:   0f 2f c1 77 4f 8b 97 90 00 00 00 8b 87 94 00 00
0x00007ffc7c6acd43:   00 3b d0 77 1f 0f 1f 84 00 00 00 00 00 8b ca ff
0x00007ffc7c6acd53:   c2 49 8b 04 cf 48 21 44 cf 38 8b 87 94 00 00 00
0x00007ffc7c6acd63:   3b d0 76 e9 41 8b 4f 58 39 8f 90 00 00 00 73 06
0x00007ffc7c6acd73:   89 8f 90 00 00 00 41 8b 4f 5c 3b c1 76 06 89 8f
0x00007ffc7c6acd83:   94 00 00 00 49 8b 46 08 4a 8b 0c 28 48 8b 01 ff
0x00007ffc7c6acd93:   50 68 8b c8 8b d8 e8 62 c9 50 00 8b d3 48 8d 4f 


Stack slot to memory mapping:
stack at sp + 0 slots: 0x0000000000000004 is an unknown value
stack at sp + 1 slots: 0x00000000000003e7 is an unknown value
stack at sp + 2 slots: 0x0000000000000134 is an unknown value
stack at sp + 3 slots: 0x0000013f616423d0 points into unknown readable memory: 0x00007ffc7cdb1c30 | 30 1c db 7c fc 7f 00 00
stack at sp + 4 slots: 0x0000009400000002 is an unknown value
stack at sp + 5 slots: 0x00007ffc00000003 is an unknown value
stack at sp + 6 slots: 0x0000013f616416c0 points into unknown readable memory: 0x00007ffc7cdb1c30 | 30 1c db 7c fc 7f 00 00
stack at sp + 7 slots: 0x0000002d4d7fb920 is pointing into the stack for thread: 0x0000013f674e0a50


---------------  P R O C E S S  ---------------

Threads class SMR info:
_java_thread_list=0x0000013f5f325fd0, length=187, elements={
0x0000013f1e15ae20, 0x0000013f3c8079f0, 0x0000013f3c808780, 0x0000013f3c9245d0,
0x0000013f3c81de50, 0x0000013f3c81e720, 0x0000013f3c925290, 0x0000013f3c9263b0,
0x0000013f3c928d80, 0x0000013f3c92c6b0, 0x0000013f3ca2aac0, 0x0000013f3caed3d0,
0x0000013f5d22dd30, 0x0000013f5d7be4b0, 0x0000013f5d7b9840, 0x0000013f5db8dae0,
0x0000013f5dbbbb40, 0x0000013f5c7c1c40, 0x0000013f5c7c0800, 0x0000013f5c7c02f0,
0x0000013f5c7c2150, 0x0000013f5c7bfde0, 0x0000013f5c7c2660, 0x0000013f5c7c0d10,
0x0000013f5c7c1220, 0x0000013f5e728500, 0x0000013f5e729940, 0x0000013f5e727ae0,
0x0000013f5e725c80, 0x0000013f5e729430, 0x0000013f5e729e50, 0x0000013f5e726190,
0x0000013f5e7275d0, 0x0000013f5e726bb0, 0x0000013f5e7270c0, 0x0000013f5e728f20,
0x0000013f5e72a870, 0x0000013f5e72ad80, 0x0000013f5e723910, 0x0000013f5e723e20,
0x0000013f5e724330, 0x0000013f5e725260, 0x0000013f5e724840, 0x0000013f5e725770,
0x0000013f602ad130, 0x0000013f602a9470, 0x0000013f602afec0, 0x0000013f602ad640,
0x0000013f602a8f60, 0x0000013f602adb50, 0x0000013f602ac710, 0x0000013f602a9e90,
0x0000013f602ab7e0, 0x0000013f602aa8b0, 0x0000013f602aef90, 0x0000013f602a8a50,
0x0000013f602a9980, 0x0000013f602aa3a0, 0x0000013f602acc20, 0x0000013f602aadc0,
0x0000013f602af9b0, 0x0000013f602ae060, 0x0000013f602abcf0, 0x0000013f602ab2d0,
0x0000013f602ac200, 0x0000013f602af4a0, 0x0000013f602aea80, 0x0000013f602ae570,
0x0000013f602b03d0, 0x0000013f5e00f2b0, 0x0000013f5e00f7c0, 0x0000013f5e00ca30,
0x0000013f5e011620, 0x0000013f5e00cf40, 0x0000013f5e010c00, 0x0000013f5e0101e0,
0x0000013f5e00de70, 0x0000013f5e012a60, 0x0000013f5e011b30, 0x0000013f5e012040,
0x0000013f5e012550, 0x0000013f5e012f70, 0x0000013f5e00c010, 0x0000013f5f82b580,
0x0000013f5f82ba90, 0x0000013f5f82ab60, 0x0000013f5f8282e0, 0x0000013f5f8287f0,
0x0000013f5f828d00, 0x0000013f5f829c30, 0x0000013f5f829210, 0x0000013f5f829720,
0x0000013f5f82a140, 0x0000013f5f82a650, 0x0000013f5f82b070, 0x0000013f5cc143f0,
0x0000013f5cc14e10, 0x0000013f5cc16c70, 0x0000013f5cc15830, 0x0000013f5cc14900,
0x0000013f5cc15320, 0x0000013f5cc16250, 0x0000013f5cc17180, 0x0000013f5cc139d0,
0x0000013f5cc15d40, 0x0000013f5cc16760, 0x0000013f5cc13ee0, 0x0000013f5e486f30,
0x0000013f5e481920, 0x0000013f5e481e30, 0x0000013f5e483270, 0x0000013f5e482340,
0x0000013f5e482d60, 0x0000013f5e483c90, 0x0000013f5e482850, 0x0000013f5e4846b0,
0x0000013f5e4850d0, 0x0000013f5e483780, 0x0000013f5e4841a0, 0x0000013f5e487440,
0x0000013f5e484bc0, 0x0000013f5e4855e0, 0x0000013f5e486000, 0x0000013f5e486510,
0x0000013f5e480f00, 0x0000013f5e486a20, 0x0000013f5e487950, 0x0000013f5e4809f0,
0x0000013f5e4804e0, 0x0000013f5e487e60, 0x0000013f5e481410, 0x0000013f5cc62fc0,
0x0000013f5cc64e20, 0x0000013f5cc634d0, 0x0000013f5cc65330, 0x0000013f5cc61b80,
0x0000013f5cc63ef0, 0x0000013f5cc64400, 0x0000013f5cc66260, 0x0000013f5cc68ae0,
0x0000013f5cc61670, 0x0000013f5cc685d0, 0x0000013f5cc639e0, 0x0000013f5cc676a0,
0x0000013f5cc65840, 0x0000013f5cc67bb0, 0x0000013f5cc62090, 0x0000013f5cc64910,
0x0000013f5cc65d50, 0x0000013f5cc66770, 0x0000013f5cc625a0, 0x0000013f5cc66c80,
0x0000013f5cc67190, 0x0000013f5cc680c0, 0x0000013f5cc68ff0, 0x0000013f5cc62ab0,
0x0000013f62149f80, 0x0000013f6214d730, 0x0000013f6214eb70, 0x0000013f6214b3c0,
0x0000013f6214a490, 0x0000013f62149560, 0x0000013f6214aeb0, 0x0000013f62149a70,
0x0000013f6214f080, 0x0000013f6214bde0, 0x0000013f6214cd10, 0x0000013f6214faa0,
0x0000013f6214c2f0, 0x0000013f6214a9a0, 0x0000013f6214c800, 0x0000013f6214f590,
0x0000013f6214d220, 0x0000013f6214dc40, 0x0000013f6214ffb0, 0x0000013f621504c0,
0x0000013f621509d0, 0x0000013f6214e150, 0x0000013f6214e660, 0x0000013f5df17260,
0x0000013f61e273b0, 0x0000013f61e227c0, 0x0000013f61e1ff40, 0x0000013f61e21da0,
0x0000013f61e26ea0, 0x0000013f6210aed0, 0x0000013f674e0a50
}

Java Threads: ( => current thread )
  0x0000013f1e15ae20 JavaThread "main" [_thread_blocked, id=4240, stack(0x0000002d4a000000,0x0000002d4a100000)]
  0x0000013f3c8079f0 JavaThread "Reference Handler" daemon [_thread_blocked, id=3768, stack(0x0000002d4a700000,0x0000002d4a800000)]
  0x0000013f3c808780 JavaThread "Finalizer" daemon [_thread_blocked, id=9320, stack(0x0000002d4a800000,0x0000002d4a900000)]
  0x0000013f3c9245d0 JavaThread "Signal Dispatcher" daemon [_thread_blocked, id=4188, stack(0x0000002d4a900000,0x0000002d4aa00000)]
  0x0000013f3c81de50 JavaThread "Attach Listener" daemon [_thread_blocked, id=7468, stack(0x0000002d4aa00000,0x0000002d4ab00000)]
  0x0000013f3c81e720 JavaThread "Service Thread" daemon [_thread_blocked, id=4392, stack(0x0000002d4ab00000,0x0000002d4ac00000)]
  0x0000013f3c925290 JavaThread "Monitor Deflation Thread" daemon [_thread_blocked, id=16008, stack(0x0000002d4ac00000,0x0000002d4ad00000)]
  0x0000013f3c9263b0 JavaThread "C2 CompilerThread0" daemon [_thread_blocked, id=12072, stack(0x0000002d4ad00000,0x0000002d4ae00000)]
  0x0000013f3c928d80 JavaThread "C1 CompilerThread0" daemon [_thread_blocked, id=828, stack(0x0000002d4ae00000,0x0000002d4af00000)]
  0x0000013f3c92c6b0 JavaThread "Sweeper thread" daemon [_thread_blocked, id=5820, stack(0x0000002d4af00000,0x0000002d4b000000)]
  0x0000013f3ca2aac0 JavaThread "Common-Cleaner" daemon [_thread_blocked, id=5724, stack(0x0000002d4b000000,0x0000002d4b100000)]
  0x0000013f3caed3d0 JavaThread "Notification Thread" daemon [_thread_blocked, id=14228, stack(0x0000002d4b100000,0x0000002d4b200000)]
  0x0000013f5d22dd30 JavaThread "Daemon health stats" [_thread_blocked, id=11456, stack(0x0000002d4b400000,0x0000002d4b500000)]
  0x0000013f5d7be4b0 JavaThread "Incoming local TCP Connector on port 52513" [_thread_in_native, id=4812, stack(0x0000002d4ba00000,0x0000002d4bb00000)]
  0x0000013f5d7b9840 JavaThread "Daemon periodic checks" [_thread_blocked, id=12260, stack(0x0000002d4bb00000,0x0000002d4bc00000)]
  0x0000013f5db8dae0 JavaThread "Daemon" [_thread_blocked, id=9532, stack(0x0000002d4bc00000,0x0000002d4bd00000)]
  0x0000013f5dbbbb40 JavaThread "Handler for socket connection from /127.0.0.1:52513 to /127.0.0.1:52514" [_thread_in_native, id=1036, stack(0x0000002d4bd00000,0x0000002d4be00000)]
  0x0000013f5c7c1c40 JavaThread "Cancel handler" [_thread_blocked, id=10888, stack(0x0000002d4be00000,0x0000002d4bf00000)]
  0x0000013f5c7c0800 JavaThread "Daemon worker" [_thread_in_native, id=6472, stack(0x0000002d4bf00000,0x0000002d4c000000)]
  0x0000013f5c7c02f0 JavaThread "Asynchronous log dispatcher for DefaultDaemonConnection: socket connection from /127.0.0.1:52513 to /127.0.0.1:52514" [_thread_blocked, id=12684, stack(0x0000002d4c000000,0x0000002d4c100000)]
  0x0000013f5c7c2150 JavaThread "Stdin handler" [_thread_blocked, id=16488, stack(0x0000002d4c100000,0x0000002d4c200000)]
  0x0000013f5c7bfde0 JavaThread "Daemon client event forwarder" [_thread_blocked, id=10908, stack(0x0000002d4c200000,0x0000002d4c300000)]
  0x0000013f5c7c2660 JavaThread "Cache worker for journal cache (C:\Users\alfan\.gradle\caches\journal-1)" [_thread_blocked, id=1040, stack(0x0000002d4c300000,0x0000002d4c400000)]
  0x0000013f5c7c0d10 JavaThread "File lock request listener" [_thread_in_native, id=5200, stack(0x0000002d4c400000,0x0000002d4c500000)]
  0x0000013f5c7c1220 JavaThread "Cache worker for file hash cache (C:\Users\alfan\.gradle\caches\8.8\fileHashes)" [_thread_blocked, id=8276, stack(0x0000002d4c500000,0x0000002d4c600000)]
  0x0000013f5e728500 JavaThread "Cache worker for file hash cache (C:\Users\alfan\OneDrive\Desktop\RealEstateERP\apps\marketing-mobile\android\.gradle\8.8\fileHashes)" [_thread_blocked, id=7752, stack(0x0000002d4cb00000,0x0000002d4cc00000)]
  0x0000013f5e729940 JavaThread "File watcher server" daemon [_thread_in_native, id=10800, stack(0x0000002d4cc00000,0x0000002d4cd00000)]
  0x0000013f5e727ae0 JavaThread "File watcher consumer" daemon [_thread_blocked, id=10200, stack(0x0000002d4cd00000,0x0000002d4ce00000)]
  0x0000013f5e725c80 JavaThread "Cache worker for checksums cache (C:\Users\alfan\OneDrive\Desktop\RealEstateERP\apps\marketing-mobile\android\.gradle\8.8\checksums)" [_thread_blocked, id=7796, stack(0x0000002d4d000000,0x0000002d4d100000)]
  0x0000013f5e729430 JavaThread "Cache worker for file content cache (C:\Users\alfan\.gradle\caches\8.8\fileContent)" [_thread_blocked, id=8408, stack(0x0000002d4d100000,0x0000002d4d200000)]
  0x0000013f5e729e50 JavaThread "Cache worker for cache directory md-rule (C:\Users\alfan\.gradle\caches\8.8\md-rule)" [_thread_blocked, id=2032, stack(0x0000002d4d200000,0x0000002d4d300000)]
  0x0000013f5e726190 JavaThread "Cache worker for cache directory md-supplier (C:\Users\alfan\.gradle\caches\8.8\md-supplier)" [_thread_blocked, id=10648, stack(0x0000002d4d300000,0x0000002d4d400000)]
  0x0000013f5e7275d0 JavaThread "jar transforms" [_thread_blocked, id=16240, stack(0x0000002d4d500000,0x0000002d4d600000)]
  0x0000013f5e726bb0 JavaThread "Unconstrained build operations" [_thread_blocked, id=15676, stack(0x0000002d4d900000,0x0000002d4da00000)]
  0x0000013f5e7270c0 JavaThread "Unconstrained build operations Thread 2" [_thread_blocked, id=11672, stack(0x0000002d4da00000,0x0000002d4db00000)]
  0x0000013f5e728f20 JavaThread "Unconstrained build operations Thread 3" [_thread_blocked, id=13288, stack(0x0000002d4db00000,0x0000002d4dc00000)]
  0x0000013f5e72a870 JavaThread "Unconstrained build operations Thread 4" [_thread_blocked, id=8348, stack(0x0000002d4dc00000,0x0000002d4dd00000)]
  0x0000013f5e72ad80 JavaThread "Unconstrained build operations Thread 5" [_thread_blocked, id=6092, stack(0x0000002d4dd00000,0x0000002d4de00000)]
  0x0000013f5e723910 JavaThread "Unconstrained build operations Thread 6" [_thread_blocked, id=8536, stack(0x0000002d4de00000,0x0000002d4df00000)]
  0x0000013f5e723e20 JavaThread "Cache worker for Build Output Cleanup Cache (C:\Users\alfan\OneDrive\Desktop\RealEstateERP\node_modules\.pnpm\@react-native+gradle-plugin@0.74.87\node_modules\@react-native\gradle-plugin\.gradle\buildOutputCleanup)" [_thread_blocked, id=17120, stack(0x0000002d4df00000,0x0000002d4e000000)]
  0x0000013f5e724330 JavaThread "Unconstrained build operations Thread 7" [_thread_blocked, id=1448, stack(0x0000002d4e000000,0x0000002d4e100000)]
  0x0000013f5e725260 JavaThread "Unconstrained build operations Thread 8" [_thread_blocked, id=12196, stack(0x0000002d4e100000,0x0000002d4e200000)]
  0x0000013f5e724840 JavaThread "Unconstrained build operations Thread 9" [_thread_blocked, id=4212, stack(0x0000002d4e200000,0x0000002d4e300000)]
  0x0000013f5e725770 JavaThread "Unconstrained build operations Thread 10" [_thread_blocked, id=2372, stack(0x0000002d4e300000,0x0000002d4e400000)]
  0x0000013f602ad130 JavaThread "Unconstrained build operations Thread 11" [_thread_blocked, id=3020, stack(0x0000002d4e400000,0x0000002d4e500000)]
  0x0000013f602a9470 JavaThread "Unconstrained build operations Thread 12" [_thread_blocked, id=2752, stack(0x0000002d4e500000,0x0000002d4e600000)]
  0x0000013f602afec0 JavaThread "Unconstrained build operations Thread 13" [_thread_blocked, id=10976, stack(0x0000002d4e600000,0x0000002d4e700000)]
  0x0000013f602ad640 JavaThread "Unconstrained build operations Thread 14" [_thread_blocked, id=8980, stack(0x0000002d4e700000,0x0000002d4e800000)]
  0x0000013f602a8f60 JavaThread "Unconstrained build operations Thread 15" [_thread_blocked, id=11872, stack(0x0000002d4e800000,0x0000002d4e900000)]
  0x0000013f602adb50 JavaThread "Unconstrained build operations Thread 16" [_thread_blocked, id=3732, stack(0x0000002d4e900000,0x0000002d4ea00000)]
  0x0000013f602ac710 JavaThread "Unconstrained build operations Thread 17" [_thread_blocked, id=5556, stack(0x0000002d4ea00000,0x0000002d4eb00000)]
  0x0000013f602a9e90 JavaThread "Unconstrained build operations Thread 18" [_thread_blocked, id=10284, stack(0x0000002d4eb00000,0x0000002d4ec00000)]
  0x0000013f602ab7e0 JavaThread "Unconstrained build operations Thread 19" [_thread_blocked, id=12752, stack(0x0000002d4ec00000,0x0000002d4ed00000)]
  0x0000013f602aa8b0 JavaThread "Unconstrained build operations Thread 20" [_thread_blocked, id=3820, stack(0x0000002d4ed00000,0x0000002d4ee00000)]
  0x0000013f602aef90 JavaThread "Unconstrained build operations Thread 21" [_thread_blocked, id=7932, stack(0x0000002d4ee00000,0x0000002d4ef00000)]
  0x0000013f602a8a50 JavaThread "Unconstrained build operations Thread 22" [_thread_blocked, id=6456, stack(0x0000002d4ef00000,0x0000002d4f000000)]
  0x0000013f602a9980 JavaThread "Unconstrained build operations Thread 23" [_thread_blocked, id=14740, stack(0x0000002d4f000000,0x0000002d4f100000)]
  0x0000013f602aa3a0 JavaThread "Unconstrained build operations Thread 24" [_thread_blocked, id=1524, stack(0x0000002d4f100000,0x0000002d4f200000)]
  0x0000013f602acc20 JavaThread "Unconstrained build operations Thread 25" [_thread_blocked, id=10544, stack(0x0000002d4f200000,0x0000002d4f300000)]
  0x0000013f602aadc0 JavaThread "Unconstrained build operations Thread 26" [_thread_blocked, id=16936, stack(0x0000002d4f300000,0x0000002d4f400000)]
  0x0000013f602af9b0 JavaThread "Unconstrained build operations Thread 27" [_thread_blocked, id=6872, stack(0x0000002d4f400000,0x0000002d4f500000)]
  0x0000013f602ae060 JavaThread "Unconstrained build operations Thread 28" [_thread_blocked, id=11516, stack(0x0000002d4f500000,0x0000002d4f600000)]
  0x0000013f602abcf0 JavaThread "Unconstrained build operations Thread 29" [_thread_blocked, id=5484, stack(0x0000002d4f600000,0x0000002d4f700000)]
  0x0000013f602ab2d0 JavaThread "Unconstrained build operations Thread 30" [_thread_blocked, id=9044, stack(0x0000002d4f700000,0x0000002d4f800000)]
  0x0000013f602ac200 JavaThread "Unconstrained build operations Thread 31" [_thread_blocked, id=9264, stack(0x0000002d4f800000,0x0000002d4f900000)]
  0x0000013f602af4a0 JavaThread "Unconstrained build operations Thread 32" [_thread_blocked, id=15256, stack(0x0000002d4f900000,0x0000002d4fa00000)]
  0x0000013f602aea80 JavaThread "Unconstrained build operations Thread 33" [_thread_blocked, id=10940, stack(0x0000002d4fa00000,0x0000002d4fb00000)]
  0x0000013f602ae570 JavaThread "Unconstrained build operations Thread 34" [_thread_blocked, id=15208, stack(0x0000002d4fb00000,0x0000002d4fc00000)]
  0x0000013f602b03d0 JavaThread "Unconstrained build operations Thread 35" [_thread_blocked, id=16132, stack(0x0000002d4fc00000,0x0000002d4fd00000)]
  0x0000013f5e00f2b0 JavaThread "Unconstrained build operations Thread 36" [_thread_blocked, id=16348, stack(0x0000002d4fd00000,0x0000002d4fe00000)]
  0x0000013f5e00f7c0 JavaThread "Unconstrained build operations Thread 37" [_thread_blocked, id=17268, stack(0x0000002d4fe00000,0x0000002d4ff00000)]
  0x0000013f5e00ca30 JavaThread "Unconstrained build operations Thread 38" [_thread_blocked, id=6532, stack(0x0000002d4ff00000,0x0000002d50000000)]
  0x0000013f5e011620 JavaThread "Unconstrained build operations Thread 39" [_thread_blocked, id=9016, stack(0x0000002d50000000,0x0000002d50100000)]
  0x0000013f5e00cf40 JavaThread "Memory manager" [_thread_blocked, id=11848, stack(0x0000002d4b300000,0x0000002d4b400000)]
  0x0000013f5e010c00 JavaThread "build event listener" [_thread_blocked, id=17176, stack(0x0000002d50100000,0x0000002d50200000)]
  0x0000013f5e0101e0 JavaThread "ForkJoinPool.commonPool-worker-2" daemon [_thread_blocked, id=8352, stack(0x0000002d50300000,0x0000002d50400000)]
  0x0000013f5e00de70 JavaThread "ForkJoinPool.commonPool-worker-9" daemon [_thread_blocked, id=13256, stack(0x0000002d50a00000,0x0000002d50b00000)]
  0x0000013f5e012a60 JavaThread "ForkJoinPool.commonPool-worker-10" daemon [_thread_blocked, id=15020, stack(0x0000002d50b00000,0x0000002d50c00000)]
  0x0000013f5e011b30 JavaThread "ForkJoinPool.commonPool-worker-11" daemon [_thread_blocked, id=7340, stack(0x0000002d50c00000,0x0000002d50d00000)]
  0x0000013f5e012040 JavaThread "Execution worker" [_thread_blocked, id=14652, stack(0x0000002d50e00000,0x0000002d50f00000)]
  0x0000013f5e012550 JavaThread "Execution worker Thread 2" [_thread_blocked, id=15024, stack(0x0000002d50f00000,0x0000002d51000000)]
  0x0000013f5e012f70 JavaThread "Execution worker Thread 3" [_thread_blocked, id=10760, stack(0x0000002d51000000,0x0000002d51100000)]
  0x0000013f5e00c010 JavaThread "Execution worker Thread 4" [_thread_blocked, id=12308, stack(0x0000002d51100000,0x0000002d51200000)]
  0x0000013f5f82b580 JavaThread "Execution worker Thread 5" [_thread_blocked, id=11732, stack(0x0000002d51200000,0x0000002d51300000)]
  0x0000013f5f82ba90 JavaThread "Execution worker Thread 6" [_thread_blocked, id=11700, stack(0x0000002d51300000,0x0000002d51400000)]
  0x0000013f5f82ab60 JavaThread "Execution worker Thread 7" [_thread_blocked, id=6140, stack(0x0000002d51400000,0x0000002d51500000)]
  0x0000013f5f8282e0 JavaThread "Execution worker Thread 8" [_thread_blocked, id=12968, stack(0x0000002d51500000,0x0000002d51600000)]
  0x0000013f5f8287f0 JavaThread "Execution worker Thread 9" [_thread_blocked, id=2900, stack(0x0000002d51600000,0x0000002d51700000)]
  0x0000013f5f828d00 JavaThread "Execution worker Thread 10" [_thread_blocked, id=9024, stack(0x0000002d51700000,0x0000002d51800000)]
  0x0000013f5f829c30 JavaThread "Execution worker Thread 11" [_thread_blocked, id=13392, stack(0x0000002d51800000,0x0000002d51900000)]
  0x0000013f5f829210 JavaThread "Cache worker for execution history cache (C:\Users\alfan\OneDrive\Desktop\RealEstateERP\node_modules\.pnpm\@react-native+gradle-plugin@0.74.87\node_modules\@react-native\gradle-plugin\.gradle\8.8\executionHistory)" [_thread_blocked, id=16152, stack(0x0000002d51900000,0x0000002d51a00000)]
  0x0000013f5f829720 JavaThread "Unconstrained build operations Thread 40" [_thread_blocked, id=8504, stack(0x0000002d51a00000,0x0000002d51b00000)]
  0x0000013f5f82a140 JavaThread "Unconstrained build operations Thread 41" [_thread_blocked, id=10248, stack(0x0000002d51b00000,0x0000002d51c00000)]
  0x0000013f5f82a650 JavaThread "Unconstrained build operations Thread 42" [_thread_blocked, id=9180, stack(0x0000002d51c00000,0x0000002d51d00000)]
  0x0000013f5f82b070 JavaThread "Unconstrained build operations Thread 43" [_thread_blocked, id=13188, stack(0x0000002d51d00000,0x0000002d51e00000)]
  0x0000013f5cc143f0 JavaThread "Unconstrained build operations Thread 44" [_thread_blocked, id=13060, stack(0x0000002d51e00000,0x0000002d51f00000)]
  0x0000013f5cc14e10 JavaThread "Unconstrained build operations Thread 45" [_thread_blocked, id=608, stack(0x0000002d51f00000,0x0000002d52000000)]
  0x0000013f5cc16c70 JavaThread "Unconstrained build operations Thread 46" [_thread_blocked, id=16004, stack(0x0000002d52000000,0x0000002d52100000)]
  0x0000013f5cc15830 JavaThread "Unconstrained build operations Thread 47" [_thread_blocked, id=12948, stack(0x0000002d52100000,0x0000002d52200000)]
  0x0000013f5cc14900 JavaThread "Unconstrained build operations Thread 48" [_thread_blocked, id=15664, stack(0x0000002d52200000,0x0000002d52300000)]
  0x0000013f5cc15320 JavaThread "Unconstrained build operations Thread 49" [_thread_blocked, id=15060, stack(0x0000002d52300000,0x0000002d52400000)]
  0x0000013f5cc16250 JavaThread "Unconstrained build operations Thread 50" [_thread_blocked, id=5264, stack(0x0000002d52400000,0x0000002d52500000)]
  0x0000013f5cc17180 JavaThread "Unconstrained build operations Thread 51" [_thread_blocked, id=13532, stack(0x0000002d52500000,0x0000002d52600000)]
  0x0000013f5cc139d0 JavaThread "Unconstrained build operations Thread 52" [_thread_blocked, id=7556, stack(0x0000002d52600000,0x0000002d52700000)]
  0x0000013f5cc15d40 JavaThread "Unconstrained build operations Thread 53" [_thread_blocked, id=10772, stack(0x0000002d4c600000,0x0000002d4c700000)]
  0x0000013f5cc16760 JavaThread "Unconstrained build operations Thread 54" [_thread_blocked, id=13016, stack(0x0000002d52700000,0x0000002d52800000)]
  0x0000013f5cc13ee0 JavaThread "Unconstrained build operations Thread 55" [_thread_blocked, id=15032, stack(0x0000002d52800000,0x0000002d52900000)]
  0x0000013f5e486f30 JavaThread "Unconstrained build operations Thread 56" [_thread_blocked, id=8556, stack(0x0000002d52900000,0x0000002d52a00000)]
  0x0000013f5e481920 JavaThread "Unconstrained build operations Thread 57" [_thread_blocked, id=11164, stack(0x0000002d52a00000,0x0000002d52b00000)]
  0x0000013f5e481e30 JavaThread "Unconstrained build operations Thread 58" [_thread_blocked, id=9328, stack(0x0000002d52b00000,0x0000002d52c00000)]
  0x0000013f5e483270 JavaThread "Unconstrained build operations Thread 59" [_thread_blocked, id=4524, stack(0x0000002d52d00000,0x0000002d52e00000)]
  0x0000013f5e482340 JavaThread "Unconstrained build operations Thread 60" [_thread_blocked, id=14728, stack(0x0000002d52e00000,0x0000002d52f00000)]
  0x0000013f5e482d60 JavaThread "jar transforms Thread 2" [_thread_blocked, id=4432, stack(0x0000002d52f00000,0x0000002d53000000)]
  0x0000013f5e483c90 JavaThread "jar transforms Thread 3" [_thread_blocked, id=15716, stack(0x0000002d53000000,0x0000002d53100000)]
  0x0000013f5e482850 JavaThread "jar transforms Thread 4" [_thread_blocked, id=12400, stack(0x0000002d53100000,0x0000002d53200000)]
  0x0000013f5e4846b0 JavaThread "jar transforms Thread 5" [_thread_blocked, id=1308, stack(0x0000002d53200000,0x0000002d53300000)]
  0x0000013f5e4850d0 JavaThread "jar transforms Thread 6" [_thread_blocked, id=16672, stack(0x0000002d53300000,0x0000002d53400000)]
  0x0000013f5e483780 JavaThread "jar transforms Thread 7" [_thread_blocked, id=16064, stack(0x0000002d53400000,0x0000002d53500000)]
  0x0000013f5e4841a0 JavaThread "jar transforms Thread 8" [_thread_blocked, id=11532, stack(0x0000002d53500000,0x0000002d53600000)]
  0x0000013f5e487440 JavaThread "Cache worker for Build Output Cleanup Cache (C:\Users\alfan\OneDrive\Desktop\RealEstateERP\apps\marketing-mobile\android\.gradle\buildOutputCleanup)" [_thread_blocked, id=10084, stack(0x0000002d53700000,0x0000002d53800000)]
  0x0000013f5e484bc0 JavaThread "jar transforms Thread 9" [_thread_blocked, id=11660, stack(0x0000002d53800000,0x0000002d53900000)]
  0x0000013f5e4855e0 JavaThread "Unconstrained build operations Thread 61" [_thread_blocked, id=5628, stack(0x0000002d53900000,0x0000002d53a00000)]
  0x0000013f5e486000 JavaThread "Unconstrained build operations Thread 62" [_thread_blocked, id=13056, stack(0x0000002d53a00000,0x0000002d53b00000)]
  0x0000013f5e486510 JavaThread "Unconstrained build operations Thread 63" [_thread_blocked, id=6840, stack(0x0000002d53b00000,0x0000002d53c00000)]
  0x0000013f5e480f00 JavaThread "Unconstrained build operations Thread 64" [_thread_blocked, id=7736, stack(0x0000002d53c00000,0x0000002d53d00000)]
  0x0000013f5e486a20 JavaThread "Unconstrained build operations Thread 65" [_thread_blocked, id=2328, stack(0x0000002d53d00000,0x0000002d53e00000)]
  0x0000013f5e487950 JavaThread "Unconstrained build operations Thread 66" [_thread_blocked, id=3240, stack(0x0000002d53e00000,0x0000002d53f00000)]
  0x0000013f5e4809f0 JavaThread "Unconstrained build operations Thread 67" [_thread_blocked, id=5320, stack(0x0000002d53f00000,0x0000002d54000000)]
  0x0000013f5e4804e0 JavaThread "Unconstrained build operations Thread 68" [_thread_blocked, id=10624, stack(0x0000002d54000000,0x0000002d54100000)]
  0x0000013f5e487e60 JavaThread "Unconstrained build operations Thread 69" [_thread_blocked, id=16744, stack(0x0000002d54100000,0x0000002d54200000)]
  0x0000013f5e481410 JavaThread "Unconstrained build operations Thread 70" [_thread_blocked, id=10372, stack(0x0000002d54200000,0x0000002d54300000)]
  0x0000013f5cc62fc0 JavaThread "Unconstrained build operations Thread 71" [_thread_blocked, id=9736, stack(0x0000002d54300000,0x0000002d54400000)]
  0x0000013f5cc64e20 JavaThread "Unconstrained build operations Thread 72" [_thread_blocked, id=9672, stack(0x0000002d54400000,0x0000002d54500000)]
  0x0000013f5cc634d0 JavaThread "Unconstrained build operations Thread 73" [_thread_blocked, id=16476, stack(0x0000002d54500000,0x0000002d54600000)]
  0x0000013f5cc65330 JavaThread "Unconstrained build operations Thread 74" [_thread_blocked, id=16600, stack(0x0000002d54600000,0x0000002d54700000)]
  0x0000013f5cc61b80 JavaThread "Unconstrained build operations Thread 75" [_thread_blocked, id=13576, stack(0x0000002d54700000,0x0000002d54800000)]
  0x0000013f5cc63ef0 JavaThread "Unconstrained build operations Thread 76" [_thread_blocked, id=12020, stack(0x0000002d54800000,0x0000002d54900000)]
  0x0000013f5cc64400 JavaThread "Unconstrained build operations Thread 77" [_thread_blocked, id=15624, stack(0x0000002d54900000,0x0000002d54a00000)]
  0x0000013f5cc66260 JavaThread "Unconstrained build operations Thread 78" [_thread_blocked, id=16308, stack(0x0000002d54a00000,0x0000002d54b00000)]
  0x0000013f5cc68ae0 JavaThread "Unconstrained build operations Thread 79" [_thread_blocked, id=9568, stack(0x0000002d54b00000,0x0000002d54c00000)]
  0x0000013f5cc61670 JavaThread "Unconstrained build operations Thread 80" [_thread_blocked, id=9040, stack(0x0000002d54c00000,0x0000002d54d00000)]
  0x0000013f5cc685d0 JavaThread "Unconstrained build operations Thread 81" [_thread_blocked, id=13548, stack(0x0000002d54d00000,0x0000002d54e00000)]
  0x0000013f5cc639e0 JavaThread "Unconstrained build operations Thread 82" [_thread_blocked, id=8928, stack(0x0000002d54e00000,0x0000002d54f00000)]
  0x0000013f5cc676a0 JavaThread "Unconstrained build operations Thread 83" [_thread_blocked, id=15580, stack(0x0000002d54f00000,0x0000002d55000000)]
  0x0000013f5cc65840 JavaThread "Unconstrained build operations Thread 84" [_thread_blocked, id=11484, stack(0x0000002d55000000,0x0000002d55100000)]
  0x0000013f5cc67bb0 JavaThread "Unconstrained build operations Thread 85" [_thread_blocked, id=10244, stack(0x0000002d55100000,0x0000002d55200000)]
  0x0000013f5cc62090 JavaThread "Unconstrained build operations Thread 86" [_thread_blocked, id=3524, stack(0x0000002d55200000,0x0000002d55300000)]
  0x0000013f5cc64910 JavaThread "Unconstrained build operations Thread 87" [_thread_blocked, id=628, stack(0x0000002d55300000,0x0000002d55400000)]
  0x0000013f5cc65d50 JavaThread "Unconstrained build operations Thread 88" [_thread_blocked, id=14696, stack(0x0000002d55400000,0x0000002d55500000)]
  0x0000013f5cc66770 JavaThread "Unconstrained build operations Thread 89" [_thread_blocked, id=17224, stack(0x0000002d55500000,0x0000002d55600000)]
  0x0000013f5cc625a0 JavaThread "Unconstrained build operations Thread 90" [_thread_blocked, id=12776, stack(0x0000002d55600000,0x0000002d55700000)]
  0x0000013f5cc66c80 JavaThread "Unconstrained build operations Thread 91" [_thread_blocked, id=1104, stack(0x0000002d55700000,0x0000002d55800000)]
  0x0000013f5cc67190 JavaThread "Unconstrained build operations Thread 92" [_thread_blocked, id=14772, stack(0x0000002d55800000,0x0000002d55900000)]
  0x0000013f5cc680c0 JavaThread "Unconstrained build operations Thread 93" [_thread_blocked, id=10380, stack(0x0000002d55900000,0x0000002d55a00000)]
  0x0000013f5cc68ff0 JavaThread "Unconstrained build operations Thread 94" [_thread_blocked, id=9280, stack(0x0000002d55a00000,0x0000002d55b00000)]
  0x0000013f5cc62ab0 JavaThread "Unconstrained build operations Thread 95" [_thread_blocked, id=4924, stack(0x0000002d55b00000,0x0000002d55c00000)]
  0x0000013f62149f80 JavaThread "Unconstrained build operations Thread 96" [_thread_blocked, id=3748, stack(0x0000002d55c00000,0x0000002d55d00000)]
  0x0000013f6214d730 JavaThread "Unconstrained build operations Thread 97" [_thread_blocked, id=12964, stack(0x0000002d55d00000,0x0000002d55e00000)]
  0x0000013f6214eb70 JavaThread "Unconstrained build operations Thread 98" [_thread_blocked, id=6504, stack(0x0000002d55e00000,0x0000002d55f00000)]
  0x0000013f6214b3c0 JavaThread "Unconstrained build operations Thread 99" [_thread_blocked, id=11668, stack(0x0000002d55f00000,0x0000002d56000000)]
  0x0000013f6214a490 JavaThread "Unconstrained build operations Thread 100" [_thread_blocked, id=6156, stack(0x0000002d56000000,0x0000002d56100000)]
  0x0000013f62149560 JavaThread "Unconstrained build operations Thread 101" [_thread_blocked, id=17364, stack(0x0000002d56100000,0x0000002d56200000)]
  0x0000013f6214aeb0 JavaThread "Unconstrained build operations Thread 102" [_thread_blocked, id=9644, stack(0x0000002d56200000,0x0000002d56300000)]
  0x0000013f62149a70 JavaThread "Unconstrained build operations Thread 103" [_thread_blocked, id=1880, stack(0x0000002d56300000,0x0000002d56400000)]
  0x0000013f6214f080 JavaThread "Unconstrained build operations Thread 104" [_thread_blocked, id=9156, stack(0x0000002d56400000,0x0000002d56500000)]
  0x0000013f6214bde0 JavaThread "Unconstrained build operations Thread 105" [_thread_in_Java, id=13144, stack(0x0000002d56500000,0x0000002d56600000)]
  0x0000013f6214cd10 JavaThread "Unconstrained build operations Thread 106" [_thread_in_Java, id=14024, stack(0x0000002d56600000,0x0000002d56700000)]
  0x0000013f6214faa0 JavaThread "Unconstrained build operations Thread 107" [_thread_blocked, id=13944, stack(0x0000002d56700000,0x0000002d56800000)]
  0x0000013f6214c2f0 JavaThread "Unconstrained build operations Thread 108" [_thread_blocked, id=4696, stack(0x0000002d56800000,0x0000002d56900000)]
  0x0000013f6214a9a0 JavaThread "Unconstrained build operations Thread 109" [_thread_in_native, id=11292, stack(0x0000002d56900000,0x0000002d56a00000)]
  0x0000013f6214c800 JavaThread "Unconstrained build operations Thread 110" [_thread_in_Java, id=13928, stack(0x0000002d56a00000,0x0000002d56b00000)]
  0x0000013f6214f590 JavaThread "Unconstrained build operations Thread 111" [_thread_blocked, id=14016, stack(0x0000002d56b00000,0x0000002d56c00000)]
  0x0000013f6214d220 JavaThread "Unconstrained build operations Thread 112" [_thread_in_native, id=15820, stack(0x0000002d56c00000,0x0000002d56d00000)]
  0x0000013f6214dc40 JavaThread "Unconstrained build operations Thread 113" [_thread_blocked, id=10764, stack(0x0000002d56d00000,0x0000002d56e00000)]
  0x0000013f6214ffb0 JavaThread "Unconstrained build operations Thread 114" [_thread_in_vm, id=6652, stack(0x0000002d56e00000,0x0000002d56f00000)]
  0x0000013f621504c0 JavaThread "Unconstrained build operations Thread 115" [_thread_in_native, id=12264, stack(0x0000002d56f00000,0x0000002d57000000)]
  0x0000013f621509d0 JavaThread "jar transforms Thread 10" [_thread_blocked, id=15588, stack(0x0000002d53600000,0x0000002d53700000)]
  0x0000013f6214e150 JavaThread "jar transforms Thread 11" [_thread_blocked, id=1444, stack(0x0000002d57000000,0x0000002d57100000)]
  0x0000013f6214e660 JavaThread "jar transforms Thread 12" [_thread_blocked, id=14268, stack(0x0000002d57100000,0x0000002d57200000)]
  0x0000013f5df17260 JavaThread "build event listener" [_thread_blocked, id=12028, stack(0x0000002d57300000,0x0000002d57400000)]
  0x0000013f61e273b0 JavaThread "Unconstrained build operations Thread 116" [_thread_in_Java, id=1284, stack(0x0000002d50400000,0x0000002d50500000)]
  0x0000013f61e227c0 JavaThread "Unconstrained build operations Thread 117" [_thread_in_native, id=8508, stack(0x0000002d50600000,0x0000002d50700000)]
  0x0000013f61e1ff40 JavaThread "Unconstrained build operations Thread 118" [_thread_blocked, id=516, stack(0x0000002d4d600000,0x0000002d4d700000)]
  0x0000013f61e21da0 JavaThread "Unconstrained build operations Thread 119" [_thread_blocked, id=14496, stack(0x0000002d50900000,0x0000002d50a00000)]
  0x0000013f61e26ea0 JavaThread "Unconstrained build operations Thread 120" [_thread_blocked, id=14460, stack(0x0000002d50d00000,0x0000002d50e00000)]
  0x0000013f6210aed0 JavaThread "C2 CompilerThread1" daemon [_thread_blocked, id=6728, stack(0x0000002d49d00000,0x0000002d49e00000)]
=>0x0000013f674e0a50 JavaThread "C2 CompilerThread2" daemon [_thread_in_native, id=8060, stack(0x0000002d4d700000,0x0000002d4d800000)]

Other Threads:
  0x0000013f3c802a80 VMThread "VM Thread" [stack: 0x0000002d4a600000,0x0000002d4a700000] [id=12672]
  0x0000013f3cb20fd0 WatcherThread [stack: 0x0000002d4b200000,0x0000002d4b300000] [id=9080]
  0x0000013f1e1b8850 GCTaskThread "GC Thread#0" [stack: 0x0000002d4a100000,0x0000002d4a200000] [id=8516]
  0x0000013f5d1c04d0 GCTaskThread "GC Thread#1" [stack: 0x0000002d4b500000,0x0000002d4b600000] [id=4752]
  0x0000013f5cf80e40 GCTaskThread "GC Thread#2" [stack: 0x0000002d4b600000,0x0000002d4b700000] [id=14924]
  0x0000013f5cf81100 GCTaskThread "GC Thread#3" [stack: 0x0000002d4b700000,0x0000002d4b800000] [id=10016]
  0x0000013f5cb217c0 GCTaskThread "GC Thread#4" [stack: 0x0000002d4b800000,0x0000002d4b900000] [id=14576]
  0x0000013f5cb21a80 GCTaskThread "GC Thread#5" [stack: 0x0000002d4b900000,0x0000002d4ba00000] [id=16424]
  0x0000013f606367d0 GCTaskThread "GC Thread#6" [stack: 0x0000002d4c700000,0x0000002d4c800000] [id=1728]
  0x0000013f606372d0 GCTaskThread "GC Thread#7" [stack: 0x0000002d4c800000,0x0000002d4c900000] [id=15092]
  0x0000013f60637590 GCTaskThread "GC Thread#8" [stack: 0x0000002d4c900000,0x0000002d4ca00000] [id=15056]
  0x0000013f60636a90 GCTaskThread "GC Thread#9" [stack: 0x0000002d4ca00000,0x0000002d4cb00000] [id=572]
  0x0000013f1e1c96b0 ConcurrentGCThread "G1 Main Marker" [stack: 0x0000002d4a200000,0x0000002d4a300000] [id=6208]
  0x0000013f1e1c9fd0 ConcurrentGCThread "G1 Conc#0" [stack: 0x0000002d4a300000,0x0000002d4a400000] [id=2344]
  0x0000013f60637850 ConcurrentGCThread "G1 Conc#1" [stack: 0x0000002d4ce00000,0x0000002d4cf00000] [id=8496]
  0x0000013f60636510 ConcurrentGCThread "G1 Conc#2" [stack: 0x0000002d4cf00000,0x0000002d4d000000] [id=16392]
  0x0000013f1e22eca0 ConcurrentGCThread "G1 Refine#0" [stack: 0x0000002d4a400000,0x0000002d4a500000] [id=12372]
  0x0000013f6049ca10 ConcurrentGCThread "G1 Refine#1" [stack: 0x0000002d4d400000,0x0000002d4d500000] [id=7852]
  0x0000013f629fbf70 ConcurrentGCThread "G1 Refine#2" [stack: 0x0000002d49e00000,0x0000002d49f00000] [id=12588]
  0x0000013f5e6bd940 ConcurrentGCThread "G1 Refine#3" [stack: 0x0000002d49f00000,0x0000002d4a000000] [id=13696]
  0x0000013f5f9e7750 ConcurrentGCThread "G1 Refine#4" [stack: 0x0000002d50800000,0x0000002d50900000] [id=14792]
  0x0000013f5d88b010 ConcurrentGCThread "G1 Refine#5" [stack: 0x0000002d52c00000,0x0000002d52d00000] [id=4580]
  0x0000013f609f6c70 ConcurrentGCThread "G1 Refine#6" [stack: 0x0000002d57200000,0x0000002d57300000] [id=6424]
  0x0000013f611eda60 ConcurrentGCThread "G1 Refine#7" [stack: 0x0000002d57400000,0x0000002d57500000] [id=2288]
  0x0000013f5f967da0 ConcurrentGCThread "G1 Refine#8" [stack: 0x0000002d57500000,0x0000002d57600000] [id=9424]
  0x0000013f3c6a0fb0 ConcurrentGCThread "G1 Service" [stack: 0x0000002d4a500000,0x0000002d4a600000] [id=3656]

Threads with active compile tasks:
C1 CompilerThread0   459175 24688       3       org.gradle.api.internal.artifacts.transform.TransformExecutionResultSerializer$$Lambda$2456/0x0000013f3f15ae88::call (12 bytes)
C2 CompilerThread2   459175 24616       4       org.gradle.internal.vfs.impl.DefaultFileSystemAccess::readSnapshotFromLocation (27 bytes)

VM state: not at safepoint (normal execution)

VM Mutex/Monitor currently owned by a thread: None

Heap address: 0x0000000080000000, size: 2048 MB, Compressed Oops mode: 32-bit

CDS archive(s) mapped at: [0x0000013f3d000000-0x0000013f3dbd0000-0x0000013f3dbd0000), size 12386304, SharedBaseAddress: 0x0000013f3d000000, ArchiveRelocationMode: 1.
Compressed class space mapped at: 0x0000013f3e000000-0x0000013f58000000, reserved size: 436207616
Narrow klass base: 0x0000013f3d000000, Narrow klass shift: 0, Narrow klass range: 0x100000000

GC Precious Log:
 CPUs: 12 total, 12 available
 Memory: 16247M
 Large Page Support: Disabled
 NUMA Support: Disabled
 Compressed Oops: Enabled (32-bit)
 Heap Region Size: 1M
 Heap Min Capacity: 8M
 Heap Initial Capacity: 254M
 Heap Max Capacity: 2G
 Pre-touch: Disabled
 Parallel Workers: 10
 Concurrent Workers: 3
 Concurrent Refinement Workers: 10
 Periodic GC: Disabled

Heap:
 garbage-first heap   total 573440K, used 376083K [0x0000000080000000, 0x0000000100000000)
  region size 1024K, 87 young (89088K), 12 survivors (12288K)
 Metaspace       used 127908K, committed 129728K, reserved 557056K
  class space    used 17361K, committed 18176K, reserved 425984K

Heap Regions: E=young(eden), S=young(survivor), O=old, HS=humongous(starts), HC=humongous(continues), CS=collection set, F=free, OA=open archive, CA=closed archive, TAMS=top-at-mark-start (previous, next)
|   0|0x0000000080000000, 0x0000000080100000, 0x0000000080100000|100%|HS|  |TAMS 0x0000000080100000, 0x0000000080000000| Complete 
|   1|0x0000000080100000, 0x0000000080200000, 0x0000000080200000|100%|HC|  |TAMS 0x0000000080200000, 0x0000000080100000| Complete 
|   2|0x0000000080200000, 0x0000000080300000, 0x0000000080300000|100%|HC|  |TAMS 0x0000000080300000, 0x0000000080200000| Complete 
|   3|0x0000000080300000, 0x0000000080400000, 0x0000000080400000|100%|HC|  |TAMS 0x0000000080400000, 0x0000000080300000| Complete 
|   4|0x0000000080400000, 0x0000000080500000, 0x0000000080500000|100%| O|  |TAMS 0x0000000080500000, 0x0000000080400000| Untracked 
|   5|0x0000000080500000, 0x0000000080600000, 0x0000000080600000|100%| O|  |TAMS 0x0000000080600000, 0x0000000080500000| Untracked 
|   6|0x0000000080600000, 0x0000000080700000, 0x0000000080700000|100%| O|  |TAMS 0x0000000080700000, 0x0000000080600000| Untracked 
|   7|0x0000000080700000, 0x0000000080800000, 0x0000000080800000|100%| O|  |TAMS 0x0000000080800000, 0x0000000080700000| Untracked 
|   8|0x0000000080800000, 0x0000000080900000, 0x0000000080900000|100%| O|  |TAMS 0x0000000080900000, 0x0000000080800000| Untracked 
|   9|0x0000000080900000, 0x0000000080a00000, 0x0000000080a00000|100%| O|  |TAMS 0x0000000080a00000, 0x0000000080900000| Untracked 
|  10|0x0000000080a00000, 0x0000000080b00000, 0x0000000080b00000|100%| O|  |TAMS 0x0000000080b00000, 0x0000000080a00000| Untracked 
|  11|0x0000000080b00000, 0x0000000080c00000, 0x0000000080c00000|100%|HS|  |TAMS 0x0000000080c00000, 0x0000000080b00000| Complete 
|  12|0x0000000080c00000, 0x0000000080d00000, 0x0000000080d00000|100%| O|  |TAMS 0x0000000080d00000, 0x0000000080c00000| Untracked 
|  13|0x0000000080d00000, 0x0000000080e00000, 0x0000000080e00000|100%| O|  |TAMS 0x0000000080e00000, 0x0000000080d00000| Untracked 
|  14|0x0000000080e00000, 0x0000000080f00000, 0x0000000080f00000|100%| O|  |TAMS 0x0000000080f00000, 0x0000000080e00000| Untracked 
|  15|0x0000000080f00000, 0x0000000081000000, 0x0000000081000000|100%| O|  |TAMS 0x0000000081000000, 0x0000000080f00000| Untracked 
|  16|0x0000000081000000, 0x0000000081100000, 0x0000000081100000|100%| O|  |TAMS 0x0000000081100000, 0x0000000081000000| Untracked 
|  17|0x0000000081100000, 0x0000000081200000, 0x0000000081200000|100%| O|  |TAMS 0x0000000081200000, 0x0000000081100000| Untracked 
|  18|0x0000000081200000, 0x0000000081300000, 0x0000000081300000|100%| O|  |TAMS 0x0000000081300000, 0x0000000081200000| Untracked 
|  19|0x0000000081300000, 0x0000000081400000, 0x0000000081400000|100%| O|  |TAMS 0x0000000081400000, 0x0000000081300000| Untracked 
|  20|0x0000000081400000, 0x0000000081500000, 0x0000000081500000|100%| O|  |TAMS 0x0000000081500000, 0x0000000081400000| Untracked 
|  21|0x0000000081500000, 0x0000000081600000, 0x0000000081600000|100%| O|  |TAMS 0x0000000081600000, 0x0000000081500000| Untracked 
|  22|0x0000000081600000, 0x0000000081700000, 0x0000000081700000|100%| O|  |TAMS 0x0000000081700000, 0x0000000081600000| Untracked 
|  23|0x0000000081700000, 0x0000000081800000, 0x0000000081800000|100%| O|  |TAMS 0x0000000081800000, 0x0000000081700000| Untracked 
|  24|0x0000000081800000, 0x0000000081900000, 0x0000000081900000|100%| O|  |TAMS 0x0000000081900000, 0x0000000081800000| Untracked 
|  25|0x0000000081900000, 0x0000000081a00000, 0x0000000081a00000|100%| O|  |TAMS 0x0000000081a00000, 0x0000000081900000| Untracked 
|  26|0x0000000081a00000, 0x0000000081b00000, 0x0000000081b00000|100%| O|  |TAMS 0x0000000081b00000, 0x0000000081a00000| Untracked 
|  27|0x0000000081b00000, 0x0000000081c00000, 0x0000000081c00000|100%| O|  |TAMS 0x0000000081c00000, 0x0000000081b00000| Untracked 
|  28|0x0000000081c00000, 0x0000000081d00000, 0x0000000081d00000|100%| O|  |TAMS 0x0000000081d00000, 0x0000000081c00000| Untracked 
|  29|0x0000000081d00000, 0x0000000081e00000, 0x0000000081e00000|100%| O|  |TAMS 0x0000000081e00000, 0x0000000081d00000| Untracked 
|  30|0x0000000081e00000, 0x0000000081f00000, 0x0000000081f00000|100%| O|  |TAMS 0x0000000081f00000, 0x0000000081e00000| Untracked 
|  31|0x0000000081f00000, 0x0000000082000000, 0x0000000082000000|100%| O|  |TAMS 0x0000000082000000, 0x0000000081f00000| Untracked 
|  32|0x0000000082000000, 0x0000000082100000, 0x0000000082100000|100%| O|  |TAMS 0x0000000082100000, 0x0000000082000000| Untracked 
|  33|0x0000000082100000, 0x0000000082200000, 0x0000000082200000|100%| O|  |TAMS 0x0000000082200000, 0x0000000082100000| Untracked 
|  34|0x0000000082200000, 0x0000000082300000, 0x0000000082300000|100%| O|  |TAMS 0x0000000082300000, 0x0000000082200000| Untracked 
|  35|0x0000000082300000, 0x0000000082400000, 0x0000000082400000|100%| O|  |TAMS 0x0000000082400000, 0x0000000082300000| Untracked 
|  36|0x0000000082400000, 0x0000000082500000, 0x0000000082500000|100%|HS|  |TAMS 0x0000000082500000, 0x0000000082400000| Complete 
|  37|0x0000000082500000, 0x0000000082600000, 0x0000000082600000|100%|HC|  |TAMS 0x0000000082600000, 0x0000000082500000| Complete 
|  38|0x0000000082600000, 0x0000000082700000, 0x0000000082700000|100%|HS|  |TAMS 0x0000000082700000, 0x0000000082600000| Complete 
|  39|0x0000000082700000, 0x0000000082800000, 0x0000000082800000|100%|HC|  |TAMS 0x0000000082800000, 0x0000000082700000| Complete 
|  40|0x0000000082800000, 0x0000000082900000, 0x0000000082900000|100%|HS|  |TAMS 0x0000000082900000, 0x0000000082800000| Complete 
|  41|0x0000000082900000, 0x0000000082a00000, 0x0000000082a00000|100%|HC|  |TAMS 0x0000000082a00000, 0x0000000082900000| Complete 
|  42|0x0000000082a00000, 0x0000000082b00000, 0x0000000082b00000|100%|HC|  |TAMS 0x0000000082b00000, 0x0000000082a00000| Complete 
|  43|0x0000000082b00000, 0x0000000082c00000, 0x0000000082c00000|100%|HC|  |TAMS 0x0000000082c00000, 0x0000000082b00000| Complete 
|  44|0x0000000082c00000, 0x0000000082d00000, 0x0000000082d00000|100%|HS|  |TAMS 0x0000000082d00000, 0x0000000082c00000| Complete 
|  45|0x0000000082d00000, 0x0000000082e00000, 0x0000000082e00000|100%|HC|  |TAMS 0x0000000082e00000, 0x0000000082d00000| Complete 
|  46|0x0000000082e00000, 0x0000000082f00000, 0x0000000082f00000|100%|HC|  |TAMS 0x0000000082f00000, 0x0000000082e00000| Complete 
|  47|0x0000000082f00000, 0x0000000083000000, 0x0000000083000000|100%|HC|  |TAMS 0x0000000083000000, 0x0000000082f00000| Complete 
|  48|0x0000000083000000, 0x0000000083100000, 0x0000000083100000|100%| O|  |TAMS 0x0000000083100000, 0x0000000083000000| Untracked 
|  49|0x0000000083100000, 0x0000000083200000, 0x0000000083200000|100%| O|  |TAMS 0x0000000083200000, 0x0000000083100000| Untracked 
|  50|0x0000000083200000, 0x0000000083300000, 0x0000000083300000|100%| O|  |TAMS 0x0000000083300000, 0x0000000083200000| Untracked 
|  51|0x0000000083300000, 0x0000000083400000, 0x0000000083400000|100%| O|  |TAMS 0x0000000083400000, 0x0000000083300000| Untracked 
|  52|0x0000000083400000, 0x0000000083500000, 0x0000000083500000|100%| O|  |TAMS 0x0000000083500000, 0x0000000083400000| Untracked 
|  53|0x0000000083500000, 0x0000000083600000, 0x0000000083600000|100%| O|  |TAMS 0x0000000083600000, 0x0000000083500000| Untracked 
|  54|0x0000000083600000, 0x0000000083700000, 0x0000000083700000|100%| O|  |TAMS 0x0000000083700000, 0x0000000083600000| Untracked 
|  55|0x0000000083700000, 0x0000000083800000, 0x0000000083800000|100%| O|  |TAMS 0x0000000083800000, 0x0000000083700000| Untracked 
|  56|0x0000000083800000, 0x0000000083900000, 0x0000000083900000|100%| O|  |TAMS 0x0000000083900000, 0x0000000083800000| Untracked 
|  57|0x0000000083900000, 0x0000000083a00000, 0x0000000083a00000|100%| O|  |TAMS 0x0000000083a00000, 0x0000000083900000| Untracked 
|  58|0x0000000083a00000, 0x0000000083b00000, 0x0000000083b00000|100%| O|  |TAMS 0x0000000083b00000, 0x0000000083a00000| Untracked 
|  59|0x0000000083b00000, 0x0000000083c00000, 0x0000000083c00000|100%| O|  |TAMS 0x0000000083c00000, 0x0000000083b00000| Untracked 
|  60|0x0000000083c00000, 0x0000000083d00000, 0x0000000083d00000|100%| O|  |TAMS 0x0000000083d00000, 0x0000000083c00000| Untracked 
|  61|0x0000000083d00000, 0x0000000083e00000, 0x0000000083e00000|100%| O|  |TAMS 0x0000000083e00000, 0x0000000083d00000| Untracked 
|  62|0x0000000083e00000, 0x0000000083f00000, 0x0000000083f00000|100%| O|  |TAMS 0x0000000083f00000, 0x0000000083e00000| Untracked 
|  63|0x0000000083f00000, 0x0000000084000000, 0x0000000084000000|100%| O|  |TAMS 0x0000000084000000, 0x0000000083f00000| Untracked 
|  64|0x0000000084000000, 0x0000000084100000, 0x0000000084100000|100%| O|  |TAMS 0x0000000084100000, 0x0000000084000000| Untracked 
|  65|0x0000000084100000, 0x0000000084200000, 0x0000000084200000|100%| O|  |TAMS 0x0000000084200000, 0x0000000084100000| Untracked 
|  66|0x0000000084200000, 0x0000000084300000, 0x0000000084300000|100%| O|  |TAMS 0x0000000084300000, 0x0000000084200000| Untracked 
|  67|0x0000000084300000, 0x0000000084400000, 0x0000000084400000|100%| O|  |TAMS 0x0000000084400000, 0x0000000084300000| Untracked 
|  68|0x0000000084400000, 0x0000000084500000, 0x0000000084500000|100%| O|  |TAMS 0x0000000084500000, 0x0000000084400000| Untracked 
|  69|0x0000000084500000, 0x0000000084600000, 0x0000000084600000|100%| O|  |TAMS 0x0000000084600000, 0x0000000084500000| Untracked 
|  70|0x0000000084600000, 0x0000000084700000, 0x0000000084700000|100%| O|  |TAMS 0x0000000084700000, 0x0000000084600000| Untracked 
|  71|0x0000000084700000, 0x0000000084800000, 0x0000000084800000|100%| O|  |TAMS 0x0000000084800000, 0x0000000084700000| Untracked 
|  72|0x0000000084800000, 0x0000000084900000, 0x0000000084900000|100%| O|  |TAMS 0x0000000084900000, 0x0000000084800000| Untracked 
|  73|0x0000000084900000, 0x0000000084a00000, 0x0000000084a00000|100%| O|  |TAMS 0x0000000084a00000, 0x0000000084900000| Untracked 
|  74|0x0000000084a00000, 0x0000000084b00000, 0x0000000084b00000|100%|HS|  |TAMS 0x0000000084b00000, 0x0000000084a00000| Complete 
|  75|0x0000000084b00000, 0x0000000084c00000, 0x0000000084c00000|100%|HS|  |TAMS 0x0000000084c00000, 0x0000000084b00000| Complete 
|  76|0x0000000084c00000, 0x0000000084d00000, 0x0000000084d00000|100%|HS|  |TAMS 0x0000000084d00000, 0x0000000084c00000| Complete 
|  77|0x0000000084d00000, 0x0000000084e00000, 0x0000000084e00000|100%| O|  |TAMS 0x0000000084e00000, 0x0000000084d00000| Untracked 
|  78|0x0000000084e00000, 0x0000000084f00000, 0x0000000084f00000|100%| O|  |TAMS 0x0000000084f00000, 0x0000000084e00000| Untracked 
|  79|0x0000000084f00000, 0x0000000085000000, 0x0000000085000000|100%| O|  |TAMS 0x0000000085000000, 0x0000000084f00000| Untracked 
|  80|0x0000000085000000, 0x0000000085100000, 0x0000000085100000|100%| O|  |TAMS 0x0000000085100000, 0x0000000085000000| Untracked 
|  81|0x0000000085100000, 0x0000000085200000, 0x0000000085200000|100%|HS|  |TAMS 0x0000000085200000, 0x0000000085100000| Complete 
|  82|0x0000000085200000, 0x0000000085300000, 0x0000000085300000|100%| O|  |TAMS 0x0000000085300000, 0x0000000085200000| Untracked 
|  83|0x0000000085300000, 0x0000000085400000, 0x0000000085400000|100%| O|  |TAMS 0x0000000085300000, 0x0000000085300000| Untracked 
|  84|0x0000000085400000, 0x0000000085500000, 0x0000000085500000|100%| O|  |TAMS 0x0000000085500000, 0x0000000085400000| Untracked 
|  85|0x0000000085500000, 0x0000000085600000, 0x0000000085600000|100%| O|  |TAMS 0x0000000085600000, 0x0000000085500000| Untracked 
|  86|0x0000000085600000, 0x0000000085700000, 0x0000000085700000|100%|HS|  |TAMS 0x0000000085700000, 0x0000000085600000| Complete 
|  87|0x0000000085700000, 0x0000000085800000, 0x0000000085800000|100%| O|  |TAMS 0x0000000085800000, 0x0000000085700000| Untracked 
|  88|0x0000000085800000, 0x0000000085900000, 0x0000000085900000|100%| O|  |TAMS 0x0000000085800000, 0x0000000085800000| Untracked 
|  89|0x0000000085900000, 0x0000000085a00000, 0x0000000085a00000|100%| O|  |TAMS 0x0000000085a00000, 0x0000000085900000| Untracked 
|  90|0x0000000085a00000, 0x0000000085b00000, 0x0000000085b00000|100%| O|  |TAMS 0x0000000085a00000, 0x0000000085a00000| Untracked 
|  91|0x0000000085b00000, 0x0000000085c00000, 0x0000000085c00000|100%| O|  |TAMS 0x0000000085b00000, 0x0000000085b00000| Untracked 
|  92|0x0000000085c00000, 0x0000000085d00000, 0x0000000085d00000|100%| O|  |TAMS 0x0000000085d00000, 0x0000000085c00000| Untracked 
|  93|0x0000000085d00000, 0x0000000085e00000, 0x0000000085e00000|100%| O|  |TAMS 0x0000000085d00000, 0x0000000085d00000| Untracked 
|  94|0x0000000085e00000, 0x0000000085f00000, 0x0000000085f00000|100%| O|  |TAMS 0x0000000085f00000, 0x0000000085e00000| Untracked 
|  95|0x0000000085f00000, 0x0000000086000000, 0x0000000086000000|100%| O|  |TAMS 0x0000000085f00000, 0x0000000085f00000| Untracked 
|  96|0x0000000086000000, 0x0000000086100000, 0x0000000086100000|100%| O|  |TAMS 0x0000000086100000, 0x0000000086000000| Untracked 
|  97|0x0000000086100000, 0x0000000086200000, 0x0000000086200000|100%| O|  |TAMS 0x0000000086200000, 0x0000000086100000| Untracked 
|  98|0x0000000086200000, 0x0000000086300000, 0x0000000086300000|100%| O|  |TAMS 0x0000000086300000, 0x0000000086200000| Untracked 
|  99|0x0000000086300000, 0x0000000086400000, 0x0000000086400000|100%| O|  |TAMS 0x000000008635c200, 0x0000000086300000| Untracked 
| 100|0x0000000086400000, 0x0000000086500000, 0x0000000086500000|100%| O|  |TAMS 0x0000000086400000, 0x0000000086400000| Untracked 
| 101|0x0000000086500000, 0x0000000086600000, 0x0000000086600000|100%| O|  |TAMS 0x0000000086500000, 0x0000000086500000| Untracked 
| 102|0x0000000086600000, 0x0000000086700000, 0x0000000086700000|100%| O|  |TAMS 0x0000000086600000, 0x0000000086600000| Untracked 
| 103|0x0000000086700000, 0x0000000086800000, 0x0000000086800000|100%| O|  |TAMS 0x0000000086700000, 0x0000000086700000| Untracked 
| 104|0x0000000086800000, 0x0000000086900000, 0x0000000086900000|100%| O|  |TAMS 0x0000000086800000, 0x0000000086800000| Untracked 
| 105|0x0000000086900000, 0x0000000086a00000, 0x0000000086a00000|100%| O|  |TAMS 0x0000000086900000, 0x0000000086900000| Untracked 
| 106|0x0000000086a00000, 0x0000000086b00000, 0x0000000086b00000|100%| O|  |TAMS 0x0000000086a00000, 0x0000000086a00000| Untracked 
| 107|0x0000000086b00000, 0x0000000086c00000, 0x0000000086c00000|100%| O|  |TAMS 0x0000000086b00000, 0x0000000086b00000| Untracked 
| 108|0x0000000086c00000, 0x0000000086d00000, 0x0000000086d00000|100%| O|  |TAMS 0x0000000086c00000, 0x0000000086c00000| Untracked 
| 109|0x0000000086d00000, 0x0000000086e00000, 0x0000000086e00000|100%| O|  |TAMS 0x0000000086d00000, 0x0000000086d00000| Untracked 
| 110|0x0000000086e00000, 0x0000000086f00000, 0x0000000086f00000|100%| O|  |TAMS 0x0000000086e00000, 0x0000000086e00000| Untracked 
| 111|0x0000000086f00000, 0x0000000087000000, 0x0000000087000000|100%| O|  |TAMS 0x0000000086f00000, 0x0000000086f00000| Untracked 
| 112|0x0000000087000000, 0x0000000087100000, 0x0000000087100000|100%| O|  |TAMS 0x0000000087000000, 0x0000000087000000| Untracked 
| 113|0x0000000087100000, 0x0000000087200000, 0x0000000087200000|100%| O|  |TAMS 0x0000000087100000, 0x0000000087100000| Untracked 
| 114|0x0000000087200000, 0x0000000087300000, 0x0000000087300000|100%| O|  |TAMS 0x0000000087200000, 0x0000000087200000| Untracked 
| 115|0x0000000087300000, 0x0000000087400000, 0x0000000087400000|100%| O|  |TAMS 0x0000000087300000, 0x0000000087300000| Untracked 
| 116|0x0000000087400000, 0x0000000087500000, 0x0000000087500000|100%| O|  |TAMS 0x0000000087400000, 0x0000000087400000| Untracked 
| 117|0x0000000087500000, 0x0000000087600000, 0x0000000087600000|100%| O|  |TAMS 0x0000000087500000, 0x0000000087500000| Untracked 
| 118|0x0000000087600000, 0x0000000087700000, 0x0000000087700000|100%| O|  |TAMS 0x0000000087600000, 0x0000000087600000| Untracked 
| 119|0x0000000087700000, 0x0000000087800000, 0x0000000087800000|100%| O|  |TAMS 0x0000000087700000, 0x0000000087700000| Untracked 
| 120|0x0000000087800000, 0x0000000087900000, 0x0000000087900000|100%| O|  |TAMS 0x0000000087800000, 0x0000000087800000| Untracked 
| 121|0x0000000087900000, 0x0000000087a00000, 0x0000000087a00000|100%| O|  |TAMS 0x0000000087900000, 0x0000000087900000| Untracked 
| 122|0x0000000087a00000, 0x0000000087b00000, 0x0000000087b00000|100%| O|  |TAMS 0x0000000087a00000, 0x0000000087a00000| Untracked 
| 123|0x0000000087b00000, 0x0000000087c00000, 0x0000000087c00000|100%| O|  |TAMS 0x0000000087b00000, 0x0000000087b00000| Untracked 
| 124|0x0000000087c00000, 0x0000000087d00000, 0x0000000087d00000|100%| O|  |TAMS 0x0000000087c00000, 0x0000000087c00000| Untracked 
| 125|0x0000000087d00000, 0x0000000087e00000, 0x0000000087e00000|100%| O|  |TAMS 0x0000000087d00000, 0x0000000087d00000| Untracked 
| 126|0x0000000087e00000, 0x0000000087f00000, 0x0000000087f00000|100%| O|  |TAMS 0x0000000087e00000, 0x0000000087e00000| Untracked 
| 127|0x0000000087f00000, 0x0000000088000000, 0x0000000088000000|100%| O|  |TAMS 0x0000000087f00000, 0x0000000087f00000| Untracked 
| 128|0x0000000088000000, 0x0000000088100000, 0x0000000088100000|100%| O|  |TAMS 0x0000000088000000, 0x0000000088000000| Untracked 
| 129|0x0000000088100000, 0x0000000088200000, 0x0000000088200000|100%| O|  |TAMS 0x0000000088100000, 0x0000000088100000| Untracked 
| 130|0x0000000088200000, 0x0000000088300000, 0x0000000088300000|100%| O|  |TAMS 0x0000000088200000, 0x0000000088200000| Untracked 
| 131|0x0000000088300000, 0x0000000088400000, 0x0000000088400000|100%| O|  |TAMS 0x0000000088300000, 0x0000000088300000| Untracked 
| 132|0x0000000088400000, 0x0000000088500000, 0x0000000088500000|100%| O|  |TAMS 0x0000000088400000, 0x0000000088400000| Untracked 
| 133|0x0000000088500000, 0x0000000088600000, 0x0000000088600000|100%| O|  |TAMS 0x0000000088500000, 0x0000000088500000| Untracked 
| 134|0x0000000088600000, 0x0000000088700000, 0x0000000088700000|100%| O|  |TAMS 0x0000000088600000, 0x0000000088600000| Untracked 
| 135|0x0000000088700000, 0x0000000088800000, 0x0000000088800000|100%| O|  |TAMS 0x0000000088700000, 0x0000000088700000| Untracked 
| 136|0x0000000088800000, 0x0000000088900000, 0x0000000088900000|100%| O|  |TAMS 0x0000000088800000, 0x0000000088800000| Untracked 
| 137|0x0000000088900000, 0x0000000088a00000, 0x0000000088a00000|100%| O|  |TAMS 0x0000000088900000, 0x0000000088900000| Untracked 
| 138|0x0000000088a00000, 0x0000000088b00000, 0x0000000088b00000|100%| O|  |TAMS 0x0000000088a00000, 0x0000000088a00000| Untracked 
| 139|0x0000000088b00000, 0x0000000088c00000, 0x0000000088c00000|100%| O|  |TAMS 0x0000000088b00000, 0x0000000088b00000| Untracked 
| 140|0x0000000088c00000, 0x0000000088d00000, 0x0000000088d00000|100%| O|  |TAMS 0x0000000088c00000, 0x0000000088c00000| Untracked 
| 141|0x0000000088d00000, 0x0000000088e00000, 0x0000000088e00000|100%| O|  |TAMS 0x0000000088d00000, 0x0000000088d00000| Untracked 
| 142|0x0000000088e00000, 0x0000000088f00000, 0x0000000088f00000|100%| O|  |TAMS 0x0000000088e00000, 0x0000000088e00000| Untracked 
| 143|0x0000000088f00000, 0x0000000089000000, 0x0000000089000000|100%| O|  |TAMS 0x0000000088f00000, 0x0000000088f00000| Untracked 
| 144|0x0000000089000000, 0x0000000089100000, 0x0000000089100000|100%| O|  |TAMS 0x0000000089000000, 0x0000000089000000| Untracked 
| 145|0x0000000089100000, 0x0000000089200000, 0x0000000089200000|100%| O|  |TAMS 0x0000000089100000, 0x0000000089100000| Untracked 
| 146|0x0000000089200000, 0x0000000089300000, 0x0000000089300000|100%| O|  |TAMS 0x0000000089200000, 0x0000000089200000| Untracked 
| 147|0x0000000089300000, 0x0000000089400000, 0x0000000089400000|100%| O|  |TAMS 0x0000000089300000, 0x0000000089300000| Untracked 
| 148|0x0000000089400000, 0x0000000089500000, 0x0000000089500000|100%| O|  |TAMS 0x0000000089400000, 0x0000000089400000| Untracked 
| 149|0x0000000089500000, 0x0000000089600000, 0x0000000089600000|100%| O|  |TAMS 0x0000000089500000, 0x0000000089500000| Untracked 
| 150|0x0000000089600000, 0x0000000089700000, 0x0000000089700000|100%| O|  |TAMS 0x0000000089600000, 0x0000000089600000| Untracked 
| 151|0x0000000089700000, 0x0000000089800000, 0x0000000089800000|100%| O|  |TAMS 0x0000000089700000, 0x0000000089700000| Untracked 
| 152|0x0000000089800000, 0x0000000089900000, 0x0000000089900000|100%| O|  |TAMS 0x0000000089800000, 0x0000000089800000| Untracked 
| 153|0x0000000089900000, 0x0000000089a00000, 0x0000000089a00000|100%| O|  |TAMS 0x0000000089900000, 0x0000000089900000| Untracked 
| 154|0x0000000089a00000, 0x0000000089b00000, 0x0000000089b00000|100%| O|  |TAMS 0x0000000089a00000, 0x0000000089a00000| Untracked 
| 155|0x0000000089b00000, 0x0000000089c00000, 0x0000000089c00000|100%| O|  |TAMS 0x0000000089b00000, 0x0000000089b00000| Untracked 
| 156|0x0000000089c00000, 0x0000000089d00000, 0x0000000089d00000|100%| O|  |TAMS 0x0000000089c00000, 0x0000000089c00000| Untracked 
| 157|0x0000000089d00000, 0x0000000089e00000, 0x0000000089e00000|100%| O|  |TAMS 0x0000000089d00000, 0x0000000089d00000| Untracked 
| 158|0x0000000089e00000, 0x0000000089f00000, 0x0000000089f00000|100%| O|  |TAMS 0x0000000089e00000, 0x0000000089e00000| Untracked 
| 159|0x0000000089f00000, 0x000000008a000000, 0x000000008a000000|100%| O|  |TAMS 0x0000000089f00000, 0x0000000089f00000| Untracked 
| 160|0x000000008a000000, 0x000000008a100000, 0x000000008a100000|100%| O|  |TAMS 0x000000008a000000, 0x000000008a000000| Untracked 
| 161|0x000000008a100000, 0x000000008a200000, 0x000000008a200000|100%| O|  |TAMS 0x000000008a100000, 0x000000008a100000| Untracked 
| 162|0x000000008a200000, 0x000000008a300000, 0x000000008a300000|100%| O|  |TAMS 0x000000008a200000, 0x000000008a200000| Untracked 
| 163|0x000000008a300000, 0x000000008a400000, 0x000000008a400000|100%| O|  |TAMS 0x000000008a300000, 0x000000008a300000| Untracked 
| 164|0x000000008a400000, 0x000000008a500000, 0x000000008a500000|100%| O|  |TAMS 0x000000008a400000, 0x000000008a400000| Untracked 
| 165|0x000000008a500000, 0x000000008a600000, 0x000000008a600000|100%| O|  |TAMS 0x000000008a500000, 0x000000008a500000| Untracked 
| 166|0x000000008a600000, 0x000000008a700000, 0x000000008a700000|100%| O|  |TAMS 0x000000008a600000, 0x000000008a600000| Untracked 
| 167|0x000000008a700000, 0x000000008a800000, 0x000000008a800000|100%| O|  |TAMS 0x000000008a700000, 0x000000008a700000| Untracked 
| 168|0x000000008a800000, 0x000000008a900000, 0x000000008a900000|100%| O|  |TAMS 0x000000008a800000, 0x000000008a800000| Untracked 
| 169|0x000000008a900000, 0x000000008aa00000, 0x000000008aa00000|100%| O|  |TAMS 0x000000008a900000, 0x000000008a900000| Untracked 
| 170|0x000000008aa00000, 0x000000008ab00000, 0x000000008ab00000|100%| O|  |TAMS 0x000000008aa00000, 0x000000008aa00000| Untracked 
| 171|0x000000008ab00000, 0x000000008ac00000, 0x000000008ac00000|100%| O|  |TAMS 0x000000008ab00000, 0x000000008ab00000| Untracked 
| 172|0x000000008ac00000, 0x000000008ad00000, 0x000000008ad00000|100%| O|  |TAMS 0x000000008ac00000, 0x000000008ac00000| Untracked 
| 173|0x000000008ad00000, 0x000000008ae00000, 0x000000008ae00000|100%| O|  |TAMS 0x000000008ad00000, 0x000000008ad00000| Untracked 
| 174|0x000000008ae00000, 0x000000008af00000, 0x000000008af00000|100%| O|  |TAMS 0x000000008ae00000, 0x000000008ae00000| Untracked 
| 175|0x000000008af00000, 0x000000008b000000, 0x000000008b000000|100%| O|  |TAMS 0x000000008af00000, 0x000000008af00000| Untracked 
| 176|0x000000008b000000, 0x000000008b100000, 0x000000008b100000|100%| O|  |TAMS 0x000000008b000000, 0x000000008b000000| Untracked 
| 177|0x000000008b100000, 0x000000008b200000, 0x000000008b200000|100%| O|  |TAMS 0x000000008b100000, 0x000000008b100000| Untracked 
| 178|0x000000008b200000, 0x000000008b300000, 0x000000008b300000|100%| O|  |TAMS 0x000000008b200000, 0x000000008b200000| Untracked 
| 179|0x000000008b300000, 0x000000008b400000, 0x000000008b400000|100%| O|  |TAMS 0x000000008b300000, 0x000000008b300000| Untracked 
| 180|0x000000008b400000, 0x000000008b500000, 0x000000008b500000|100%| O|  |TAMS 0x000000008b400000, 0x000000008b400000| Untracked 
| 181|0x000000008b500000, 0x000000008b600000, 0x000000008b600000|100%| O|  |TAMS 0x000000008b500000, 0x000000008b500000| Untracked 
| 182|0x000000008b600000, 0x000000008b700000, 0x000000008b700000|100%| O|  |TAMS 0x000000008b600000, 0x000000008b600000| Untracked 
| 183|0x000000008b700000, 0x000000008b800000, 0x000000008b800000|100%| O|  |TAMS 0x000000008b700000, 0x000000008b700000| Untracked 
| 184|0x000000008b800000, 0x000000008b900000, 0x000000008b900000|100%| O|  |TAMS 0x000000008b800000, 0x000000008b800000| Untracked 
| 185|0x000000008b900000, 0x000000008ba00000, 0x000000008ba00000|100%| O|  |TAMS 0x000000008b900000, 0x000000008b900000| Untracked 
| 186|0x000000008ba00000, 0x000000008bb00000, 0x000000008bb00000|100%| O|  |TAMS 0x000000008ba00000, 0x000000008ba00000| Untracked 
| 187|0x000000008bb00000, 0x000000008bc00000, 0x000000008bc00000|100%| O|  |TAMS 0x000000008bb00000, 0x000000008bb00000| Untracked 
| 188|0x000000008bc00000, 0x000000008bd00000, 0x000000008bd00000|100%| O|  |TAMS 0x000000008bc00000, 0x000000008bc00000| Untracked 
| 189|0x000000008bd00000, 0x000000008be00000, 0x000000008be00000|100%| O|  |TAMS 0x000000008bd00000, 0x000000008bd00000| Untracked 
| 190|0x000000008be00000, 0x000000008bf00000, 0x000000008bf00000|100%| O|  |TAMS 0x000000008be00000, 0x000000008be00000| Untracked 
| 191|0x000000008bf00000, 0x000000008c000000, 0x000000008c000000|100%| O|  |TAMS 0x000000008bf00000, 0x000000008bf00000| Untracked 
| 192|0x000000008c000000, 0x000000008c100000, 0x000000008c100000|100%| O|  |TAMS 0x000000008c000000, 0x000000008c000000| Untracked 
| 193|0x000000008c100000, 0x000000008c200000, 0x000000008c200000|100%| O|  |TAMS 0x000000008c100000, 0x000000008c100000| Untracked 
| 194|0x000000008c200000, 0x000000008c300000, 0x000000008c300000|100%| O|  |TAMS 0x000000008c200000, 0x000000008c200000| Untracked 
| 195|0x000000008c300000, 0x000000008c400000, 0x000000008c400000|100%| O|  |TAMS 0x000000008c300000, 0x000000008c300000| Untracked 
| 196|0x000000008c400000, 0x000000008c500000, 0x000000008c500000|100%| O|  |TAMS 0x000000008c400000, 0x000000008c400000| Untracked 
| 197|0x000000008c500000, 0x000000008c600000, 0x000000008c600000|100%| O|  |TAMS 0x000000008c500000, 0x000000008c500000| Untracked 
| 198|0x000000008c600000, 0x000000008c700000, 0x000000008c700000|100%| O|  |TAMS 0x000000008c600000, 0x000000008c600000| Untracked 
| 199|0x000000008c700000, 0x000000008c800000, 0x000000008c800000|100%| O|  |TAMS 0x000000008c700000, 0x000000008c700000| Untracked 
| 200|0x000000008c800000, 0x000000008c900000, 0x000000008c900000|100%| O|  |TAMS 0x000000008c800000, 0x000000008c800000| Untracked 
| 201|0x000000008c900000, 0x000000008ca00000, 0x000000008ca00000|100%| O|  |TAMS 0x000000008c900000, 0x000000008c900000| Untracked 
| 202|0x000000008ca00000, 0x000000008cb00000, 0x000000008cb00000|100%| O|  |TAMS 0x000000008ca00000, 0x000000008ca00000| Untracked 
| 203|0x000000008cb00000, 0x000000008cc00000, 0x000000008cc00000|100%| O|  |TAMS 0x000000008cb00000, 0x000000008cb00000| Untracked 
| 204|0x000000008cc00000, 0x000000008cd00000, 0x000000008cd00000|100%| O|  |TAMS 0x000000008cc00000, 0x000000008cc00000| Untracked 
| 205|0x000000008cd00000, 0x000000008ce00000, 0x000000008ce00000|100%|HS|  |TAMS 0x000000008cd00000, 0x000000008cd00000| Complete 
| 206|0x000000008ce00000, 0x000000008cf00000, 0x000000008cf00000|100%|HS|  |TAMS 0x000000008ce00000, 0x000000008ce00000| Complete 
| 207|0x000000008cf00000, 0x000000008d000000, 0x000000008d000000|100%|HS|  |TAMS 0x000000008cf00000, 0x000000008cf00000| Complete 
| 208|0x000000008d000000, 0x000000008d100000, 0x000000008d100000|100%|HS|  |TAMS 0x000000008d000000, 0x000000008d000000| Complete 
| 209|0x000000008d100000, 0x000000008d200000, 0x000000008d200000|100%| O|  |TAMS 0x000000008d100000, 0x000000008d100000| Untracked 
| 210|0x000000008d200000, 0x000000008d300000, 0x000000008d300000|100%| O|  |TAMS 0x000000008d200000, 0x000000008d200000| Untracked 
| 211|0x000000008d300000, 0x000000008d400000, 0x000000008d400000|100%| O|  |TAMS 0x000000008d300000, 0x000000008d300000| Untracked 
| 212|0x000000008d400000, 0x000000008d500000, 0x000000008d500000|100%| O|  |TAMS 0x000000008d400000, 0x000000008d400000| Untracked 
| 213|0x000000008d500000, 0x000000008d600000, 0x000000008d600000|100%| O|  |TAMS 0x000000008d500000, 0x000000008d500000| Untracked 
| 214|0x000000008d600000, 0x000000008d700000, 0x000000008d700000|100%| O|  |TAMS 0x000000008d600000, 0x000000008d600000| Untracked 
| 215|0x000000008d700000, 0x000000008d800000, 0x000000008d800000|100%| O|  |TAMS 0x000000008d700000, 0x000000008d700000| Untracked 
| 216|0x000000008d800000, 0x000000008d900000, 0x000000008d900000|100%| O|  |TAMS 0x000000008d800000, 0x000000008d800000| Untracked 
| 217|0x000000008d900000, 0x000000008da00000, 0x000000008da00000|100%| O|  |TAMS 0x000000008d900000, 0x000000008d900000| Untracked 
| 218|0x000000008da00000, 0x000000008db00000, 0x000000008db00000|100%| O|  |TAMS 0x000000008da00000, 0x000000008da00000| Untracked 
| 219|0x000000008db00000, 0x000000008dc00000, 0x000000008dc00000|100%| O|  |TAMS 0x000000008db00000, 0x000000008db00000| Untracked 
| 220|0x000000008dc00000, 0x000000008dd00000, 0x000000008dd00000|100%| O|  |TAMS 0x000000008dc00000, 0x000000008dc00000| Untracked 
| 221|0x000000008dd00000, 0x000000008de00000, 0x000000008de00000|100%| O|  |TAMS 0x000000008dd00000, 0x000000008dd00000| Untracked 
| 222|0x000000008de00000, 0x000000008df00000, 0x000000008df00000|100%| O|  |TAMS 0x000000008de00000, 0x000000008de00000| Untracked 
| 223|0x000000008df00000, 0x000000008e000000, 0x000000008e000000|100%| O|  |TAMS 0x000000008df00000, 0x000000008df00000| Untracked 
| 224|0x000000008e000000, 0x000000008e100000, 0x000000008e100000|100%| O|  |TAMS 0x000000008e000000, 0x000000008e000000| Untracked 
| 225|0x000000008e100000, 0x000000008e200000, 0x000000008e200000|100%| O|  |TAMS 0x000000008e100000, 0x000000008e100000| Untracked 
| 226|0x000000008e200000, 0x000000008e300000, 0x000000008e300000|100%| O|  |TAMS 0x000000008e200000, 0x000000008e200000| Untracked 
| 227|0x000000008e300000, 0x000000008e400000, 0x000000008e400000|100%| O|  |TAMS 0x000000008e300000, 0x000000008e300000| Untracked 
| 228|0x000000008e400000, 0x000000008e500000, 0x000000008e500000|100%| O|  |TAMS 0x000000008e400000, 0x000000008e400000| Untracked 
| 229|0x000000008e500000, 0x000000008e600000, 0x000000008e600000|100%| O|  |TAMS 0x000000008e500000, 0x000000008e500000| Untracked 
| 230|0x000000008e600000, 0x000000008e700000, 0x000000008e700000|100%| O|  |TAMS 0x000000008e600000, 0x000000008e600000| Untracked 
| 231|0x000000008e700000, 0x000000008e800000, 0x000000008e800000|100%| O|  |TAMS 0x000000008e700000, 0x000000008e700000| Untracked 
| 232|0x000000008e800000, 0x000000008e900000, 0x000000008e900000|100%| O|  |TAMS 0x000000008e800000, 0x000000008e800000| Untracked 
| 233|0x000000008e900000, 0x000000008ea00000, 0x000000008ea00000|100%| O|  |TAMS 0x000000008e900000, 0x000000008e900000| Untracked 
| 234|0x000000008ea00000, 0x000000008eb00000, 0x000000008eb00000|100%| O|  |TAMS 0x000000008ea00000, 0x000000008ea00000| Untracked 
| 235|0x000000008eb00000, 0x000000008ec00000, 0x000000008ec00000|100%| O|  |TAMS 0x000000008eb00000, 0x000000008eb00000| Untracked 
| 236|0x000000008ec00000, 0x000000008ed00000, 0x000000008ed00000|100%| O|  |TAMS 0x000000008ec00000, 0x000000008ec00000| Untracked 
| 237|0x000000008ed00000, 0x000000008ee00000, 0x000000008ee00000|100%| O|  |TAMS 0x000000008ed00000, 0x000000008ed00000| Untracked 
| 238|0x000000008ee00000, 0x000000008ef00000, 0x000000008ef00000|100%| O|  |TAMS 0x000000008ee00000, 0x000000008ee00000| Untracked 
| 239|0x000000008ef00000, 0x000000008f000000, 0x000000008f000000|100%| O|  |TAMS 0x000000008ef00000, 0x000000008ef00000| Untracked 
| 240|0x000000008f000000, 0x000000008f100000, 0x000000008f100000|100%| O|  |TAMS 0x000000008f000000, 0x000000008f000000| Untracked 
| 241|0x000000008f100000, 0x000000008f200000, 0x000000008f200000|100%| O|  |TAMS 0x000000008f100000, 0x000000008f100000| Untracked 
| 242|0x000000008f200000, 0x000000008f300000, 0x000000008f300000|100%|HS|  |TAMS 0x000000008f200000, 0x000000008f200000| Complete 
| 243|0x000000008f300000, 0x000000008f400000, 0x000000008f400000|100%|HS|  |TAMS 0x000000008f300000, 0x000000008f300000| Complete 
| 244|0x000000008f400000, 0x000000008f500000, 0x000000008f500000|100%| O|  |TAMS 0x000000008f400000, 0x000000008f400000| Untracked 
| 245|0x000000008f500000, 0x000000008f600000, 0x000000008f600000|100%| O|  |TAMS 0x000000008f500000, 0x000000008f500000| Untracked 
| 246|0x000000008f600000, 0x000000008f700000, 0x000000008f700000|100%| O|  |TAMS 0x000000008f600000, 0x000000008f600000| Untracked 
| 247|0x000000008f700000, 0x000000008f800000, 0x000000008f800000|100%| O|  |TAMS 0x000000008f700000, 0x000000008f700000| Untracked 
| 248|0x000000008f800000, 0x000000008f900000, 0x000000008f900000|100%| O|  |TAMS 0x000000008f800000, 0x000000008f800000| Untracked 
| 249|0x000000008f900000, 0x000000008fa00000, 0x000000008fa00000|100%| O|  |TAMS 0x000000008f900000, 0x000000008f900000| Untracked 
| 250|0x000000008fa00000, 0x000000008fb00000, 0x000000008fb00000|100%| O|  |TAMS 0x000000008fa00000, 0x000000008fa00000| Untracked 
| 251|0x000000008fb00000, 0x000000008fc00000, 0x000000008fc00000|100%| O|  |TAMS 0x000000008fb00000, 0x000000008fb00000| Untracked 
| 252|0x000000008fc00000, 0x000000008fd00000, 0x000000008fd00000|100%| O|  |TAMS 0x000000008fc00000, 0x000000008fc00000| Untracked 
| 253|0x000000008fd00000, 0x000000008fe00000, 0x000000008fe00000|100%| O|  |TAMS 0x000000008fd00000, 0x000000008fd00000| Untracked 
| 254|0x000000008fe00000, 0x000000008ff00000, 0x000000008ff00000|100%| O|  |TAMS 0x000000008fe00000, 0x000000008fe00000| Untracked 
| 255|0x000000008ff00000, 0x0000000090000000, 0x0000000090000000|100%| O|  |TAMS 0x000000008ff00000, 0x000000008ff00000| Untracked 
| 256|0x0000000090000000, 0x0000000090100000, 0x0000000090100000|100%| O|  |TAMS 0x0000000090000000, 0x0000000090000000| Untracked 
| 257|0x0000000090100000, 0x0000000090200000, 0x0000000090200000|100%|HS|  |TAMS 0x0000000090100000, 0x0000000090100000| Complete 
| 258|0x0000000090200000, 0x0000000090300000, 0x0000000090300000|100%|HS|  |TAMS 0x0000000090200000, 0x0000000090200000| Complete 
| 259|0x0000000090300000, 0x0000000090300000, 0x0000000090400000|  0%| F|  |TAMS 0x0000000090300000, 0x0000000090300000| Untracked 
| 260|0x0000000090400000, 0x0000000090500000, 0x0000000090500000|100%| O|  |TAMS 0x0000000090400000, 0x0000000090400000| Untracked 
| 261|0x0000000090500000, 0x0000000090600000, 0x0000000090600000|100%| O|  |TAMS 0x0000000090500000, 0x0000000090500000| Untracked 
| 262|0x0000000090600000, 0x0000000090700000, 0x0000000090700000|100%| O|  |TAMS 0x0000000090600000, 0x0000000090600000| Untracked 
| 263|0x0000000090700000, 0x0000000090800000, 0x0000000090800000|100%| O|  |TAMS 0x0000000090700000, 0x0000000090700000| Untracked 
| 264|0x0000000090800000, 0x0000000090900000, 0x0000000090900000|100%| O|  |TAMS 0x0000000090800000, 0x0000000090800000| Untracked 
| 265|0x0000000090900000, 0x0000000090a00000, 0x0000000090a00000|100%| O|  |TAMS 0x0000000090900000, 0x0000000090900000| Untracked 
| 266|0x0000000090a00000, 0x0000000090b00000, 0x0000000090b00000|100%| O|  |TAMS 0x0000000090a00000, 0x0000000090a00000| Untracked 
| 267|0x0000000090b00000, 0x0000000090c00000, 0x0000000090c00000|100%| O|  |TAMS 0x0000000090b00000, 0x0000000090b00000| Untracked 
| 268|0x0000000090c00000, 0x0000000090d00000, 0x0000000090d00000|100%|HS|  |TAMS 0x0000000090c00000, 0x0000000090c00000| Complete 
| 269|0x0000000090d00000, 0x0000000090e00000, 0x0000000090e00000|100%|HC|  |TAMS 0x0000000090d00000, 0x0000000090d00000| Complete 
| 270|0x0000000090e00000, 0x0000000090f00000, 0x0000000090f00000|100%|HS|  |TAMS 0x0000000090e00000, 0x0000000090e00000| Complete 
| 271|0x0000000090f00000, 0x0000000091000000, 0x0000000091000000|100%|HC|  |TAMS 0x0000000090f00000, 0x0000000090f00000| Complete 
| 272|0x0000000091000000, 0x0000000091100000, 0x0000000091100000|100%|HC|  |TAMS 0x0000000091000000, 0x0000000091000000| Complete 
| 273|0x0000000091100000, 0x0000000091200000, 0x0000000091200000|100%|HC|  |TAMS 0x0000000091100000, 0x0000000091100000| Complete 
| 274|0x0000000091200000, 0x0000000091300000, 0x0000000091300000|100%|HS|  |TAMS 0x0000000091200000, 0x0000000091200000| Complete 
| 275|0x0000000091300000, 0x0000000091400000, 0x0000000091400000|100%|HC|  |TAMS 0x0000000091300000, 0x0000000091300000| Complete 
| 276|0x0000000091400000, 0x0000000091500000, 0x0000000091500000|100%| O|  |TAMS 0x0000000091400000, 0x0000000091400000| Untracked 
| 277|0x0000000091500000, 0x0000000091600000, 0x0000000091600000|100%| O|  |TAMS 0x0000000091500000, 0x0000000091500000| Untracked 
| 278|0x0000000091600000, 0x0000000091700000, 0x0000000091700000|100%| O|  |TAMS 0x0000000091600000, 0x0000000091600000| Untracked 
| 279|0x0000000091700000, 0x0000000091800000, 0x0000000091800000|100%| O|  |TAMS 0x0000000091700000, 0x0000000091700000| Untracked 
| 280|0x0000000091800000, 0x0000000091900000, 0x0000000091900000|100%| O|  |TAMS 0x0000000091800000, 0x0000000091800000| Untracked 
| 281|0x0000000091900000, 0x0000000091a00000, 0x0000000091a00000|100%| O|  |TAMS 0x0000000091900000, 0x0000000091900000| Untracked 
| 282|0x0000000091a00000, 0x0000000091b00000, 0x0000000091b00000|100%| O|  |TAMS 0x0000000091a00000, 0x0000000091a00000| Untracked 
| 283|0x0000000091b00000, 0x0000000091b44c00, 0x0000000091c00000| 26%| O|  |TAMS 0x0000000091b00000, 0x0000000091b00000| Untracked 
| 284|0x0000000091c00000, 0x0000000091c00000, 0x0000000091d00000|  0%| F|  |TAMS 0x0000000091c00000, 0x0000000091c00000| Untracked 
| 285|0x0000000091d00000, 0x0000000091d00000, 0x0000000091e00000|  0%| F|  |TAMS 0x0000000091d00000, 0x0000000091d00000| Untracked 
| 286|0x0000000091e00000, 0x0000000091e00000, 0x0000000091f00000|  0%| F|  |TAMS 0x0000000091e00000, 0x0000000091e00000| Untracked 
| 287|0x0000000091f00000, 0x0000000091f00000, 0x0000000092000000|  0%| F|  |TAMS 0x0000000091f00000, 0x0000000091f00000| Untracked 
| 288|0x0000000092000000, 0x0000000092000000, 0x0000000092100000|  0%| F|  |TAMS 0x0000000092000000, 0x0000000092000000| Untracked 
| 289|0x0000000092100000, 0x0000000092100000, 0x0000000092200000|  0%| F|  |TAMS 0x0000000092100000, 0x0000000092100000| Untracked 
| 290|0x0000000092200000, 0x0000000092200000, 0x0000000092300000|  0%| F|  |TAMS 0x0000000092200000, 0x0000000092200000| Untracked 
| 291|0x0000000092300000, 0x0000000092300000, 0x0000000092400000|  0%| F|  |TAMS 0x0000000092300000, 0x0000000092300000| Untracked 
| 292|0x0000000092400000, 0x0000000092400000, 0x0000000092500000|  0%| F|  |TAMS 0x0000000092400000, 0x0000000092400000| Untracked 
| 293|0x0000000092500000, 0x0000000092500000, 0x0000000092600000|  0%| F|  |TAMS 0x0000000092500000, 0x0000000092500000| Untracked 
| 294|0x0000000092600000, 0x0000000092600000, 0x0000000092700000|  0%| F|  |TAMS 0x0000000092600000, 0x0000000092600000| Untracked 
| 295|0x0000000092700000, 0x0000000092700000, 0x0000000092800000|  0%| F|  |TAMS 0x0000000092700000, 0x0000000092700000| Untracked 
| 296|0x0000000092800000, 0x0000000092800000, 0x0000000092900000|  0%| F|  |TAMS 0x0000000092800000, 0x0000000092800000| Untracked 
| 297|0x0000000092900000, 0x0000000092900000, 0x0000000092a00000|  0%| F|  |TAMS 0x0000000092900000, 0x0000000092900000| Untracked 
| 298|0x0000000092a00000, 0x0000000092a00000, 0x0000000092b00000|  0%| F|  |TAMS 0x0000000092a00000, 0x0000000092a00000| Untracked 
| 299|0x0000000092b00000, 0x0000000092b00000, 0x0000000092c00000|  0%| F|  |TAMS 0x0000000092b00000, 0x0000000092b00000| Untracked 
| 300|0x0000000092c00000, 0x0000000092c00000, 0x0000000092d00000|  0%| F|  |TAMS 0x0000000092c00000, 0x0000000092c00000| Untracked 
| 301|0x0000000092d00000, 0x0000000092d00000, 0x0000000092e00000|  0%| F|  |TAMS 0x0000000092d00000, 0x0000000092d00000| Untracked 
| 302|0x0000000092e00000, 0x0000000092e00000, 0x0000000092f00000|  0%| F|  |TAMS 0x0000000092e00000, 0x0000000092e00000| Untracked 
| 303|0x0000000092f00000, 0x0000000092f00000, 0x0000000093000000|  0%| F|  |TAMS 0x0000000092f00000, 0x0000000092f00000| Untracked 
| 304|0x0000000093000000, 0x0000000093000000, 0x0000000093100000|  0%| F|  |TAMS 0x0000000093000000, 0x0000000093000000| Untracked 
| 305|0x0000000093100000, 0x0000000093100000, 0x0000000093200000|  0%| F|  |TAMS 0x0000000093100000, 0x0000000093100000| Untracked 
| 306|0x0000000093200000, 0x0000000093200000, 0x0000000093300000|  0%| F|  |TAMS 0x0000000093200000, 0x0000000093200000| Untracked 
| 307|0x0000000093300000, 0x0000000093300000, 0x0000000093400000|  0%| F|  |TAMS 0x0000000093300000, 0x0000000093300000| Untracked 
| 308|0x0000000093400000, 0x0000000093400000, 0x0000000093500000|  0%| F|  |TAMS 0x0000000093400000, 0x0000000093400000| Untracked 
| 309|0x0000000093500000, 0x0000000093500000, 0x0000000093600000|  0%| F|  |TAMS 0x0000000093500000, 0x0000000093500000| Untracked 
| 310|0x0000000093600000, 0x0000000093600000, 0x0000000093700000|  0%| F|  |TAMS 0x0000000093600000, 0x0000000093600000| Untracked 
| 311|0x0000000093700000, 0x0000000093700000, 0x0000000093800000|  0%| F|  |TAMS 0x0000000093700000, 0x0000000093700000| Untracked 
| 312|0x0000000093800000, 0x0000000093800000, 0x0000000093900000|  0%| F|  |TAMS 0x0000000093800000, 0x0000000093800000| Untracked 
| 313|0x0000000093900000, 0x0000000093900000, 0x0000000093a00000|  0%| F|  |TAMS 0x0000000093900000, 0x0000000093900000| Untracked 
| 314|0x0000000093a00000, 0x0000000093a00000, 0x0000000093b00000|  0%| F|  |TAMS 0x0000000093a00000, 0x0000000093a00000| Untracked 
| 315|0x0000000093b00000, 0x0000000093b00000, 0x0000000093c00000|  0%| F|  |TAMS 0x0000000093b00000, 0x0000000093b00000| Untracked 
| 316|0x0000000093c00000, 0x0000000093c00000, 0x0000000093d00000|  0%| F|  |TAMS 0x0000000093c00000, 0x0000000093c00000| Untracked 
| 317|0x0000000093d00000, 0x0000000093d00000, 0x0000000093e00000|  0%| F|  |TAMS 0x0000000093d00000, 0x0000000093d00000| Untracked 
| 318|0x0000000093e00000, 0x0000000093e00000, 0x0000000093f00000|  0%| F|  |TAMS 0x0000000093e00000, 0x0000000093e00000| Untracked 
| 319|0x0000000093f00000, 0x0000000093f00000, 0x0000000094000000|  0%| F|  |TAMS 0x0000000093f00000, 0x0000000093f00000| Untracked 
| 320|0x0000000094000000, 0x0000000094000000, 0x0000000094100000|  0%| F|  |TAMS 0x0000000094000000, 0x0000000094000000| Untracked 
| 321|0x0000000094100000, 0x0000000094100000, 0x0000000094200000|  0%| F|  |TAMS 0x0000000094100000, 0x0000000094100000| Untracked 
| 322|0x0000000094200000, 0x0000000094200000, 0x0000000094300000|  0%| F|  |TAMS 0x0000000094200000, 0x0000000094200000| Untracked 
| 323|0x0000000094300000, 0x0000000094300000, 0x0000000094400000|  0%| F|  |TAMS 0x0000000094300000, 0x0000000094300000| Untracked 
| 324|0x0000000094400000, 0x0000000094400000, 0x0000000094500000|  0%| F|  |TAMS 0x0000000094400000, 0x0000000094400000| Untracked 
| 325|0x0000000094500000, 0x0000000094500000, 0x0000000094600000|  0%| F|  |TAMS 0x0000000094500000, 0x0000000094500000| Untracked 
| 326|0x0000000094600000, 0x0000000094600000, 0x0000000094700000|  0%| F|  |TAMS 0x0000000094600000, 0x0000000094600000| Untracked 
| 327|0x0000000094700000, 0x0000000094700000, 0x0000000094800000|  0%| F|  |TAMS 0x0000000094700000, 0x0000000094700000| Untracked 
| 328|0x0000000094800000, 0x0000000094800000, 0x0000000094900000|  0%| F|  |TAMS 0x0000000094800000, 0x0000000094800000| Untracked 
| 329|0x0000000094900000, 0x0000000094900000, 0x0000000094a00000|  0%| F|  |TAMS 0x0000000094900000, 0x0000000094900000| Untracked 
| 330|0x0000000094a00000, 0x0000000094a00000, 0x0000000094b00000|  0%| F|  |TAMS 0x0000000094a00000, 0x0000000094a00000| Untracked 
| 331|0x0000000094b00000, 0x0000000094b00000, 0x0000000094c00000|  0%| F|  |TAMS 0x0000000094b00000, 0x0000000094b00000| Untracked 
| 332|0x0000000094c00000, 0x0000000094c00000, 0x0000000094d00000|  0%| F|  |TAMS 0x0000000094c00000, 0x0000000094c00000| Untracked 
| 333|0x0000000094d00000, 0x0000000094d00000, 0x0000000094e00000|  0%| F|  |TAMS 0x0000000094d00000, 0x0000000094d00000| Untracked 
| 334|0x0000000094e00000, 0x0000000094e00000, 0x0000000094f00000|  0%| F|  |TAMS 0x0000000094e00000, 0x0000000094e00000| Untracked 
| 335|0x0000000094f00000, 0x0000000094f00000, 0x0000000095000000|  0%| F|  |TAMS 0x0000000094f00000, 0x0000000094f00000| Untracked 
| 336|0x0000000095000000, 0x0000000095000000, 0x0000000095100000|  0%| F|  |TAMS 0x0000000095000000, 0x0000000095000000| Untracked 
| 337|0x0000000095100000, 0x0000000095100000, 0x0000000095200000|  0%| F|  |TAMS 0x0000000095100000, 0x0000000095100000| Untracked 
| 338|0x0000000095200000, 0x0000000095200000, 0x0000000095300000|  0%| F|  |TAMS 0x0000000095200000, 0x0000000095200000| Untracked 
| 339|0x0000000095300000, 0x0000000095300000, 0x0000000095400000|  0%| F|  |TAMS 0x0000000095300000, 0x0000000095300000| Untracked 
| 340|0x0000000095400000, 0x0000000095400000, 0x0000000095500000|  0%| F|  |TAMS 0x0000000095400000, 0x0000000095400000| Untracked 
| 341|0x0000000095500000, 0x0000000095500000, 0x0000000095600000|  0%| F|  |TAMS 0x0000000095500000, 0x0000000095500000| Untracked 
| 342|0x0000000095600000, 0x0000000095600000, 0x0000000095700000|  0%| F|  |TAMS 0x0000000095600000, 0x0000000095600000| Untracked 
| 343|0x0000000095700000, 0x0000000095700000, 0x0000000095800000|  0%| F|  |TAMS 0x0000000095700000, 0x0000000095700000| Untracked 
| 344|0x0000000095800000, 0x0000000095800000, 0x0000000095900000|  0%| F|  |TAMS 0x0000000095800000, 0x0000000095800000| Untracked 
| 345|0x0000000095900000, 0x0000000095900000, 0x0000000095a00000|  0%| F|  |TAMS 0x0000000095900000, 0x0000000095900000| Untracked 
| 346|0x0000000095a00000, 0x0000000095b00000, 0x0000000095b00000|100%| S|CS|TAMS 0x0000000095a00000, 0x0000000095a00000| Complete 
| 347|0x0000000095b00000, 0x0000000095c00000, 0x0000000095c00000|100%| S|CS|TAMS 0x0000000095b00000, 0x0000000095b00000| Complete 
| 348|0x0000000095c00000, 0x0000000095d00000, 0x0000000095d00000|100%| S|CS|TAMS 0x0000000095c00000, 0x0000000095c00000| Complete 
| 349|0x0000000095d00000, 0x0000000095d00000, 0x0000000095e00000|  0%| F|  |TAMS 0x0000000095d00000, 0x0000000095d00000| Untracked 
| 350|0x0000000095e00000, 0x0000000095e00000, 0x0000000095f00000|  0%| F|  |TAMS 0x0000000095e00000, 0x0000000095e00000| Untracked 
| 351|0x0000000095f00000, 0x0000000095f00000, 0x0000000096000000|  0%| F|  |TAMS 0x0000000095f00000, 0x0000000095f00000| Untracked 
| 352|0x0000000096000000, 0x0000000096000000, 0x0000000096100000|  0%| F|  |TAMS 0x0000000096000000, 0x0000000096000000| Untracked 
| 353|0x0000000096100000, 0x0000000096100000, 0x0000000096200000|  0%| F|  |TAMS 0x0000000096100000, 0x0000000096100000| Untracked 
| 354|0x0000000096200000, 0x0000000096200000, 0x0000000096300000|  0%| F|  |TAMS 0x0000000096200000, 0x0000000096200000| Untracked 
| 355|0x0000000096300000, 0x0000000096300000, 0x0000000096400000|  0%| F|  |TAMS 0x0000000096300000, 0x0000000096300000| Untracked 
| 356|0x0000000096400000, 0x0000000096400000, 0x0000000096500000|  0%| F|  |TAMS 0x0000000096400000, 0x0000000096400000| Untracked 
| 357|0x0000000096500000, 0x0000000096600000, 0x0000000096600000|100%| S|CS|TAMS 0x0000000096500000, 0x0000000096500000| Complete 
| 358|0x0000000096600000, 0x0000000096700000, 0x0000000096700000|100%| S|CS|TAMS 0x0000000096600000, 0x0000000096600000| Complete 
| 359|0x0000000096700000, 0x0000000096800000, 0x0000000096800000|100%| S|CS|TAMS 0x0000000096700000, 0x0000000096700000| Complete 
| 360|0x0000000096800000, 0x0000000096900000, 0x0000000096900000|100%| S|CS|TAMS 0x0000000096800000, 0x0000000096800000| Complete 
| 361|0x0000000096900000, 0x0000000096a00000, 0x0000000096a00000|100%| S|CS|TAMS 0x0000000096900000, 0x0000000096900000| Complete 
| 362|0x0000000096a00000, 0x0000000096b00000, 0x0000000096b00000|100%| S|CS|TAMS 0x0000000096a00000, 0x0000000096a00000| Complete 
| 363|0x0000000096b00000, 0x0000000096c00000, 0x0000000096c00000|100%| S|CS|TAMS 0x0000000096b00000, 0x0000000096b00000| Complete 
| 364|0x0000000096c00000, 0x0000000096d00000, 0x0000000096d00000|100%| S|CS|TAMS 0x0000000096c00000, 0x0000000096c00000| Complete 
| 365|0x0000000096d00000, 0x0000000096e00000, 0x0000000096e00000|100%| S|CS|TAMS 0x0000000096d00000, 0x0000000096d00000| Complete 
| 366|0x0000000096e00000, 0x0000000096e00000, 0x0000000096f00000|  0%| F|  |TAMS 0x0000000096e00000, 0x0000000096e00000| Untracked 
| 367|0x0000000096f00000, 0x0000000096f00000, 0x0000000097000000|  0%| F|  |TAMS 0x0000000096f00000, 0x0000000096f00000| Untracked 
| 368|0x0000000097000000, 0x0000000097000000, 0x0000000097100000|  0%| F|  |TAMS 0x0000000097000000, 0x0000000097000000| Untracked 
| 369|0x0000000097100000, 0x0000000097100000, 0x0000000097200000|  0%| F|  |TAMS 0x0000000097100000, 0x0000000097100000| Untracked 
| 370|0x0000000097200000, 0x0000000097200000, 0x0000000097300000|  0%| F|  |TAMS 0x0000000097200000, 0x0000000097200000| Untracked 
| 371|0x0000000097300000, 0x0000000097300000, 0x0000000097400000|  0%| F|  |TAMS 0x0000000097300000, 0x0000000097300000| Untracked 
| 372|0x0000000097400000, 0x0000000097400000, 0x0000000097500000|  0%| F|  |TAMS 0x0000000097400000, 0x0000000097400000| Untracked 
| 373|0x0000000097500000, 0x0000000097500000, 0x0000000097600000|  0%| F|  |TAMS 0x0000000097500000, 0x0000000097500000| Untracked 
| 374|0x0000000097600000, 0x0000000097600000, 0x0000000097700000|  0%| F|  |TAMS 0x0000000097600000, 0x0000000097600000| Untracked 
| 375|0x0000000097700000, 0x0000000097700000, 0x0000000097800000|  0%| F|  |TAMS 0x0000000097700000, 0x0000000097700000| Untracked 
| 376|0x0000000097800000, 0x0000000097800000, 0x0000000097900000|  0%| F|  |TAMS 0x0000000097800000, 0x0000000097800000| Untracked 
| 377|0x0000000097900000, 0x0000000097900000, 0x0000000097a00000|  0%| F|  |TAMS 0x0000000097900000, 0x0000000097900000| Untracked 
| 378|0x0000000097a00000, 0x0000000097a00000, 0x0000000097b00000|  0%| F|  |TAMS 0x0000000097a00000, 0x0000000097a00000| Untracked 
| 379|0x0000000097b00000, 0x0000000097b00000, 0x0000000097c00000|  0%| F|  |TAMS 0x0000000097b00000, 0x0000000097b00000| Untracked 
| 380|0x0000000097c00000, 0x0000000097c00000, 0x0000000097d00000|  0%| F|  |TAMS 0x0000000097c00000, 0x0000000097c00000| Untracked 
| 381|0x0000000097d00000, 0x0000000097d00000, 0x0000000097e00000|  0%| F|  |TAMS 0x0000000097d00000, 0x0000000097d00000| Untracked 
| 382|0x0000000097e00000, 0x0000000097e00000, 0x0000000097f00000|  0%| F|  |TAMS 0x0000000097e00000, 0x0000000097e00000| Untracked 
| 383|0x0000000097f00000, 0x0000000097f00000, 0x0000000098000000|  0%| F|  |TAMS 0x0000000097f00000, 0x0000000097f00000| Untracked 
| 384|0x0000000098000000, 0x0000000098000000, 0x0000000098100000|  0%| F|  |TAMS 0x0000000098000000, 0x0000000098000000| Untracked 
| 385|0x0000000098100000, 0x0000000098100000, 0x0000000098200000|  0%| F|  |TAMS 0x0000000098100000, 0x0000000098100000| Untracked 
| 386|0x0000000098200000, 0x0000000098200000, 0x0000000098300000|  0%| F|  |TAMS 0x0000000098200000, 0x0000000098200000| Untracked 
| 387|0x0000000098300000, 0x0000000098300000, 0x0000000098400000|  0%| F|  |TAMS 0x0000000098300000, 0x0000000098300000| Untracked 
| 388|0x0000000098400000, 0x0000000098400000, 0x0000000098500000|  0%| F|  |TAMS 0x0000000098400000, 0x0000000098400000| Untracked 
| 389|0x0000000098500000, 0x0000000098500000, 0x0000000098600000|  0%| F|  |TAMS 0x0000000098500000, 0x0000000098500000| Untracked 
| 390|0x0000000098600000, 0x0000000098600000, 0x0000000098700000|  0%| F|  |TAMS 0x0000000098600000, 0x0000000098600000| Untracked 
| 391|0x0000000098700000, 0x0000000098700000, 0x0000000098800000|  0%| F|  |TAMS 0x0000000098700000, 0x0000000098700000| Untracked 
| 392|0x0000000098800000, 0x0000000098800000, 0x0000000098900000|  0%| F|  |TAMS 0x0000000098800000, 0x0000000098800000| Untracked 
| 393|0x0000000098900000, 0x0000000098900000, 0x0000000098a00000|  0%| F|  |TAMS 0x0000000098900000, 0x0000000098900000| Untracked 
| 394|0x0000000098a00000, 0x0000000098a00000, 0x0000000098b00000|  0%| F|  |TAMS 0x0000000098a00000, 0x0000000098a00000| Untracked 
| 395|0x0000000098b00000, 0x0000000098b00000, 0x0000000098c00000|  0%| F|  |TAMS 0x0000000098b00000, 0x0000000098b00000| Untracked 
| 396|0x0000000098c00000, 0x0000000098c00000, 0x0000000098d00000|  0%| F|  |TAMS 0x0000000098c00000, 0x0000000098c00000| Untracked 
| 397|0x0000000098d00000, 0x0000000098d00000, 0x0000000098e00000|  0%| F|  |TAMS 0x0000000098d00000, 0x0000000098d00000| Untracked 
| 398|0x0000000098e00000, 0x0000000098e00000, 0x0000000098f00000|  0%| F|  |TAMS 0x0000000098e00000, 0x0000000098e00000| Untracked 
| 399|0x0000000098f00000, 0x0000000098f00000, 0x0000000099000000|  0%| F|  |TAMS 0x0000000098f00000, 0x0000000098f00000| Untracked 
| 400|0x0000000099000000, 0x0000000099000000, 0x0000000099100000|  0%| F|  |TAMS 0x0000000099000000, 0x0000000099000000| Untracked 
| 401|0x0000000099100000, 0x0000000099100000, 0x0000000099200000|  0%| F|  |TAMS 0x0000000099100000, 0x0000000099100000| Untracked 
| 402|0x0000000099200000, 0x0000000099200000, 0x0000000099300000|  0%| F|  |TAMS 0x0000000099200000, 0x0000000099200000| Untracked 
| 403|0x0000000099300000, 0x0000000099300000, 0x0000000099400000|  0%| F|  |TAMS 0x0000000099300000, 0x0000000099300000| Untracked 
| 404|0x0000000099400000, 0x0000000099400000, 0x0000000099500000|  0%| F|  |TAMS 0x0000000099400000, 0x0000000099400000| Untracked 
| 405|0x0000000099500000, 0x0000000099500000, 0x0000000099600000|  0%| F|  |TAMS 0x0000000099500000, 0x0000000099500000| Untracked 
| 406|0x0000000099600000, 0x0000000099600000, 0x0000000099700000|  0%| F|  |TAMS 0x0000000099600000, 0x0000000099600000| Untracked 
| 407|0x0000000099700000, 0x0000000099700000, 0x0000000099800000|  0%| F|  |TAMS 0x0000000099700000, 0x0000000099700000| Untracked 
| 408|0x0000000099800000, 0x0000000099800000, 0x0000000099900000|  0%| F|  |TAMS 0x0000000099800000, 0x0000000099800000| Untracked 
| 409|0x0000000099900000, 0x0000000099900000, 0x0000000099a00000|  0%| F|  |TAMS 0x0000000099900000, 0x0000000099900000| Untracked 
| 410|0x0000000099a00000, 0x0000000099a00000, 0x0000000099b00000|  0%| F|  |TAMS 0x0000000099a00000, 0x0000000099a00000| Untracked 
| 411|0x0000000099b00000, 0x0000000099b00000, 0x0000000099c00000|  0%| F|  |TAMS 0x0000000099b00000, 0x0000000099b00000| Untracked 
| 412|0x0000000099c00000, 0x0000000099c00000, 0x0000000099d00000|  0%| F|  |TAMS 0x0000000099c00000, 0x0000000099c00000| Untracked 
| 413|0x0000000099d00000, 0x0000000099d00000, 0x0000000099e00000|  0%| F|  |TAMS 0x0000000099d00000, 0x0000000099d00000| Untracked 
| 414|0x0000000099e00000, 0x0000000099e00000, 0x0000000099f00000|  0%| F|  |TAMS 0x0000000099e00000, 0x0000000099e00000| Untracked 
| 415|0x0000000099f00000, 0x0000000099f00000, 0x000000009a000000|  0%| F|  |TAMS 0x0000000099f00000, 0x0000000099f00000| Untracked 
| 416|0x000000009a000000, 0x000000009a000000, 0x000000009a100000|  0%| F|  |TAMS 0x000000009a000000, 0x000000009a000000| Untracked 
| 417|0x000000009a100000, 0x000000009a100000, 0x000000009a200000|  0%| F|  |TAMS 0x000000009a100000, 0x000000009a100000| Untracked 
| 418|0x000000009a200000, 0x000000009a200000, 0x000000009a300000|  0%| F|  |TAMS 0x000000009a200000, 0x000000009a200000| Untracked 
| 419|0x000000009a300000, 0x000000009a300000, 0x000000009a400000|  0%| F|  |TAMS 0x000000009a300000, 0x000000009a300000| Untracked 
| 420|0x000000009a400000, 0x000000009a400000, 0x000000009a500000|  0%| F|  |TAMS 0x000000009a400000, 0x000000009a400000| Untracked 
| 421|0x000000009a500000, 0x000000009a500000, 0x000000009a600000|  0%| F|  |TAMS 0x000000009a500000, 0x000000009a500000| Untracked 
| 422|0x000000009a600000, 0x000000009a600000, 0x000000009a700000|  0%| F|  |TAMS 0x000000009a600000, 0x000000009a600000| Untracked 
| 423|0x000000009a700000, 0x000000009a700000, 0x000000009a800000|  0%| F|  |TAMS 0x000000009a700000, 0x000000009a700000| Untracked 
| 424|0x000000009a800000, 0x000000009a800000, 0x000000009a900000|  0%| F|  |TAMS 0x000000009a800000, 0x000000009a800000| Untracked 
| 425|0x000000009a900000, 0x000000009a900000, 0x000000009aa00000|  0%| F|  |TAMS 0x000000009a900000, 0x000000009a900000| Untracked 
| 426|0x000000009aa00000, 0x000000009aa00000, 0x000000009ab00000|  0%| F|  |TAMS 0x000000009aa00000, 0x000000009aa00000| Untracked 
| 427|0x000000009ab00000, 0x000000009ab00000, 0x000000009ac00000|  0%| F|  |TAMS 0x000000009ab00000, 0x000000009ab00000| Untracked 
| 428|0x000000009ac00000, 0x000000009ac00000, 0x000000009ad00000|  0%| F|  |TAMS 0x000000009ac00000, 0x000000009ac00000| Untracked 
| 429|0x000000009ad00000, 0x000000009ad00000, 0x000000009ae00000|  0%| F|  |TAMS 0x000000009ad00000, 0x000000009ad00000| Untracked 
| 430|0x000000009ae00000, 0x000000009ae00000, 0x000000009af00000|  0%| F|  |TAMS 0x000000009ae00000, 0x000000009ae00000| Untracked 
| 431|0x000000009af00000, 0x000000009af00000, 0x000000009b000000|  0%| F|  |TAMS 0x000000009af00000, 0x000000009af00000| Untracked 
| 432|0x000000009b000000, 0x000000009b000000, 0x000000009b100000|  0%| F|  |TAMS 0x000000009b000000, 0x000000009b000000| Untracked 
| 433|0x000000009b100000, 0x000000009b100000, 0x000000009b200000|  0%| F|  |TAMS 0x000000009b100000, 0x000000009b100000| Untracked 
| 434|0x000000009b200000, 0x000000009b200000, 0x000000009b300000|  0%| F|  |TAMS 0x000000009b200000, 0x000000009b200000| Untracked 
| 435|0x000000009b300000, 0x000000009b300000, 0x000000009b400000|  0%| F|  |TAMS 0x000000009b300000, 0x000000009b300000| Untracked 
| 436|0x000000009b400000, 0x000000009b400000, 0x000000009b500000|  0%| F|  |TAMS 0x000000009b400000, 0x000000009b400000| Untracked 
| 437|0x000000009b500000, 0x000000009b500000, 0x000000009b600000|  0%| F|  |TAMS 0x000000009b500000, 0x000000009b500000| Untracked 
| 438|0x000000009b600000, 0x000000009b600000, 0x000000009b700000|  0%| F|  |TAMS 0x000000009b600000, 0x000000009b600000| Untracked 
| 439|0x000000009b700000, 0x000000009b700000, 0x000000009b800000|  0%| F|  |TAMS 0x000000009b700000, 0x000000009b700000| Untracked 
| 440|0x000000009b800000, 0x000000009b800000, 0x000000009b900000|  0%| F|  |TAMS 0x000000009b800000, 0x000000009b800000| Untracked 
| 441|0x000000009b900000, 0x000000009b900000, 0x000000009ba00000|  0%| F|  |TAMS 0x000000009b900000, 0x000000009b900000| Untracked 
| 442|0x000000009ba00000, 0x000000009ba00000, 0x000000009bb00000|  0%| F|  |TAMS 0x000000009ba00000, 0x000000009ba00000| Untracked 
| 443|0x000000009bb00000, 0x000000009bb00000, 0x000000009bc00000|  0%| F|  |TAMS 0x000000009bb00000, 0x000000009bb00000| Untracked 
| 444|0x000000009bc00000, 0x000000009bc00000, 0x000000009bd00000|  0%| F|  |TAMS 0x000000009bc00000, 0x000000009bc00000| Untracked 
| 445|0x000000009bd00000, 0x000000009bd00000, 0x000000009be00000|  0%| F|  |TAMS 0x000000009bd00000, 0x000000009bd00000| Untracked 
| 446|0x000000009be00000, 0x000000009be00000, 0x000000009bf00000|  0%| F|  |TAMS 0x000000009be00000, 0x000000009be00000| Untracked 
| 447|0x000000009bf00000, 0x000000009bf00000, 0x000000009c000000|  0%| F|  |TAMS 0x000000009bf00000, 0x000000009bf00000| Untracked 
| 448|0x000000009c000000, 0x000000009c000000, 0x000000009c100000|  0%| F|  |TAMS 0x000000009c000000, 0x000000009c000000| Untracked 
| 449|0x000000009c100000, 0x000000009c100000, 0x000000009c200000|  0%| F|  |TAMS 0x000000009c100000, 0x000000009c100000| Untracked 
| 450|0x000000009c200000, 0x000000009c200000, 0x000000009c300000|  0%| F|  |TAMS 0x000000009c200000, 0x000000009c200000| Untracked 
| 451|0x000000009c300000, 0x000000009c300000, 0x000000009c400000|  0%| F|  |TAMS 0x000000009c300000, 0x000000009c300000| Untracked 
| 452|0x000000009c400000, 0x000000009c400000, 0x000000009c500000|  0%| F|  |TAMS 0x000000009c400000, 0x000000009c400000| Untracked 
| 453|0x000000009c500000, 0x000000009c500000, 0x000000009c600000|  0%| F|  |TAMS 0x000000009c500000, 0x000000009c500000| Untracked 
| 454|0x000000009c600000, 0x000000009c600000, 0x000000009c700000|  0%| F|  |TAMS 0x000000009c600000, 0x000000009c600000| Untracked 
| 455|0x000000009c700000, 0x000000009c700000, 0x000000009c800000|  0%| F|  |TAMS 0x000000009c700000, 0x000000009c700000| Untracked 
| 456|0x000000009c800000, 0x000000009c800000, 0x000000009c900000|  0%| F|  |TAMS 0x000000009c800000, 0x000000009c800000| Untracked 
| 457|0x000000009c900000, 0x000000009c900000, 0x000000009ca00000|  0%| F|  |TAMS 0x000000009c900000, 0x000000009c900000| Untracked 
| 458|0x000000009ca00000, 0x000000009ca00000, 0x000000009cb00000|  0%| F|  |TAMS 0x000000009ca00000, 0x000000009ca00000| Untracked 
| 459|0x000000009cb00000, 0x000000009cb00000, 0x000000009cc00000|  0%| F|  |TAMS 0x000000009cb00000, 0x000000009cb00000| Untracked 
| 460|0x000000009cc00000, 0x000000009cc00000, 0x000000009cd00000|  0%| F|  |TAMS 0x000000009cc00000, 0x000000009cc00000| Untracked 
| 461|0x000000009cd00000, 0x000000009cd00000, 0x000000009ce00000|  0%| F|  |TAMS 0x000000009cd00000, 0x000000009cd00000| Untracked 
| 462|0x000000009ce00000, 0x000000009ce00000, 0x000000009cf00000|  0%| F|  |TAMS 0x000000009ce00000, 0x000000009ce00000| Untracked 
| 463|0x000000009cf00000, 0x000000009cf00000, 0x000000009d000000|  0%| F|  |TAMS 0x000000009cf00000, 0x000000009cf00000| Untracked 
| 464|0x000000009d000000, 0x000000009d000000, 0x000000009d100000|  0%| F|  |TAMS 0x000000009d000000, 0x000000009d000000| Untracked 
| 465|0x000000009d100000, 0x000000009d100000, 0x000000009d200000|  0%| F|  |TAMS 0x000000009d100000, 0x000000009d100000| Untracked 
| 466|0x000000009d200000, 0x000000009d200000, 0x000000009d300000|  0%| F|  |TAMS 0x000000009d200000, 0x000000009d200000| Untracked 
| 467|0x000000009d300000, 0x000000009d300000, 0x000000009d400000|  0%| F|  |TAMS 0x000000009d300000, 0x000000009d300000| Untracked 
| 468|0x000000009d400000, 0x000000009d400000, 0x000000009d500000|  0%| F|  |TAMS 0x000000009d400000, 0x000000009d400000| Untracked 
| 469|0x000000009d500000, 0x000000009d600000, 0x000000009d600000|100%| E|  |TAMS 0x000000009d500000, 0x000000009d500000| Complete 
| 470|0x000000009d600000, 0x000000009d700000, 0x000000009d700000|100%| E|CS|TAMS 0x000000009d600000, 0x000000009d600000| Complete 
| 471|0x000000009d700000, 0x000000009d800000, 0x000000009d800000|100%| E|CS|TAMS 0x000000009d700000, 0x000000009d700000| Complete 
| 472|0x000000009d800000, 0x000000009d900000, 0x000000009d900000|100%| E|CS|TAMS 0x000000009d800000, 0x000000009d800000| Complete 
| 473|0x000000009d900000, 0x000000009da00000, 0x000000009da00000|100%| E|CS|TAMS 0x000000009d900000, 0x000000009d900000| Complete 
| 474|0x000000009da00000, 0x000000009db00000, 0x000000009db00000|100%| E|CS|TAMS 0x000000009da00000, 0x000000009da00000| Complete 
| 475|0x000000009db00000, 0x000000009dc00000, 0x000000009dc00000|100%| E|CS|TAMS 0x000000009db00000, 0x000000009db00000| Complete 
| 476|0x000000009dc00000, 0x000000009dd00000, 0x000000009dd00000|100%| E|CS|TAMS 0x000000009dc00000, 0x000000009dc00000| Complete 
| 477|0x000000009dd00000, 0x000000009de00000, 0x000000009de00000|100%| E|CS|TAMS 0x000000009dd00000, 0x000000009dd00000| Complete 
| 478|0x000000009de00000, 0x000000009df00000, 0x000000009df00000|100%| E|CS|TAMS 0x000000009de00000, 0x000000009de00000| Complete 
| 479|0x000000009df00000, 0x000000009e000000, 0x000000009e000000|100%| E|CS|TAMS 0x000000009df00000, 0x000000009df00000| Complete 
| 480|0x000000009e000000, 0x000000009e100000, 0x000000009e100000|100%| E|CS|TAMS 0x000000009e000000, 0x000000009e000000| Complete 
| 481|0x000000009e100000, 0x000000009e200000, 0x000000009e200000|100%| E|CS|TAMS 0x000000009e100000, 0x000000009e100000| Complete 
| 482|0x000000009e200000, 0x000000009e300000, 0x000000009e300000|100%| E|CS|TAMS 0x000000009e200000, 0x000000009e200000| Complete 
| 483|0x000000009e300000, 0x000000009e400000, 0x000000009e400000|100%| E|CS|TAMS 0x000000009e300000, 0x000000009e300000| Complete 
| 484|0x000000009e400000, 0x000000009e500000, 0x000000009e500000|100%| E|CS|TAMS 0x000000009e400000, 0x000000009e400000| Complete 
| 485|0x000000009e500000, 0x000000009e600000, 0x000000009e600000|100%| E|CS|TAMS 0x000000009e500000, 0x000000009e500000| Complete 
| 486|0x000000009e600000, 0x000000009e700000, 0x000000009e700000|100%| E|CS|TAMS 0x000000009e600000, 0x000000009e600000| Complete 
| 487|0x000000009e700000, 0x000000009e800000, 0x000000009e800000|100%| E|CS|TAMS 0x000000009e700000, 0x000000009e700000| Complete 
| 488|0x000000009e800000, 0x000000009e900000, 0x000000009e900000|100%| E|CS|TAMS 0x000000009e800000, 0x000000009e800000| Complete 
| 489|0x000000009e900000, 0x000000009ea00000, 0x000000009ea00000|100%| E|CS|TAMS 0x000000009e900000, 0x000000009e900000| Complete 
| 490|0x000000009ea00000, 0x000000009eb00000, 0x000000009eb00000|100%| E|CS|TAMS 0x000000009ea00000, 0x000000009ea00000| Complete 
| 491|0x000000009eb00000, 0x000000009ec00000, 0x000000009ec00000|100%| E|CS|TAMS 0x000000009eb00000, 0x000000009eb00000| Complete 
| 492|0x000000009ec00000, 0x000000009ed00000, 0x000000009ed00000|100%| E|CS|TAMS 0x000000009ec00000, 0x000000009ec00000| Complete 
| 493|0x000000009ed00000, 0x000000009ee00000, 0x000000009ee00000|100%| E|CS|TAMS 0x000000009ed00000, 0x000000009ed00000| Complete 
| 494|0x000000009ee00000, 0x000000009ef00000, 0x000000009ef00000|100%| E|CS|TAMS 0x000000009ee00000, 0x000000009ee00000| Complete 
| 495|0x000000009ef00000, 0x000000009f000000, 0x000000009f000000|100%| E|CS|TAMS 0x000000009ef00000, 0x000000009ef00000| Complete 
| 496|0x000000009f000000, 0x000000009f100000, 0x000000009f100000|100%| E|CS|TAMS 0x000000009f000000, 0x000000009f000000| Complete 
| 497|0x000000009f100000, 0x000000009f200000, 0x000000009f200000|100%| E|CS|TAMS 0x000000009f100000, 0x000000009f100000| Complete 
| 498|0x000000009f200000, 0x000000009f300000, 0x000000009f300000|100%| E|CS|TAMS 0x000000009f200000, 0x000000009f200000| Complete 
| 499|0x000000009f300000, 0x000000009f400000, 0x000000009f400000|100%| E|CS|TAMS 0x000000009f300000, 0x000000009f300000| Complete 
| 500|0x000000009f400000, 0x000000009f500000, 0x000000009f500000|100%| E|CS|TAMS 0x000000009f400000, 0x000000009f400000| Complete 
| 501|0x000000009f500000, 0x000000009f600000, 0x000000009f600000|100%| E|CS|TAMS 0x000000009f500000, 0x000000009f500000| Complete 
| 502|0x000000009f600000, 0x000000009f700000, 0x000000009f700000|100%| E|CS|TAMS 0x000000009f600000, 0x000000009f600000| Complete 
| 503|0x000000009f700000, 0x000000009f800000, 0x000000009f800000|100%| E|CS|TAMS 0x000000009f700000, 0x000000009f700000| Complete 
| 504|0x000000009f800000, 0x000000009f900000, 0x000000009f900000|100%| E|CS|TAMS 0x000000009f800000, 0x000000009f800000| Complete 
| 505|0x000000009f900000, 0x000000009fa00000, 0x000000009fa00000|100%| E|CS|TAMS 0x000000009f900000, 0x000000009f900000| Complete 
| 506|0x000000009fa00000, 0x000000009fb00000, 0x000000009fb00000|100%| E|CS|TAMS 0x000000009fa00000, 0x000000009fa00000| Complete 
| 507|0x000000009fb00000, 0x000000009fc00000, 0x000000009fc00000|100%| E|  |TAMS 0x000000009fb00000, 0x000000009fb00000| Complete 
| 508|0x000000009fc00000, 0x000000009fd00000, 0x000000009fd00000|100%| E|CS|TAMS 0x000000009fc00000, 0x000000009fc00000| Complete 
| 509|0x000000009fd00000, 0x000000009fe00000, 0x000000009fe00000|100%| E|CS|TAMS 0x000000009fd00000, 0x000000009fd00000| Complete 
| 510|0x000000009fe00000, 0x000000009ff00000, 0x000000009ff00000|100%| E|CS|TAMS 0x000000009fe00000, 0x000000009fe00000| Complete 
| 511|0x000000009ff00000, 0x00000000a0000000, 0x00000000a0000000|100%| E|CS|TAMS 0x000000009ff00000, 0x000000009ff00000| Complete 
| 512|0x00000000a0000000, 0x00000000a0100000, 0x00000000a0100000|100%| E|CS|TAMS 0x00000000a0000000, 0x00000000a0000000| Complete 
| 513|0x00000000a0100000, 0x00000000a0200000, 0x00000000a0200000|100%| E|CS|TAMS 0x00000000a0100000, 0x00000000a0100000| Complete 
| 514|0x00000000a0200000, 0x00000000a0300000, 0x00000000a0300000|100%| E|CS|TAMS 0x00000000a0200000, 0x00000000a0200000| Complete 
| 515|0x00000000a0300000, 0x00000000a0400000, 0x00000000a0400000|100%| E|CS|TAMS 0x00000000a0300000, 0x00000000a0300000| Complete 
| 516|0x00000000a0400000, 0x00000000a0500000, 0x00000000a0500000|100%| E|CS|TAMS 0x00000000a0400000, 0x00000000a0400000| Complete 
| 517|0x00000000a0500000, 0x00000000a0600000, 0x00000000a0600000|100%| E|CS|TAMS 0x00000000a0500000, 0x00000000a0500000| Complete 
| 518|0x00000000a0600000, 0x00000000a0700000, 0x00000000a0700000|100%| E|CS|TAMS 0x00000000a0600000, 0x00000000a0600000| Complete 
| 519|0x00000000a0700000, 0x00000000a0800000, 0x00000000a0800000|100%| E|CS|TAMS 0x00000000a0700000, 0x00000000a0700000| Complete 
| 520|0x00000000a0800000, 0x00000000a0900000, 0x00000000a0900000|100%| E|CS|TAMS 0x00000000a0800000, 0x00000000a0800000| Complete 
| 521|0x00000000a0900000, 0x00000000a0a00000, 0x00000000a0a00000|100%| E|CS|TAMS 0x00000000a0900000, 0x00000000a0900000| Complete 
| 522|0x00000000a0a00000, 0x00000000a0b00000, 0x00000000a0b00000|100%| E|CS|TAMS 0x00000000a0a00000, 0x00000000a0a00000| Complete 
| 523|0x00000000a0b00000, 0x00000000a0c00000, 0x00000000a0c00000|100%| E|CS|TAMS 0x00000000a0b00000, 0x00000000a0b00000| Complete 
| 524|0x00000000a0c00000, 0x00000000a0d00000, 0x00000000a0d00000|100%| E|CS|TAMS 0x00000000a0c00000, 0x00000000a0c00000| Complete 
| 525|0x00000000a0d00000, 0x00000000a0e00000, 0x00000000a0e00000|100%| E|CS|TAMS 0x00000000a0d00000, 0x00000000a0d00000| Complete 
| 526|0x00000000a0e00000, 0x00000000a0f00000, 0x00000000a0f00000|100%| E|CS|TAMS 0x00000000a0e00000, 0x00000000a0e00000| Complete 
| 527|0x00000000a0f00000, 0x00000000a1000000, 0x00000000a1000000|100%| E|CS|TAMS 0x00000000a0f00000, 0x00000000a0f00000| Complete 
| 528|0x00000000a1000000, 0x00000000a1100000, 0x00000000a1100000|100%| E|CS|TAMS 0x00000000a1000000, 0x00000000a1000000| Complete 
| 529|0x00000000a1100000, 0x00000000a1200000, 0x00000000a1200000|100%| E|CS|TAMS 0x00000000a1100000, 0x00000000a1100000| Complete 
| 530|0x00000000a1200000, 0x00000000a1300000, 0x00000000a1300000|100%| E|CS|TAMS 0x00000000a1200000, 0x00000000a1200000| Complete 
| 531|0x00000000a1300000, 0x00000000a1400000, 0x00000000a1400000|100%| E|CS|TAMS 0x00000000a1300000, 0x00000000a1300000| Complete 
| 532|0x00000000a1400000, 0x00000000a1500000, 0x00000000a1500000|100%| E|CS|TAMS 0x00000000a1400000, 0x00000000a1400000| Complete 
| 533|0x00000000a1500000, 0x00000000a1600000, 0x00000000a1600000|100%| E|CS|TAMS 0x00000000a1500000, 0x00000000a1500000| Complete 
| 534|0x00000000a1600000, 0x00000000a1700000, 0x00000000a1700000|100%| E|CS|TAMS 0x00000000a1600000, 0x00000000a1600000| Complete 
| 535|0x00000000a1700000, 0x00000000a1800000, 0x00000000a1800000|100%| E|CS|TAMS 0x00000000a1700000, 0x00000000a1700000| Complete 
| 536|0x00000000a1800000, 0x00000000a1900000, 0x00000000a1900000|100%| E|CS|TAMS 0x00000000a1800000, 0x00000000a1800000| Complete 
| 537|0x00000000a1900000, 0x00000000a1a00000, 0x00000000a1a00000|100%| E|CS|TAMS 0x00000000a1900000, 0x00000000a1900000| Complete 
| 538|0x00000000a1a00000, 0x00000000a1b00000, 0x00000000a1b00000|100%| E|CS|TAMS 0x00000000a1a00000, 0x00000000a1a00000| Complete 
| 539|0x00000000a1b00000, 0x00000000a1c00000, 0x00000000a1c00000|100%| E|CS|TAMS 0x00000000a1b00000, 0x00000000a1b00000| Complete 
| 540|0x00000000a1c00000, 0x00000000a1d00000, 0x00000000a1d00000|100%| E|CS|TAMS 0x00000000a1c00000, 0x00000000a1c00000| Complete 
| 541|0x00000000a1d00000, 0x00000000a1e00000, 0x00000000a1e00000|100%| E|CS|TAMS 0x00000000a1d00000, 0x00000000a1d00000| Complete 
| 542|0x00000000a1e00000, 0x00000000a1f00000, 0x00000000a1f00000|100%| E|CS|TAMS 0x00000000a1e00000, 0x00000000a1e00000| Complete 
| 543|0x00000000a1f00000, 0x00000000a2000000, 0x00000000a2000000|100%| E|CS|TAMS 0x00000000a1f00000, 0x00000000a1f00000| Complete 
| 544|0x00000000a2000000, 0x00000000a2100000, 0x00000000a2100000|100%| E|CS|TAMS 0x00000000a2000000, 0x00000000a2000000| Complete 
| 545|0x00000000a2100000, 0x00000000a2200000, 0x00000000a2200000|100%| E|CS|TAMS 0x00000000a2100000, 0x00000000a2100000| Complete 
| 546|0x00000000a2200000, 0x00000000a2300000, 0x00000000a2300000|100%| E|CS|TAMS 0x00000000a2200000, 0x00000000a2200000| Complete 
| 547|0x00000000a2300000, 0x00000000a2400000, 0x00000000a2400000|100%| E|CS|TAMS 0x00000000a2300000, 0x00000000a2300000| Complete 
| 548|0x00000000a2400000, 0x00000000a2500000, 0x00000000a2500000|100%| E|CS|TAMS 0x00000000a2400000, 0x00000000a2400000| Complete 
| 549|0x00000000a2500000, 0x00000000a2600000, 0x00000000a2600000|100%| E|CS|TAMS 0x00000000a2500000, 0x00000000a2500000| Complete 
| 550|0x00000000a2600000, 0x00000000a2700000, 0x00000000a2700000|100%| E|CS|TAMS 0x00000000a2600000, 0x00000000a2600000| Complete 
| 551|0x00000000a2700000, 0x00000000a2800000, 0x00000000a2800000|100%| E|CS|TAMS 0x00000000a2700000, 0x00000000a2700000| Complete 
| 552|0x00000000a2800000, 0x00000000a2900000, 0x00000000a2900000|100%| E|CS|TAMS 0x00000000a2800000, 0x00000000a2800000| Complete 
| 553|0x00000000a2900000, 0x00000000a2a00000, 0x00000000a2a00000|100%| E|CS|TAMS 0x00000000a2900000, 0x00000000a2900000| Complete 
| 554|0x00000000a2a00000, 0x00000000a2b00000, 0x00000000a2b00000|100%| E|CS|TAMS 0x00000000a2a00000, 0x00000000a2a00000| Complete 
| 555|0x00000000a2b00000, 0x00000000a2c00000, 0x00000000a2c00000|100%| E|CS|TAMS 0x00000000a2b00000, 0x00000000a2b00000| Complete 
| 556|0x00000000a2c00000, 0x00000000a2d00000, 0x00000000a2d00000|100%| E|CS|TAMS 0x00000000a2c00000, 0x00000000a2c00000| Complete 
| 557|0x00000000a2d00000, 0x00000000a2e00000, 0x00000000a2e00000|100%| E|CS|TAMS 0x00000000a2d00000, 0x00000000a2d00000| Complete 
| 558|0x00000000a2e00000, 0x00000000a2f00000, 0x00000000a2f00000|100%| E|CS|TAMS 0x00000000a2e00000, 0x00000000a2e00000| Complete 
| 559|0x00000000a2f00000, 0x00000000a3000000, 0x00000000a3000000|100%| E|CS|TAMS 0x00000000a2f00000, 0x00000000a2f00000| Complete 

Card table byte_map: [0x0000013f35370000,0x0000013f35770000] _byte_map_base: 0x0000013f34f70000

Marking Bits (Prev, Next): (CMBitMap*) 0x0000013f1e1b8d80, (CMBitMap*) 0x0000013f1e1b8dc0
 Prev Bits: [0x0000013f35b70000, 0x0000013f37b70000)
 Next Bits: [0x0000013f37b70000, 0x0000013f39b70000)

Polling page: 0x0000013f1c0c0000

Metaspace:

Usage:
  Non-class:    107.96 MB used.
      Class:     16.96 MB used.
       Both:    124.91 MB used.

Virtual space:
  Non-class space:      128.00 MB reserved,     108.94 MB ( 85%) committed,  2 nodes.
      Class space:      416.00 MB reserved,      17.75 MB (  4%) committed,  1 nodes.
             Both:      544.00 MB reserved,     126.69 MB ( 23%) committed. 

Chunk freelists:
   Non-Class:  2.72 MB
       Class:  14.30 MB
        Both:  17.02 MB

MaxMetaspaceSize: 512.00 MB
CompressedClassSpaceSize: 416.00 MB
Initial GC threshold: 21.00 MB
Current GC threshold: 130.44 MB
CDS: on
MetaspaceReclaimPolicy: balanced
 - commit_granule_bytes: 65536.
 - commit_granule_words: 8192.
 - virtual_space_node_default_size: 8388608.
 - enlarge_chunks_in_place: 1.
 - new_chunks_are_fully_committed: 0.
 - uncommit_free_chunks: 1.
 - use_allocation_guard: 0.
 - handle_deallocations: 1.


Internal statistics:

num_allocs_failed_limit: 9.
num_arena_births: 2174.
num_arena_deaths: 0.
num_vsnodes_births: 3.
num_vsnodes_deaths: 0.
num_space_committed: 2027.
num_space_uncommitted: 0.
num_chunks_returned_to_freelist: 9.
num_chunks_taken_from_freelist: 7946.
num_chunk_merges: 6.
num_chunk_splits: 5020.
num_chunks_enlarged: 3027.
num_inconsistent_stats: 0.

CodeHeap 'non-profiled nmethods': size=120000Kb used=17453Kb max_used=17453Kb free=102546Kb
 bounds [0x0000013f2d4f0000, 0x0000013f2e600000, 0x0000013f34a20000]
CodeHeap 'profiled nmethods': size=120000Kb used=39275Kb max_used=39275Kb free=80725Kb
 bounds [0x0000013f25a20000, 0x0000013f28080000, 0x0000013f2cf50000]
CodeHeap 'non-nmethods': size=5760Kb used=2482Kb max_used=2581Kb free=3277Kb
 bounds [0x0000013f2cf50000, 0x0000013f2d1f0000, 0x0000013f2d4f0000]
 total_blobs=20758 nmethods=19735 adapters=934
 compilation: enabled
              stopped_count=0, restarted_count=0
 full_count=0

Compilation events (20 events):
Event: 458.983 Thread 0x0000013f3c928d80 24629       3       org.gradle.internal.vfs.impl.DefaultFileSystemAccess$$Lambda$2327/0x0000013f3f03cf28::<init> (10 bytes)
Event: 458.983 Thread 0x0000013f3c928d80 nmethod 24629 0x0000013f28059810 code [0x0000013f280599a0, 0x0000013f28059b58]
Event: 458.983 Thread 0x0000013f3c928d80 24630       3       org.gradle.internal.vfs.impl.AbstractVirtualFileSystem::store (31 bytes)
Event: 458.984 Thread 0x0000013f3c928d80 nmethod 24630 0x0000013f28059c10 code [0x0000013f28059e60, 0x0000013f2805a7a8]
Event: 459.001 Thread 0x0000013f6210aed0 nmethod 24546 0x0000013f2e5e5790 code [0x0000013f2e5e5c00, 0x0000013f2e5e8ac0]
Event: 459.002 Thread 0x0000013f3c9263b0 nmethod 24627 0x0000013f2e5eb110 code [0x0000013f2e5eb300, 0x0000013f2e5ebfe8]
Event: 459.004 Thread 0x0000013f3c9263b0 24631       4       org.gradle.internal.vfs.impl.DefaultFileSystemAccess::read (19 bytes)
Event: 459.006 Thread 0x0000013f3c928d80 24632       3       com.google.common.collect.ImmutableBiMap::values (5 bytes)
Event: 459.006 Thread 0x0000013f3c928d80 nmethod 24632 0x0000013f2805ab90 code [0x0000013f2805ad60, 0x0000013f2805b298]
Event: 459.010 Thread 0x0000013f6210aed0 24633       4       org.gradle.internal.snapshot.impl.IsolatedManagedValue::isolate (26 bytes)
Event: 459.010 Thread 0x0000013f3c928d80 24634       3       com.google.common.reflect.TypeToken::is (88 bytes)
Event: 459.011 Thread 0x0000013f3c928d80 nmethod 24634 0x0000013f2805b410 code [0x0000013f2805b6a0, 0x0000013f2805c128]
Event: 459.011 Thread 0x0000013f3c928d80 24635       3       org.gradle.internal.isolated.IsolationScheme::servicesForImplementation (21 bytes)
Event: 459.011 Thread 0x0000013f6210aed0 nmethod 24633 0x0000013f2e5ec490 code [0x0000013f2e5ec620, 0x0000013f2e5ec758]
Event: 459.011 Thread 0x0000013f3c928d80 nmethod 24635 0x0000013f2805c410 code [0x0000013f2805c5c0, 0x0000013f2805c7a8]
Event: 459.025 Thread 0x0000013f3c928d80 24636       3       org.gradle.api.internal.initialization.transform.InstrumentationAnalysisTransform$Inject1::$gradleServices (13 bytes)
Event: 459.025 Thread 0x0000013f3c928d80 nmethod 24636 0x0000013f2805c890 code [0x0000013f2805ca40, 0x0000013f2805cdc8]
Event: 459.026 Thread 0x0000013f6210aed0 24637   !   4       org.gradle.internal.classpath.ClasspathWalker::visitJarContents (107 bytes)
Event: 459.037 Thread 0x0000013f3c928d80 24639       3       org.gradle.internal.serialize.AbstractCollectionSerializer::<init> (10 bytes)
Event: 459.037 Thread 0x0000013f3c928d80 nmethod 24639 0x0000013f2805cf10 code [0x0000013f2805d0a0, 0x0000013f2805d258]

GC Heap History (20 events):
Event: 409.934 GC heap before
{Heap before GC invocations=103 (full 0):
 garbage-first heap   total 573440K, used 500950K [0x0000000080000000, 0x0000000100000000)
  region size 1024K, 228 young (233472K), 14 survivors (14336K)
 Metaspace       used 126326K, committed 128064K, reserved 557056K
  class space    used 17272K, committed 18048K, reserved 425984K
}
Event: 409.942 GC heap after
{Heap after GC invocations=104 (full 0):
 garbage-first heap   total 573440K, used 283830K [0x0000000080000000, 0x0000000100000000)
  region size 1024K, 16 young (16384K), 16 survivors (16384K)
 Metaspace       used 126326K, committed 128064K, reserved 557056K
  class space    used 17272K, committed 18048K, reserved 425984K
}
Event: 410.261 GC heap before
{Heap before GC invocations=104 (full 0):
 garbage-first heap   total 573440K, used 498870K [0x0000000080000000, 0x0000000100000000)
  region size 1024K, 226 young (231424K), 16 survivors (16384K)
 Metaspace       used 126326K, committed 128064K, reserved 557056K
  class space    used 17272K, committed 18048K, reserved 425984K
}
Event: 410.271 GC heap after
{Heap after GC invocations=105 (full 0):
 garbage-first heap   total 573440K, used 285152K [0x0000000080000000, 0x0000000100000000)
  region size 1024K, 18 young (18432K), 18 survivors (18432K)
 Metaspace       used 126326K, committed 128064K, reserved 557056K
  class space    used 17272K, committed 18048K, reserved 425984K
}
Event: 410.681 GC heap before
{Heap before GC invocations=105 (full 0):
 garbage-first heap   total 573440K, used 496096K [0x0000000080000000, 0x0000000100000000)
  region size 1024K, 224 young (229376K), 18 survivors (18432K)
 Metaspace       used 126326K, committed 128064K, reserved 557056K
  class space    used 17272K, committed 18048K, reserved 425984K
}
Event: 410.692 GC heap after
{Heap after GC invocations=106 (full 0):
 garbage-first heap   total 573440K, used 286626K [0x0000000080000000, 0x0000000100000000)
  region size 1024K, 13 young (13312K), 13 survivors (13312K)
 Metaspace       used 126326K, committed 128064K, reserved 557056K
  class space    used 17272K, committed 18048K, reserved 425984K
}
Event: 411.038 GC heap before
{Heap before GC invocations=106 (full 0):
 garbage-first heap   total 573440K, used 501666K [0x0000000080000000, 0x0000000100000000)
  region size 1024K, 223 young (228352K), 13 survivors (13312K)
 Metaspace       used 126326K, committed 128064K, reserved 557056K
  class space    used 17272K, committed 18048K, reserved 425984K
}
Event: 411.045 GC heap after
{Heap after GC invocations=107 (full 0):
 garbage-first heap   total 573440K, used 287295K [0x0000000080000000, 0x0000000100000000)
  region size 1024K, 14 young (14336K), 14 survivors (14336K)
 Metaspace       used 126326K, committed 128064K, reserved 557056K
  class space    used 17272K, committed 18048K, reserved 425984K
}
Event: 412.542 GC heap before
{Heap before GC invocations=107 (full 0):
 garbage-first heap   total 573440K, used 501311K [0x0000000080000000, 0x0000000100000000)
  region size 1024K, 222 young (227328K), 14 survivors (14336K)
 Metaspace       used 126377K, committed 128128K, reserved 557056K
  class space    used 17281K, committed 18048K, reserved 425984K
}
Event: 412.543 GC heap after
{Heap after GC invocations=108 (full 0):
 garbage-first heap   total 573440K, used 272437K [0x0000000080000000, 0x0000000100000000)
  region size 1024K, 3 young (3072K), 3 survivors (3072K)
 Metaspace       used 126377K, committed 128128K, reserved 557056K
  class space    used 17281K, committed 18048K, reserved 425984K
}
Event: 413.192 GC heap before
{Heap before GC invocations=108 (full 0):
 garbage-first heap   total 573440K, used 514101K [0x0000000080000000, 0x0000000100000000)
  region size 1024K, 235 young (240640K), 3 survivors (3072K)
 Metaspace       used 126377K, committed 128128K, reserved 557056K
  class space    used 17281K, committed 18048K, reserved 425984K
}
Event: 413.195 GC heap after
{Heap after GC invocations=109 (full 0):
 garbage-first heap   total 573440K, used 277977K [0x0000000080000000, 0x0000000100000000)
  region size 1024K, 5 young (5120K), 5 survivors (5120K)
 Metaspace       used 126377K, committed 128128K, reserved 557056K
  class space    used 17281K, committed 18048K, reserved 425984K
}
Event: 413.796 GC heap before
{Heap before GC invocations=109 (full 0):
 garbage-first heap   total 573440K, used 512473K [0x0000000080000000, 0x0000000100000000)
  region size 1024K, 228 young (233472K), 5 survivors (5120K)
 Metaspace       used 126384K, committed 128128K, reserved 557056K
  class space    used 17281K, committed 18048K, reserved 425984K
}
Event: 413.798 GC heap after
{Heap after GC invocations=110 (full 0):
 garbage-first heap   total 573440K, used 278210K [0x0000000080000000, 0x0000000100000000)
  region size 1024K, 3 young (3072K), 3 survivors (3072K)
 Metaspace       used 126384K, committed 128128K, reserved 557056K
  class space    used 17281K, committed 18048K, reserved 425984K
}
Event: 416.172 GC heap before
{Heap before GC invocations=110 (full 0):
 garbage-first heap   total 573440K, used 506562K [0x0000000080000000, 0x0000000100000000)
  region size 1024K, 226 young (231424K), 3 survivors (3072K)
 Metaspace       used 127145K, committed 128960K, reserved 557056K
  class space    used 17356K, committed 18176K, reserved 425984K
}
Event: 416.178 GC heap after
{Heap after GC invocations=111 (full 0):
 garbage-first heap   total 573440K, used 285660K [0x0000000080000000, 0x0000000100000000)
  region size 1024K, 10 young (10240K), 10 survivors (10240K)
 Metaspace       used 127145K, committed 128960K, reserved 557056K
  class space    used 17356K, committed 18176K, reserved 425984K
}
Event: 458.836 GC heap before
{Heap before GC invocations=111 (full 0):
 garbage-first heap   total 573440K, used 501724K [0x0000000080000000, 0x0000000100000000)
  region size 1024K, 221 young (226304K), 10 survivors (10240K)
 Metaspace       used 127789K, committed 129600K, reserved 557056K
  class space    used 17361K, committed 18176K, reserved 425984K
}
Event: 458.844 GC heap after
{Heap after GC invocations=112 (full 0):
 garbage-first heap   total 573440K, used 291639K [0x0000000080000000, 0x0000000100000000)
  region size 1024K, 15 young (15360K), 15 survivors (15360K)
 Metaspace       used 127789K, committed 129600K, reserved 557056K
  class space    used 17361K, committed 18176K, reserved 425984K
}
Event: 458.992 GC heap before
{Heap before GC invocations=112 (full 0):
 garbage-first heap   total 573440K, used 499511K [0x0000000080000000, 0x0000000100000000)
  region size 1024K, 218 young (223232K), 15 survivors (15360K)
 Metaspace       used 127871K, committed 129664K, reserved 557056K
  class space    used 17361K, committed 18176K, reserved 425984K
}
Event: 459.000 GC heap after
{Heap after GC invocations=113 (full 0):
 garbage-first heap   total 573440K, used 296732K [0x0000000080000000, 0x0000000100000000)
  region size 1024K, 19 young (19456K), 19 survivors (19456K)
 Metaspace       used 127871K, committed 129664K, reserved 557056K
  class space    used 17361K, committed 18176K, reserved 425984K
}

Deoptimization events (20 events):
Event: 420.084 Thread 0x0000013f5c7c0800 DEOPT PACKING pc=0x0000013f27ea20f3 sp=0x0000002d4bff6790
Event: 420.084 Thread 0x0000013f5c7c0800 DEOPT UNPACKING pc=0x0000013f2cfa2b43 sp=0x0000002d4bff5c58 mode 0
Event: 423.323 Thread 0x0000013f6214aeb0 DEOPT PACKING pc=0x0000013f27c51555 sp=0x0000002d562fc920
Event: 423.323 Thread 0x0000013f6214f590 DEOPT PACKING pc=0x0000013f27c51555 sp=0x0000002d56bfcdb0
Event: 423.323 Thread 0x0000013f6214aeb0 DEOPT UNPACKING pc=0x0000013f2cfa2b43 sp=0x0000002d562fbde0 mode 0
Event: 423.323 Thread 0x0000013f6214f590 DEOPT UNPACKING pc=0x0000013f2cfa2b43 sp=0x0000002d56bfc270 mode 0
Event: 432.744 Thread 0x0000013f5cc62ab0 DEOPT PACKING pc=0x0000013f27a1d52a sp=0x0000002d55bfc500
Event: 432.744 Thread 0x0000013f5cc62ab0 DEOPT UNPACKING pc=0x0000013f2cfa2b43 sp=0x0000002d55bfba10 mode 0
Event: 442.314 Thread 0x0000013f6214eb70 DEOPT PACKING pc=0x0000013f27dfc15a sp=0x0000002d55efd2c0
Event: 442.314 Thread 0x0000013f6214eb70 DEOPT UNPACKING pc=0x0000013f2cfa2b43 sp=0x0000002d55efc7b0 mode 0
Event: 450.813 Thread 0x0000013f6214aeb0 DEOPT PACKING pc=0x0000013f27dfc15a sp=0x0000002d562fd0e0
Event: 450.813 Thread 0x0000013f6214aeb0 DEOPT UNPACKING pc=0x0000013f2cfa2b43 sp=0x0000002d562fc5d0 mode 0
Event: 452.961 Thread 0x0000013f6214f080 DEOPT PACKING pc=0x0000013f27dfc15a sp=0x0000002d564fd650
Event: 452.961 Thread 0x0000013f6214f080 DEOPT UNPACKING pc=0x0000013f2cfa2b43 sp=0x0000002d564fcb40 mode 0
Event: 454.721 Thread 0x0000013f6214a490 DEOPT PACKING pc=0x0000013f27dfc15a sp=0x0000002d560fd360
Event: 454.721 Thread 0x0000013f6214a490 DEOPT UNPACKING pc=0x0000013f2cfa2b43 sp=0x0000002d560fc850 mode 0
Event: 458.970 Thread 0x0000013f6214cd10 DEOPT PACKING pc=0x0000013f26b5bd59 sp=0x0000002d566fc570
Event: 458.970 Thread 0x0000013f6214cd10 DEOPT UNPACKING pc=0x0000013f2cfa2b43 sp=0x0000002d566fba38 mode 0
Event: 459.026 Thread 0x0000013f621504c0 DEOPT PACKING pc=0x0000013f272658f1 sp=0x0000002d56ffc4a0
Event: 459.026 Thread 0x0000013f621504c0 DEOPT UNPACKING pc=0x0000013f2cfa2b43 sp=0x0000002d56ffb9c0 mode 0

Classes unloaded (0 events):
No events

Classes redefined (0 events):
No events

Internal exceptions (20 events):
Event: 414.180 Thread 0x0000013f5c7c0800 Exception <a 'java/lang/ClassNotFoundException'{0x000000009accdc80}: build_d0soijd2jawwwrj9urfjwewoi$_run_closure1BeanInfo> (0x000000009accdc80) 
thrown [s\open\src\hotspot\share\classfile\systemDictionary.cpp, line 256]
Event: 414.180 Thread 0x0000013f5c7c0800 Exception <a 'java/lang/ClassNotFoundException'{0x000000009acdb728}: build_d0soijd2jawwwrj9urfjwewoi$_run_closure1Customizer> (0x000000009acdb728) 
thrown [s\open\src\hotspot\share\classfile\systemDictionary.cpp, line 256]
Event: 414.292 Thread 0x0000013f5c7c0800 Exception <a 'sun/nio/fs/WindowsException'{0x0000000097251cc0}> (0x0000000097251cc0) 
thrown [s\open\src\hotspot\share\prims\jni.cpp, line 516]
Event: 414.293 Thread 0x0000013f5c7c0800 Exception <a 'sun/nio/fs/WindowsException'{0x0000000097253620}> (0x0000000097253620) 
thrown [s\open\src\hotspot\share\prims\jni.cpp, line 516]
Event: 414.294 Thread 0x0000013f5c7c0800 Exception <a 'sun/nio/fs/WindowsException'{0x0000000097265b08}> (0x0000000097265b08) 
thrown [s\open\src\hotspot\share\prims\jni.cpp, line 516]
Event: 414.296 Thread 0x0000013f5c7c0800 Exception <a 'sun/nio/fs/WindowsException'{0x0000000097279130}> (0x0000000097279130) 
thrown [s\open\src\hotspot\share\prims\jni.cpp, line 516]
Event: 414.300 Thread 0x0000013f5c7c0800 Exception <a 'sun/nio/fs/WindowsException'{0x000000009728dd90}> (0x000000009728dd90) 
thrown [s\open\src\hotspot\share\prims\jni.cpp, line 516]
Event: 414.301 Thread 0x0000013f5c7c0800 Exception <a 'sun/nio/fs/WindowsException'{0x0000000097298768}> (0x0000000097298768) 
thrown [s\open\src\hotspot\share\prims\jni.cpp, line 516]
Event: 414.317 Thread 0x0000013f5e4846b0 Exception <a 'sun/nio/fs/WindowsException'{0x000000009711da48}> (0x000000009711da48) 
thrown [s\open\src\hotspot\share\prims\jni.cpp, line 516]
Event: 414.318 Thread 0x0000013f5e4846b0 Exception <a 'sun/nio/fs/WindowsException'{0x000000009711e0a0}> (0x000000009711e0a0) 
thrown [s\open\src\hotspot\share\prims\jni.cpp, line 516]
Event: 414.318 Thread 0x0000013f5e4846b0 Exception <a 'sun/nio/fs/WindowsException'{0x000000009712e0b0}> (0x000000009712e0b0) 
thrown [s\open\src\hotspot\share\prims\jni.cpp, line 516]
Event: 414.319 Thread 0x0000013f5e4846b0 Exception <a 'sun/nio/fs/WindowsException'{0x000000009713fac8}> (0x000000009713fac8) 
thrown [s\open\src\hotspot\share\prims\jni.cpp, line 516]
Event: 414.326 Thread 0x0000013f5e4846b0 Exception <a 'sun/nio/fs/WindowsException'{0x0000000097153250}> (0x0000000097153250) 
thrown [s\open\src\hotspot\share\prims\jni.cpp, line 516]
Event: 414.327 Thread 0x0000013f5e4846b0 Exception <a 'sun/nio/fs/WindowsException'{0x00000000971609b0}> (0x00000000971609b0) 
thrown [s\open\src\hotspot\share\prims\jni.cpp, line 516]
Event: 414.333 Thread 0x0000013f5c7c0800 Exception <a 'java/lang/ClassNotFoundException'{0x000000009717ece8}: build_6lp7cqg0sxxhnzmtwj6l4l0wkBeanInfo> (0x000000009717ece8) 
thrown [s\open\src\hotspot\share\classfile\systemDictionary.cpp, line 256]
Event: 414.333 Thread 0x0000013f5c7c0800 Exception <a 'java/lang/ClassNotFoundException'{0x0000000097185fd8}: build_6lp7cqg0sxxhnzmtwj6l4l0wkCustomizer> (0x0000000097185fd8) 
thrown [s\open\src\hotspot\share\classfile\systemDictionary.cpp, line 256]
Event: 414.451 Thread 0x0000013f5c7c0800 Implicit null exception at 0x0000013f2e28f38e to 0x0000013f2e2903d4
Event: 414.452 Thread 0x0000013f5c7c0800 Implicit null exception at 0x0000013f2e28f38e to 0x0000013f2e2903d4
Event: 414.452 Thread 0x0000013f5c7c0800 Implicit null exception at 0x0000013f2e28f38e to 0x0000013f2e2903d4
Event: 414.452 Thread 0x0000013f5cc139d0 Implicit null exception at 0x0000013f2e28f38e to 0x0000013f2e2903d4

VM Operations (20 events):
Event: 434.668 Executing VM operation: Cleanup
Event: 434.668 Executing VM operation: Cleanup done
Event: 436.690 Executing VM operation: Cleanup
Event: 436.690 Executing VM operation: Cleanup done
Event: 438.698 Executing VM operation: Cleanup
Event: 438.698 Executing VM operation: Cleanup done
Event: 439.699 Executing VM operation: Cleanup
Event: 439.700 Executing VM operation: Cleanup done
Event: 457.814 Executing VM operation: Cleanup
Event: 457.814 Executing VM operation: Cleanup done
Event: 458.829 Executing VM operation: Cleanup
Event: 458.829 Executing VM operation: Cleanup done
Event: 458.836 Executing VM operation: G1CollectForAllocation
Event: 458.836 Executing VM operation: G1CollectForAllocation done
Event: 458.836 Executing VM operation: G1CollectForAllocation
Event: 458.844 Executing VM operation: G1CollectForAllocation done
Event: 458.992 Executing VM operation: G1CollectForAllocation
Event: 458.992 Executing VM operation: G1CollectForAllocation done
Event: 458.992 Executing VM operation: G1CollectForAllocation
Event: 459.000 Executing VM operation: G1CollectForAllocation done

Events (20 events):
Event: 418.219 Thread 0x0000013f3c92c6b0 flushing nmethod 0x0000013f26d5a490
Event: 418.221 Thread 0x0000013f3c92c6b0 flushing nmethod 0x0000013f27243010
Event: 418.221 Thread 0x0000013f3c92c6b0 flushing nmethod 0x0000013f2730b690
Event: 418.221 Thread 0x0000013f3c92c6b0 flushing nmethod 0x0000013f2743c290
Event: 418.224 Thread 0x0000013f3c92c6b0 flushing nmethod 0x0000013f27a39e10
Event: 418.224 Thread 0x0000013f3c92c6b0 flushing nmethod 0x0000013f27a3b690
Event: 418.224 Thread 0x0000013f3c92c6b0 flushing nmethod 0x0000013f27a3de90
Event: 418.224 Thread 0x0000013f3c92c6b0 flushing nmethod 0x0000013f27aa8110
Event: 418.224 Thread 0x0000013f3c92c6b0 flushing nmethod 0x0000013f27aa8b90
Event: 418.225 Thread 0x0000013f3c92c6b0 flushing nmethod 0x0000013f27d23290
Event: 419.814 Thread 0x0000013f61c76090 Thread added: 0x0000013f61c76090
Event: 419.818 Thread 0x0000013f6180b7f0 Thread added: 0x0000013f6180b7f0
Event: 420.076 Thread 0x0000013f6180b7f0 Thread exited: 0x0000013f6180b7f0
Event: 420.687 Thread 0x0000013f61c76090 Thread exited: 0x0000013f61c76090
Event: 425.306 Thread 0x0000013f61e1fa30 Thread exited: 0x0000013f61e1fa30
Event: 425.306 Thread 0x0000013f61e20450 Thread exited: 0x0000013f61e20450
Event: 425.306 Thread 0x0000013f61e22cd0 Thread exited: 0x0000013f61e22cd0
Event: 430.480 Thread 0x0000013f5e00e890 Thread exited: 0x0000013f5e00e890
Event: 458.771 Thread 0x0000013f6210aed0 Thread added: 0x0000013f6210aed0
Event: 458.772 Thread 0x0000013f674e0a50 Thread added: 0x0000013f674e0a50


Dynamic libraries:
0x00007ff739110000 - 0x00007ff739120000 	C:\Program Files\Java\jdk-17\bin\java.exe
0x00007ffd15690000 - 0x00007ffd15888000 	C:\Windows\SYSTEM32\ntdll.dll
0x00007ffd13c10000 - 0x00007ffd13cd2000 	C:\Windows\System32\KERNEL32.DLL
0x00007ffd13110000 - 0x00007ffd13406000 	C:\Windows\System32\KERNELBASE.dll
0x00007ffd12fc0000 - 0x00007ffd130c0000 	C:\Windows\System32\ucrtbase.dll
0x00007ffd025c0000 - 0x00007ffd025d9000 	C:\Program Files\Java\jdk-17\bin\jli.dll
0x00007ffcff5e0000 - 0x00007ffcff5fb000 	C:\Program Files\Java\jdk-17\bin\VCRUNTIME140.dll
0x00007ffd14f80000 - 0x00007ffd15031000 	C:\Windows\System32\ADVAPI32.dll
0x00007ffd13d90000 - 0x00007ffd13e2e000 	C:\Windows\System32\msvcrt.dll
0x00007ffd13930000 - 0x00007ffd139cf000 	C:\Windows\System32\sechost.dll
0x00007ffd144f0000 - 0x00007ffd14610000 	C:\Windows\System32\RPCRT4.dll
0x00007ffd12da0000 - 0x00007ffd12dc7000 	C:\Windows\System32\bcrypt.dll
0x00007ffd136b0000 - 0x00007ffd13851000 	C:\Windows\System32\USER32.dll
0x00007ffd002c0000 - 0x00007ffd0055b000 	C:\Windows\WinSxS\amd64_microsoft.windows.common-controls_6595b64144ccf1df_6.0.19041.6456_none_60b8a6cb71f64256\COMCTL32.dll
0x00007ffd13560000 - 0x00007ffd13582000 	C:\Windows\System32\win32u.dll
0x00007ffd13a50000 - 0x00007ffd13a7b000 	C:\Windows\System32\GDI32.dll
0x00007ffd13590000 - 0x00007ffd136a9000 	C:\Windows\System32\gdi32full.dll
0x00007ffd13410000 - 0x00007ffd134ad000 	C:\Windows\System32\msvcp_win.dll
0x00007ffd0d2e0000 - 0x00007ffd0d2ea000 	C:\Windows\SYSTEM32\VERSION.dll
0x00007ffd14450000 - 0x00007ffd1447f000 	C:\Windows\System32\IMM32.DLL
0x00007ffd03f20000 - 0x00007ffd03f2c000 	C:\Program Files\Java\jdk-17\bin\vcruntime140_1.dll
0x00007ffcf1cd0000 - 0x00007ffcf1d5e000 	C:\Program Files\Java\jdk-17\bin\msvcp140.dll
0x00007ffc7c4f0000 - 0x00007ffc7d0d0000 	C:\Program Files\Java\jdk-17\bin\server\jvm.dll
0x00007ffd14480000 - 0x00007ffd14488000 	C:\Windows\System32\PSAPI.DLL
0x00007ffd10150000 - 0x00007ffd10159000 	C:\Windows\SYSTEM32\WSOCK32.dll
0x00007ffd02fe0000 - 0x00007ffd03007000 	C:\Windows\SYSTEM32\WINMM.dll
0x00007ffd13ec0000 - 0x00007ffd13f2b000 	C:\Windows\System32\WS2_32.dll
0x00007ffd10ad0000 - 0x00007ffd10ae2000 	C:\Windows\SYSTEM32\kernel.appcore.dll
0x00007ffd03010000 - 0x00007ffd0301a000 	C:\Program Files\Java\jdk-17\bin\jimage.dll
0x00007ffd0bb30000 - 0x00007ffd0bd31000 	C:\Windows\SYSTEM32\DBGHELP.DLL
0x00007ffd0bf00000 - 0x00007ffd0bf34000 	C:\Windows\SYSTEM32\dbgcore.DLL
0x00007ffd12f30000 - 0x00007ffd12fb2000 	C:\Windows\System32\bcryptPrimitives.dll
0x00007ffcff450000 - 0x00007ffcff45e000 	C:\Program Files\Java\jdk-17\bin\instrument.dll
0x00007ffcfe810000 - 0x00007ffcfe835000 	C:\Program Files\Java\jdk-17\bin\java.dll
0x00007ffcc2ac0000 - 0x00007ffcc2b97000 	C:\Program Files\Java\jdk-17\bin\jsvml.dll
0x00007ffd14690000 - 0x00007ffd14e00000 	C:\Windows\System32\SHELL32.dll
0x00007ffd10db0000 - 0x00007ffd11555000 	C:\Windows\SYSTEM32\windows.storage.dll
0x00007ffd15040000 - 0x00007ffd15394000 	C:\Windows\System32\combase.dll
0x00007ffd12670000 - 0x00007ffd1269b000 	C:\Windows\SYSTEM32\Wldp.dll
0x00007ffd13860000 - 0x00007ffd1392d000 	C:\Windows\System32\OLEAUT32.dll
0x00007ffd13ce0000 - 0x00007ffd13d8d000 	C:\Windows\System32\SHCORE.dll
0x00007ffd14f20000 - 0x00007ffd14f7b000 	C:\Windows\System32\shlwapi.dll
0x00007ffd12c50000 - 0x00007ffd12c74000 	C:\Windows\SYSTEM32\profapi.dll
0x00007ffcfa2c0000 - 0x00007ffcfa2d8000 	C:\Program Files\Java\jdk-17\bin\zip.dll
0x00007ffcfdb00000 - 0x00007ffcfdb19000 	C:\Program Files\Java\jdk-17\bin\net.dll
0x00007ffd0c9a0000 - 0x00007ffd0caaa000 	C:\Windows\SYSTEM32\WINHTTP.dll
0x00007ffd123d0000 - 0x00007ffd1243a000 	C:\Windows\system32\mswsock.dll
0x00007ffcfa2e0000 - 0x00007ffcfa2f6000 	C:\Program Files\Java\jdk-17\bin\nio.dll
0x00007ffd02f70000 - 0x00007ffd02f80000 	C:\Program Files\Java\jdk-17\bin\verify.dll
0x00007ffcfa030000 - 0x00007ffcfa057000 	C:\Users\alfan\.gradle\native\c067742578af261105cb4f569cf0c3c89f3d7b1fecec35dd04571415982c5e48\windows-amd64\native-platform.dll
0x00007ffcbdbf0000 - 0x00007ffcbdd34000 	C:\Users\alfan\.gradle\native\100fb08df4bc3b14c8652ba06237920a3bd2aa13389f12d3474272988ae205f9\windows-amd64\native-platform-file-events.dll
0x00007ffd01390000 - 0x00007ffd0139a000 	C:\Program Files\Java\jdk-17\bin\management.dll
0x00007ffd00580000 - 0x00007ffd0058b000 	C:\Program Files\Java\jdk-17\bin\management_ext.dll
0x00007ffd125c0000 - 0x00007ffd125d8000 	C:\Windows\SYSTEM32\CRYPTSP.dll
0x00007ffd11cf0000 - 0x00007ffd11d28000 	C:\Windows\system32\rsaenh.dll
0x00007ffd12bd0000 - 0x00007ffd12bfe000 	C:\Windows\SYSTEM32\USERENV.dll
0x00007ffd125e0000 - 0x00007ffd125ec000 	C:\Windows\SYSTEM32\CRYPTBASE.dll
0x00007ffd120b0000 - 0x00007ffd120eb000 	C:\Windows\SYSTEM32\IPHLPAPI.DLL
0x00007ffd14680000 - 0x00007ffd14688000 	C:\Windows\System32\NSI.dll
0x00007ffd0d490000 - 0x00007ffd0d4a7000 	C:\Windows\SYSTEM32\dhcpcsvc6.DLL
0x00007ffd0d5b0000 - 0x00007ffd0d5cd000 	C:\Windows\SYSTEM32\dhcpcsvc.DLL
0x00007ffd120f0000 - 0x00007ffd121ba000 	C:\Windows\SYSTEM32\DNSAPI.dll
0x00007ffcff2f0000 - 0x00007ffcff2fe000 	C:\Program Files\Java\jdk-17\bin\sunmscapi.dll
0x00007ffd12dd0000 - 0x00007ffd12f2d000 	C:\Windows\System32\CRYPT32.dll
0x00007ffd126e0000 - 0x00007ffd12707000 	C:\Windows\SYSTEM32\ncrypt.dll
0x00007ffd126a0000 - 0x00007ffd126db000 	C:\Windows\SYSTEM32\NTASN1.dll
0x00007ffcfeb70000 - 0x00007ffcfeb77000 	C:\Windows\system32\wshunix.dll
0x00007ffd101d0000 - 0x00007ffd101e7000 	C:\Windows\system32\napinsp.dll
0x00007ffcfa280000 - 0x00007ffcfa29b000 	C:\Windows\system32\pnrpnsp.dll
0x00007ffd10000000 - 0x00007ffd1001d000 	C:\Windows\system32\NLAapi.dll
0x00007ffcf9d70000 - 0x00007ffcf9d82000 	C:\Windows\System32\winrnr.dll
0x00007ffcfbf90000 - 0x00007ffcfbfad000 	C:\Windows\system32\wshbth.dll
0x00007ffd09ea0000 - 0x00007ffd09eaa000 	C:\Windows\System32\rasadhlp.dll
0x00007ffd0a440000 - 0x00007ffd0a4c0000 	C:\Windows\System32\fwpuclnt.dll

dbghelp: loaded successfully - version: 4.0.5 - missing functions: none
symbol engine: initialized successfully - sym options: 0x614 - pdb path: .;C:\Program Files\Java\jdk-17\bin;C:\Windows\SYSTEM32;C:\Windows\WinSxS\amd64_microsoft.windows.common-controls_6595b64144ccf1df_6.0.19041.6456_none_60b8a6cb71f64256;C:\Program Files\Java\jdk-17\bin\server;C:\Users\alfan\.gradle\native\c067742578af261105cb4f569cf0c3c89f3d7b1fecec35dd04571415982c5e48\windows-amd64;C:\Users\alfan\.gradle\native\100fb08df4bc3b14c8652ba06237920a3bd2aa13389f12d3474272988ae205f9\windows-amd64

VM Arguments:
jvm_args: -XX:MaxMetaspaceSize=512m --add-opens=java.base/java.util=ALL-UNNAMED --add-opens=java.base/java.lang=ALL-UNNAMED --add-opens=java.base/java.lang.invoke=ALL-UNNAMED --add-opens=java.prefs/java.util.prefs=ALL-UNNAMED --add-opens=java.base/java.nio.charset=ALL-UNNAMED --add-opens=java.base/java.net=ALL-UNNAMED --add-opens=java.base/java.util.concurrent.atomic=ALL-UNNAMED -Xmx2048m -Dfile.encoding=windows-1252 -Duser.country=IN -Duser.language=en -Duser.variant -javaagent:C:\Users\alfan\.gradle\wrapper\dists\gradle-8.8-all\6gdy1pgp427xkqcjbxw3ylt6h\gradle-8.8\lib\agents\gradle-instrumentation-agent-8.8.jar 
java_command: org.gradle.launcher.daemon.bootstrap.GradleDaemon 8.8
java_class_path (initial): C:\Users\alfan\.gradle\wrapper\dists\gradle-8.8-all\6gdy1pgp427xkqcjbxw3ylt6h\gradle-8.8\lib\gradle-launcher-8.8.jar
Launcher Type: SUN_STANDARD

[Global flags]
     intx CICompilerCount                          = 4                                         {product} {ergonomic}
   size_t CompressedClassSpaceSize                 = 436207616                                 {product} {ergonomic}
     uint ConcGCThreads                            = 3                                         {product} {ergonomic}
     uint G1ConcRefinementThreads                  = 10                                        {product} {ergonomic}
   size_t G1HeapRegionSize                         = 1048576                                   {product} {ergonomic}
    uintx GCDrainStackTargetSize                   = 64                                        {product} {ergonomic}
   size_t InitialHeapSize                          = 266338304                                 {product} {ergonomic}
   size_t MarkStackSize                            = 4194304                                   {product} {ergonomic}
   size_t MaxHeapSize                              = 2147483648                                {product} {command line}
   size_t MaxMetaspaceSize                         = 536870912                                 {product} {command line}
   size_t MaxNewSize                               = 1287651328                                {product} {ergonomic}
   size_t MinHeapDeltaBytes                        = 1048576                                   {product} {ergonomic}
   size_t MinHeapSize                              = 8388608                                   {product} {ergonomic}
    uintx NonNMethodCodeHeapSize                   = 5839372                                {pd product} {ergonomic}
    uintx NonProfiledCodeHeapSize                  = 122909434                              {pd product} {ergonomic}
    uintx ProfiledCodeHeapSize                     = 122909434                              {pd product} {ergonomic}
    uintx ReservedCodeCacheSize                    = 251658240                              {pd product} {ergonomic}
     bool SegmentedCodeCache                       = true                                      {product} {ergonomic}
   size_t SoftMaxHeapSize                          = 2147483648                             {manageable} {ergonomic}
     bool UseCompressedClassPointers               = true                           {product lp64_product} {ergonomic}
     bool UseCompressedOops                        = true                           {product lp64_product} {ergonomic}
     bool UseG1GC                                  = true                                      {product} {ergonomic}
     bool UseLargePagesIndividualAllocation        = false                                  {pd product} {ergonomic}

Logging:
Log output configuration:
 #0: stdout all=warning uptime,level,tags
 #1: stderr all=off uptime,level,tags

Environment Variables:
JAVA_HOME=C:\Program Files\Java\jdk-17
CLASSPATH=C:\Users\alfan\OneDrive\Desktop\RealEstateERP\apps\marketing-mobile\android\\gradle\wrapper\gradle-wrapper.jar
PATH=C:/Users/alfan/.gemini/antigravity/bin;C:\Users\alfan\AppData\Roaming\Antigravity\bin;C:\Program Files\Common Files\Oracle\Java\javapath;C:\Windows\system32;C:\Windows;C:\Windows\System32\Wbem;C:\Windows\System32\WindowsPowerShell\v1.0\;C:\Windows\System32\OpenSSH\;C:\Program Files\Git\cmd;C:\Program Files\nodejs\;C:\Users\alfan\AppData\Local\Microsoft\WindowsApps;C:\Users\alfan\AppData\Roaming\npm;C:\Users\alfan\AppData\Local\Programs\Antigravity IDE\bin
USERNAME=alfan
OS=Windows_NT
PROCESSOR_IDENTIFIER=Intel64 Family 6 Model 158 Stepping 10, GenuineIntel



---------------  S Y S T E M  ---------------

OS:
 Windows 10 , 64 bit Build 19041 (10.0.19041.5915)
OS uptime: 0 days 12:20 hours

CPU: total 12 (initial active 12) (6 cores per cpu, 2 threads per core) family 6 model 158 stepping 10 microcode 0xb4, cx8, cmov, fxsr, ht, mmx, 3dnowpref, sse, sse2, sse3, ssse3, sse4.1, sse4.2, popcnt, lzcnt, tsc, tscinvbit, avx, avx2, aes, erms, clmul, bmi1, bmi2, rtm, adx, fma, vzeroupper, clflush, clflushopt

Memory: 4k page, system-wide physical 16247M (9040M free)
TotalPageFile size 32495M (AvailPageFile size 23545M)
current process WorkingSet (physical memory assigned to process): 921M, peak: 953M
current process commit charge ("private bytes"): 994M, peak: 1014M

vm_info: Java HotSpot(TM) 64-Bit Server VM (17.0.12+8-LTS-286) for windows-amd64 JRE (17.0.12+8-LTS-286), built on Jun  5 2024 06:46:59 by "mach5one" with MS VC++ 17.6 (VS2022)

END.
