#
# A fatal error has been detected by the Java Runtime Environment:
#
#  EXCEPTION_ACCESS_VIOLATION (0xc0000005) at pc=0x00007ffc74aed8b6, pid=12676, tid=11348
#
# JRE version: Java(TM) SE Runtime Environment (17.0.12+8) (build 17.0.12+8-LTS-286)
# Java VM: Java HotSpot(TM) 64-Bit Server VM (17.0.12+8-LTS-286, mixed mode, sharing, tiered, compressed oops, compressed class ptrs, g1 gc, windows-amd64)
# Problematic frame:
# V  [jvm.dll+0x1ad8b6]
#
# No core dump will be written. Minidumps are not enabled by default on client versions of Windows
#
# If you would like to submit a bug report, please visit:
#   https://bugreport.java.com/bugreport/crash.jsp
#

---------------  S U M M A R Y ------------

Command Line: --add-opens=java.base/java.util=ALL-UNNAMED --add-opens=java.base/java.lang=ALL-UNNAMED --add-opens=java.base/java.lang.invoke=ALL-UNNAMED --add-opens=java.prefs/java.util.prefs=ALL-UNNAMED --add-opens=java.base/java.nio.charset=ALL-UNNAMED --add-opens=java.base/java.net=ALL-UNNAMED --add-opens=java.base/java.util.concurrent.atomic=ALL-UNNAMED -Xmx1024m -Dfile.encoding=windows-1252 -Duser.country=IN -Duser.language=en -Duser.variant -javaagent:C:\Users\alfan\.gradle\wrapper\dists\gradle-8.8-all\6gdy1pgp427xkqcjbxw3ylt6h\gradle-8.8\lib\agents\gradle-instrumentation-agent-8.8.jar org.gradle.launcher.daemon.bootstrap.GradleDaemon 8.8

Host: Intel(R) Core(TM) i7-8700 CPU @ 3.20GHz, 12 cores, 15G,  Windows 10 , 64 bit Build 19041 (10.0.19041.5915)
Time: Wed Aug 12 00:54:03 2026 India Standard Time elapsed time: 1103.574175 seconds (0d 0h 18m 23s)

---------------  T H R E A D  ---------------

Current thread (0x0000012410c9faf0):  ConcurrentGCThread "G1 Conc#2" [stack: 0x00000016a0c00000,0x00000016a0d00000] [id=11348]

Stack: [0x00000016a0c00000,0x00000016a0d00000],  sp=0x00000016a0cff9a8,  free space=1022k
Native frames: (J=compiled Java code, j=interpreted, Vv=VM code, C=native code)
V  [jvm.dll+0x1ad8b6]


siginfo: EXCEPTION_ACCESS_VIOLATION (0xc0000005), reading address 0x00000123f96c6176


Registers:
RAX=0x0000000000000000, RBX=0x00000123ad06a301, RCX=0x00000000c05fb4f0, RDX=0x00000000c05fb4f0
RSP=0x00000016a0cff9a8, RBP=0x0000000000000002, RSI=0x00000123ad06a330, RDI=0x00000000c05fb4f0
R8 =0x00000123c5457ed0, R9 =0x00000123f96c616e, R10=0x00000123ad06a330, R11=0x0000000000000003
R12=0x0000000000000000, R13=0xaaaaaaaaaaaaaaab, R14=0x0000000000000001, R15=0x00000016a0cffb30
RIP=0x00007ffc74aed8b6, EFLAGS=0x0000000000010202


Register to memory mapping:

RIP=0x00007ffc74aed8b6 jvm.dll
RAX=0x0 is NULL
RBX=0x00000123ad06a301 points into unknown readable memory: 00 00 00 00 00 00 00
RCX=0x00000000c05fb4f0 is pointing into object: [B 
{0x00000000c05fa348} - klass: {type array byte}
 - length: 7261
RDX=0x00000000c05fb4f0 is pointing into object: [B 
{0x00000000c05fa348} - klass: {type array byte}
 - length: 7261
RSP=0x00000016a0cff9a8 points into unknown readable memory: 0x00007ffc74c139ad | ad 39 c1 74 fc 7f 00 00
RBP=0x0000000000000002 is an unknown value
RSI=0x00000123ad06a330 points into unknown readable memory: 0x00000123ad072c70 | 70 2c 07 ad 23 01 00 00
RDI=0x00000000c05fb4f0 is pointing into object: [B 
{0x00000000c05fa348} - klass: {type array byte}
 - length: 7261
R8 =0x00000123c5457ed0 points into unknown readable memory: 0x0000000040000000 | 00 00 00 40 00 00 00 00
R9 =0x00000123f96c616e is an unknown value
R10=0x00000123ad06a330 points into unknown readable memory: 0x00000123ad072c70 | 70 2c 07 ad 23 01 00 00
R11=0x0000000000000003 is an unknown value
R12=0x0 is NULL
R13=0xaaaaaaaaaaaaaaab is an unknown value
R14=0x0000000000000001 is an unknown value
R15=0x00000016a0cffb30 points into unknown readable memory: 0x00000123ad06a330 | 30 a3 06 ad 23 01 00 00


Top of Stack: (sp=0x00000016a0cff9a8)
0x00000016a0cff9a8:   00007ffc74c139ad 00000000ccba7910
0x00000016a0cff9b8:   00007ffc74c137ad 00000000ceac2a40
0x00000016a0cff9c8:   00007ffc74c137ad 00000000c05fb4f0
0x00000016a0cff9d8:   00007ffc74c137ad 00000123ad07ea00
0x00000016a0cff9e8:   00000016a0cffb70 00000000ceac2a58
0x00000016a0cff9f8:   00007ffc74c118ad 00000016a0cffb70
0x00000016a0cffa08:   00007ffc74c11d6d 00000000ceac2a50
0x00000016a0cffa18:   00007ffc74c114f1 00000016a0cffb30
0x00000016a0cffa28:   0000000000000001 00000123ca018cb8
0x00000016a0cffa38:   00007ffc74c114f1 0000000000000003
0x00000016a0cffa48:   00000000ceac2a40 00000016a0cffb70
0x00000016a0cffa58:   0000000000000040 00000123ad07ea00
0x00000016a0cffa68:   00007ffc74c26d34 00000000ceac2a40
0x00000016a0cffa78:   00000123ad06a380 00000016a0cffb30
0x00000016a0cffa88:   00000123ad06a380 00000000ceac2a40
0x00000016a0cffa98:   00007ffc74c23461 0000000001d58548 

Instructions: (pc=0x00007ffc74aed8b6)
0x00007ffc74aed7b6:   0f 28 44 24 20 0f 11 86 f8 02 00 00 48 8b 5c 24
0x00007ffc74aed7c6:   40 48 8b 74 24 48 48 83 c4 30 5f c3 48 8b 07 48
0x00007ffc74aed7d6:   8d 54 24 20 48 8b cf ff 50 38 48 8b 5c 24 40 48
0x00007ffc74aed7e6:   8b 74 24 48 48 83 c4 30 5f c3 48 89 5c 24 08 57
0x00007ffc74aed7f6:   48 83 ec 30 48 8b 02 48 8b f9 48 8b ca 48 8b da
0x00007ffc74aed806:   ff 50 38 84 c0 74 3c 48 83 bb 00 03 00 00 00 74
0x00007ffc74aed816:   32 0f 10 83 f8 02 00 00 48 8b 07 48 8d 54 24 20
0x00007ffc74aed826:   48 8b cf 0f 29 44 24 20 ff 50 40 33 c0 48 89 44
0x00007ffc74aed836:   24 20 48 89 44 24 28 0f 28 44 24 20 0f 11 83 f8
0x00007ffc74aed846:   02 00 00 48 8b 5c 24 40 48 83 c4 30 5f c3 cc cc
0x00007ffc74aed856:   cc cc cc cc cc cc cc cc cc cc 48 8b 49 40 48 8b
0x00007ffc74aed866:   01 48 ff 60 28 cc cc cc cc cc 80 3d e1 b6 95 00
0x00007ffc74aed876:   00 48 8b c1 74 1b 8b 51 08 8b 0d 43 3a 8f 00 48
0x00007ffc74aed886:   d3 e2 48 8b c8 48 03 15 2e 3a 8f 00 e9 19 00 00
0x00007ffc74aed896:   00 48 8b 51 08 48 8b c8 e9 0d 00 00 00 cc cc cc
0x00007ffc74aed8a6:   cc cc cc cc cc cc cc cc cc cc 4c 8b ca 48 8b d1
0x00007ffc74aed8b6:   45 8b 41 08 45 85 c0 7e 0e 41 f6 c0 01 75 56 41
0x00007ffc74aed8c6:   c1 f8 03 41 8b c0 c3 79 4c 80 3d 82 b6 95 00 00
0x00007ffc74aed8d6:   b8 0c 00 00 00 b9 10 00 00 00 0f 45 c8 8b 05 fb
0x00007ffc74aed8e6:   48 8f 00 ff c8 4c 63 c8 48 63 14 11 41 8b c8 83
0x00007ffc74aed8f6:   e1 3f 48 d3 e2 41 8b c8 48 c1 f9 10 0f b6 c1 49
0x00007ffc74aed906:   8d 0c 11 49 f7 d1 48 03 c1 49 c1 e9 03 48 c1 e8
0x00007ffc74aed916:   03 41 23 c1 c3 49 8b 01 49 8b c9 48 ff a0 00 01
0x00007ffc74aed926:   00 00 cc cc cc cc cc cc cc cc 48 83 ec 38 0f 10
0x00007ffc74aed936:   02 48 8b 49 40 48 8d 54 24 20 0f 29 44 24 20 e8
0x00007ffc74aed946:   86 f2 ff ff 48 83 c4 38 c3 cc 48 83 ec 38 0f 10
0x00007ffc74aed956:   02 48 8b 01 48 8d 54 24 20 0f 29 44 24 20 ff 50
0x00007ffc74aed966:   38 48 83 c4 38 c3 cc cc cc cc 48 89 5c 24 08 55
0x00007ffc74aed976:   56 57 41 54 41 55 41 56 41 57 48 8d 6c 24 e0 48
0x00007ffc74aed986:   81 ec 20 01 00 00 48 8b 05 35 38 92 00 48 33 c4
0x00007ffc74aed996:   48 89 45 10 48 8b 05 af ac 94 00 45 33 ed 4c 8b
0x00007ffc74aed9a6:   b5 80 00 00 00 4c 8b fa 48 8b bd 88 00 00 00 4d 


Stack slot to memory mapping:
stack at sp + 0 slots: 0x00007ffc74c139ad jvm.dll
stack at sp + 1 slots: 0x00000000ccba7910 is an oop: java.util.LinkedHashMap$Entry 
{0x00000000ccba7910} - klass: 'java/util/LinkedHashMap$Entry'
 - ---- fields (total size 5 words):
 - final 'hash' 'I' @12  218479163 (d05ba3b)
 - final 'key' 'Ljava/lang/Object;' @16  "com.facebook.react:hermes-android:0.74.5"{0x00000000ccba7938} (ccba7938)
 - 'value' 'Ljava/lang/Object;' @20  a 'java/lang/Object'{0x00000000c07c4890} (c07c4890)
 - 'next' 'Ljava/util/HashMap$Node;' @24  NULL (0)
 - 'before' 'Ljava/util/LinkedHashMap$Entry;' @28  a 'java/util/LinkedHashMap$Entry'{0x00000000ccba7988} (ccba7988)
 - 'after' 'Ljava/util/LinkedHashMap$Entry;' @32  NULL (0)
stack at sp + 2 slots: 0x00007ffc74c137ad jvm.dll
stack at sp + 3 slots: 0x00000000ceac2a40 is an oop: [Ljava.lang.String; 
{0x00000000ceac2a40} - klass: 'java/lang/String'[]
 - length: 2
stack at sp + 4 slots: 0x00007ffc74c137ad jvm.dll
stack at sp + 5 slots: 0x00000000c05fb4f0 is pointing into object: [B 
{0x00000000c05fa348} - klass: {type array byte}
 - length: 7261
stack at sp + 6 slots: 0x00007ffc74c137ad jvm.dll
stack at sp + 7 slots: 0x00000123ad07ea00 points into unknown readable memory: 0x00007ffc7523a278 | 78 a2 23 75 fc 7f 00 00


---------------  P R O C E S S  ---------------

Threads class SMR info:
_java_thread_list=0x00000124102a40a0, length=63, elements={
0x00000123ad02d0c0, 0x00000123c90a4760, 0x00000123c90a53e0, 0x00000123c90bcb40,
0x00000123c90bd410, 0x00000123c90bdce0, 0x00000123c90be6a0, 0x00000123c90bf440,
0x00000123c90c4310, 0x00000123c90c5d20, 0x00000123c92ca210, 0x00000123c93b5820,
0x000001240f26ab80, 0x000001240f26c9e0, 0x000001240f26c4d0, 0x000001240f26d400,
0x000001240f26bab0, 0x000001240f26a160, 0x000001240f26a670, 0x000001240f26d910,
0x000001240f26b5a0, 0x000001240f26b090, 0x000001241091a160, 0x000001241091de20,
0x000001241091c9e0, 0x0000012410920190, 0x000001241091fc80, 0x000001241091ed50,
0x000001241091f260, 0x0000012410918d20, 0x00000124109206a0, 0x000001241091a670,
0x000001241091f770, 0x000001241091bab0, 0x000001241091c4d0, 0x000001241091cef0,
0x000001241091d400, 0x000001241091d910, 0x000001240f26cef0, 0x0000012413662470,
0x00000124136647e0, 0x0000012413664cf0, 0x0000012412a7d970, 0x0000012412a7f2c0,
0x0000012412a7ca40, 0x0000012412a82560, 0x0000012412a82a70, 0x0000012412a83490,
0x0000012412a7edb0, 0x0000012412a83eb0, 0x0000012412a82f80, 0x0000012412a7fce0,
0x0000012412a81120, 0x0000012412a7e8a0, 0x0000012412a7cf50, 0x0000012412a7d460,
0x0000012412810af0, 0x0000012412813880, 0x0000012412813d90, 0x0000012412811000,
0x000001241ab3d840, 0x0000012414ffca90, 0x0000012414fff310
}

Java Threads: ( => current thread )
  0x00000123ad02d0c0 JavaThread "main" [_thread_blocked, id=13560, stack(0x000000169dd00000,0x000000169de00000)]
  0x00000123c90a4760 JavaThread "Reference Handler" daemon [_thread_blocked, id=16736, stack(0x000000169e400000,0x000000169e500000)]
  0x00000123c90a53e0 JavaThread "Finalizer" daemon [_thread_blocked, id=12084, stack(0x000000169e500000,0x000000169e600000)]
  0x00000123c90bcb40 JavaThread "Signal Dispatcher" daemon [_thread_blocked, id=16808, stack(0x000000169e600000,0x000000169e700000)]
  0x00000123c90bd410 JavaThread "Attach Listener" daemon [_thread_blocked, id=14796, stack(0x000000169e700000,0x000000169e800000)]
  0x00000123c90bdce0 JavaThread "Service Thread" daemon [_thread_blocked, id=968, stack(0x000000169e800000,0x000000169e900000)]
  0x00000123c90be6a0 JavaThread "Monitor Deflation Thread" daemon [_thread_blocked, id=10888, stack(0x000000169e900000,0x000000169ea00000)]
  0x00000123c90bf440 JavaThread "C2 CompilerThread0" daemon [_thread_blocked, id=12012, stack(0x000000169ea00000,0x000000169eb00000)]
  0x00000123c90c4310 JavaThread "C1 CompilerThread0" daemon [_thread_blocked, id=2720, stack(0x000000169eb00000,0x000000169ec00000)]
  0x00000123c90c5d20 JavaThread "Sweeper thread" daemon [_thread_blocked, id=13744, stack(0x000000169ec00000,0x000000169ed00000)]
  0x00000123c92ca210 JavaThread "Common-Cleaner" daemon [_thread_blocked, id=13920, stack(0x000000169ed00000,0x000000169ee00000)]
  0x00000123c93b5820 JavaThread "Notification Thread" daemon [_thread_blocked, id=9748, stack(0x000000169ee00000,0x000000169ef00000)]
  0x000001240f26ab80 JavaThread "Daemon health stats" [_thread_blocked, id=6540, stack(0x000000169f700000,0x000000169f800000)]
  0x000001240f26c9e0 JavaThread "Incoming local TCP Connector on port 64938" [_thread_in_native, id=2480, stack(0x000000169f800000,0x000000169f900000)]
  0x000001240f26c4d0 JavaThread "Daemon periodic checks" [_thread_blocked, id=1548, stack(0x000000169f900000,0x000000169fa00000)]
  0x000001240f26d400 JavaThread "Daemon" [_thread_blocked, id=1396, stack(0x000000169fa00000,0x000000169fb00000)]
  0x000001240f26bab0 JavaThread "Handler for socket connection from /127.0.0.1:64938 to /127.0.0.1:64939" [_thread_in_native, id=6504, stack(0x000000169fb00000,0x000000169fc00000)]
  0x000001240f26a160 JavaThread "Cancel handler" [_thread_blocked, id=13652, stack(0x000000169fc00000,0x000000169fd00000)]
  0x000001240f26a670 JavaThread "Daemon worker" [_thread_blocked, id=9224, stack(0x000000169fd00000,0x000000169fe00000)]
  0x000001240f26d910 JavaThread "Asynchronous log dispatcher for DefaultDaemonConnection: socket connection from /127.0.0.1:64938 to /127.0.0.1:64939" [_thread_blocked, id=10000, stack(0x000000169fe00000,0x000000169ff00000)]
  0x000001240f26b5a0 JavaThread "Stdin handler" [_thread_blocked, id=14264, stack(0x000000169ff00000,0x00000016a0000000)]
  0x000001240f26b090 JavaThread "Daemon client event forwarder" [_thread_blocked, id=16988, stack(0x00000016a0000000,0x00000016a0100000)]
  0x000001241091a160 JavaThread "Cache worker for journal cache (C:\Users\alfan\.gradle\caches\journal-1)" [_thread_blocked, id=7596, stack(0x00000016a0100000,0x00000016a0200000)]
  0x000001241091de20 JavaThread "File lock request listener" [_thread_in_native, id=7052, stack(0x00000016a0200000,0x00000016a0300000)]
  0x000001241091c9e0 JavaThread "Cache worker for file hash cache (C:\Users\alfan\.gradle\caches\8.8\fileHashes)" [_thread_blocked, id=12132, stack(0x00000016a0300000,0x00000016a0400000)]
  0x0000012410920190 JavaThread "Cache worker for file hash cache (C:\Users\alfan\OneDrive\Desktop\RealEstateERP\apps\marketing-mobile\android\.gradle\8.8\fileHashes)" [_thread_blocked, id=4992, stack(0x00000016a0400000,0x00000016a0500000)]
  0x000001241091fc80 JavaThread "File watcher server" daemon [_thread_in_native, id=4668, stack(0x00000016a0500000,0x00000016a0600000)]
  0x000001241091ed50 JavaThread "File watcher consumer" daemon [_thread_blocked, id=15616, stack(0x00000016a0600000,0x00000016a0700000)]
  0x000001241091f260 JavaThread "Cache worker for checksums cache (C:\Users\alfan\OneDrive\Desktop\RealEstateERP\apps\marketing-mobile\android\.gradle\8.8\checksums)" [_thread_blocked, id=14396, stack(0x00000016a0d00000,0x00000016a0e00000)]
  0x0000012410918d20 JavaThread "Cache worker for file content cache (C:\Users\alfan\.gradle\caches\8.8\fileContent)" [_thread_blocked, id=8048, stack(0x00000016a0e00000,0x00000016a0f00000)]
  0x00000124109206a0 JavaThread "Cache worker for cache directory md-rule (C:\Users\alfan\.gradle\caches\8.8\md-rule)" [_thread_blocked, id=4392, stack(0x00000016a0f00000,0x00000016a1000000)]
  0x000001241091a670 JavaThread "Cache worker for cache directory md-supplier (C:\Users\alfan\.gradle\caches\8.8\md-supplier)" [_thread_blocked, id=4956, stack(0x00000016a1000000,0x00000016a1100000)]
  0x000001241091f770 JavaThread "jar transforms" [_thread_blocked, id=13872, stack(0x00000016a1100000,0x00000016a1200000)]
  0x000001241091bab0 JavaThread "Unconstrained build operations" [_thread_blocked, id=16864, stack(0x00000016a1500000,0x00000016a1600000)]
  0x000001241091c4d0 JavaThread "Unconstrained build operations Thread 2" [_thread_blocked, id=16948, stack(0x00000016a1600000,0x00000016a1700000)]
  0x000001241091cef0 JavaThread "Unconstrained build operations Thread 3" [_thread_blocked, id=6708, stack(0x00000016a1700000,0x00000016a1800000)]
  0x000001241091d400 JavaThread "Cache worker for Build Output Cleanup Cache (C:\Users\alfan\OneDrive\Desktop\RealEstateERP\node_modules\.pnpm\@react-native+gradle-plugin@0.74.87\node_modules\@react-native\gradle-plugin\.gradle\buildOutputCleanup)" [_thread_blocked, id=14132, stack(0x00000016a1800000,0x00000016a1900000)]
  0x000001241091d910 JavaThread "Unconstrained build operations Thread 4" [_thread_blocked, id=8956, stack(0x00000016a1900000,0x00000016a1a00000)]
  0x000001240f26cef0 JavaThread "Unconstrained build operations Thread 5" [_thread_blocked, id=10368, stack(0x00000016a1a00000,0x00000016a1b00000)]
  0x0000012413662470 JavaThread "Unconstrained build operations Thread 6" [_thread_blocked, id=2440, stack(0x00000016a1b00000,0x00000016a1c00000)]
  0x00000124136647e0 JavaThread "Memory manager" [_thread_blocked, id=4752, stack(0x00000016a1c00000,0x00000016a1d00000)]
  0x0000012413664cf0 JavaThread "build event listener" [_thread_blocked, id=15932, stack(0x00000016a1d00000,0x00000016a1e00000)]
  0x0000012412a7d970 JavaThread "Cache worker for execution history cache (C:\Users\alfan\OneDrive\Desktop\RealEstateERP\node_modules\.pnpm\@react-native+gradle-plugin@0.74.87\node_modules\@react-native\gradle-plugin\.gradle\8.8\executionHistory)" [_thread_blocked, id=14184, stack(0x00000016a2a00000,0x00000016a2b00000)]
  0x0000012412a7f2c0 JavaThread "Unconstrained build operations Thread 7" [_thread_blocked, id=1192, stack(0x00000016a2b00000,0x00000016a2c00000)]
  0x0000012412a7ca40 JavaThread "Unconstrained build operations Thread 8" [_thread_blocked, id=14496, stack(0x00000016a2c00000,0x00000016a2d00000)]
  0x0000012412a82560 JavaThread "Unconstrained build operations Thread 9" [_thread_blocked, id=10628, stack(0x00000016a2d00000,0x00000016a2e00000)]
  0x0000012412a82a70 JavaThread "Unconstrained build operations Thread 10" [_thread_blocked, id=544, stack(0x00000016a2e00000,0x00000016a2f00000)]
  0x0000012412a83490 JavaThread "jar transforms Thread 2" [_thread_blocked, id=17364, stack(0x00000016a2f00000,0x00000016a3000000)]
  0x0000012412a7edb0 JavaThread "jar transforms Thread 3" [_thread_blocked, id=7496, stack(0x000000169f100000,0x000000169f200000)]
  0x0000012412a83eb0 JavaThread "jar transforms Thread 4" [_thread_blocked, id=9288, stack(0x00000016a3000000,0x00000016a3100000)]
  0x0000012412a82f80 JavaThread "jar transforms Thread 5" [_thread_blocked, id=11804, stack(0x000000169f000000,0x000000169f100000)]
  0x0000012412a7fce0 JavaThread "jar transforms Thread 6" [_thread_blocked, id=16300, stack(0x00000016a3100000,0x00000016a3200000)]
  0x0000012412a81120 JavaThread "jar transforms Thread 7" [_thread_blocked, id=10488, stack(0x00000016a3200000,0x00000016a3300000)]
  0x0000012412a7e8a0 JavaThread "jar transforms Thread 8" [_thread_blocked, id=8904, stack(0x00000016a3300000,0x00000016a3400000)]
  0x0000012412a7cf50 JavaThread "Cache worker for Build Output Cleanup Cache (C:\Users\alfan\OneDrive\Desktop\RealEstateERP\apps\marketing-mobile\android\.gradle\buildOutputCleanup)" [_thread_blocked, id=16028, stack(0x00000016a3600000,0x00000016a3700000)]
  0x0000012412a7d460 JavaThread "jar transforms Thread 9" [_thread_blocked, id=5148, stack(0x00000016a3700000,0x00000016a3800000)]
  0x0000012412810af0 JavaThread "jar transforms Thread 10" [_thread_blocked, id=14780, stack(0x00000016a3800000,0x00000016a3900000)]
  0x0000012412813880 JavaThread "jar transforms Thread 11" [_thread_blocked, id=16500, stack(0x00000016a3900000,0x00000016a3a00000)]
  0x0000012412813d90 JavaThread "jar transforms Thread 12" [_thread_blocked, id=4656, stack(0x00000016a3a00000,0x00000016a3b00000)]
  0x0000012412811000 JavaThread "build event listener" [_thread_blocked, id=11848, stack(0x00000016a3b00000,0x00000016a3c00000)]
  0x000001241ab3d840 JavaThread "pool-4-thread-1" [_thread_blocked, id=1444, stack(0x000000169dc00000,0x000000169dd00000)]
  0x0000012414ffca90 JavaThread "build event listener" [_thread_blocked, id=14316, stack(0x000000169db00000,0x000000169dc00000)]
  0x0000012414fff310 JavaThread "included builds Thread 2" [_thread_blocked, id=7116, stack(0x00000016a1300000,0x00000016a1400000)]

Other Threads:
  0x00000123c90a0c60 VMThread "VM Thread" [stack: 0x000000169e300000,0x000000169e400000] [id=12520]
  0x00000123ad083110 WatcherThread [stack: 0x000000169ef00000,0x000000169f000000] [id=10292]
  0x00000123ad069e20 GCTaskThread "GC Thread#0" [stack: 0x000000169de00000,0x000000169df00000] [id=13168]
  0x000001240f0d7f00 GCTaskThread "GC Thread#1" [stack: 0x000000169f200000,0x000000169f300000] [id=3696]
  0x000001240f259c70 GCTaskThread "GC Thread#2" [stack: 0x000000169f300000,0x000000169f400000] [id=16608]
  0x000001240f3d6880 GCTaskThread "GC Thread#3" [stack: 0x000000169f400000,0x000000169f500000] [id=11332]
  0x000001240f3d6b40 GCTaskThread "GC Thread#4" [stack: 0x000000169f500000,0x000000169f600000] [id=12900]
  0x000001240f3d6e00 GCTaskThread "GC Thread#5" [stack: 0x000000169f600000,0x000000169f700000] [id=9988]
  0x0000012410c9f2b0 GCTaskThread "GC Thread#6" [stack: 0x00000016a0700000,0x00000016a0800000] [id=11704]
  0x0000012410c9f570 GCTaskThread "GC Thread#7" [stack: 0x00000016a0800000,0x00000016a0900000] [id=9444]
  0x0000012410c9fdb0 GCTaskThread "GC Thread#8" [stack: 0x00000016a0900000,0x00000016a0a00000] [id=1036]
  0x0000012410c9ed30 GCTaskThread "GC Thread#9" [stack: 0x00000016a0a00000,0x00000016a0b00000] [id=14976]
  0x00000123ad072c70 ConcurrentGCThread "G1 Main Marker" [stack: 0x000000169df00000,0x000000169e000000] [id=7520]
  0x00000123ad073d20 ConcurrentGCThread "G1 Conc#0" [stack: 0x000000169e000000,0x000000169e100000] [id=8756]
  0x0000012410c9f830 ConcurrentGCThread "G1 Conc#1" [stack: 0x00000016a0b00000,0x00000016a0c00000] [id=3136]
=>0x0000012410c9faf0 ConcurrentGCThread "G1 Conc#2" [stack: 0x00000016a0c00000,0x00000016a0d00000] [id=11348]
  0x00000123ad0fdf80 ConcurrentGCThread "G1 Refine#0" [stack: 0x000000169e100000,0x000000169e200000] [id=15576]
  0x0000012413fc1250 ConcurrentGCThread "G1 Refine#1" [stack: 0x00000016a3c00000,0x00000016a3d00000] [id=10052]
  0x00000123ad0fe8b0 ConcurrentGCThread "G1 Service" [stack: 0x000000169e200000,0x000000169e300000] [id=760]

Threads with active compile tasks:

VM state: not at safepoint (normal execution)

VM Mutex/Monitor currently owned by a thread:  ([mutex/lock_event])
[0x00000123ad028a70] Heap_lock - owner thread: 0x0000012412a7ca40

Heap address: 0x00000000c0000000, size: 1024 MB, Compressed Oops mode: 32-bit

CDS archive(s) mapped at: [0x00000123ca000000-0x00000123cabd0000-0x00000123cabd0000), size 12386304, SharedBaseAddress: 0x00000123ca000000, ArchiveRelocationMode: 1.
Compressed class space mapped at: 0x00000123cb000000-0x000001240b000000, reserved size: 1073741824
Narrow klass base: 0x00000123ca000000, Narrow klass shift: 0, Narrow klass range: 0x100000000

GC Precious Log:
 CPUs: 12 total, 12 available
 Memory: 16247M
 Large Page Support: Disabled
 NUMA Support: Disabled
 Compressed Oops: Enabled (32-bit)
 Heap Region Size: 1M
 Heap Min Capacity: 8M
 Heap Initial Capacity: 254M
 Heap Max Capacity: 1G
 Pre-touch: Disabled
 Parallel Workers: 10
 Concurrent Workers: 3
 Concurrent Refinement Workers: 10
 Periodic GC: Disabled

Heap:
 garbage-first heap   total 1048576K, used 945171K [0x00000000c0000000, 0x0000000100000000)
  region size 1024K, 64 young (65536K), 11 survivors (11264K)
 Metaspace       used 135792K, committed 138048K, reserved 1179648K
  class space    used 17910K, committed 18880K, reserved 1048576K

Heap Regions: E=young(eden), S=young(survivor), O=old, HS=humongous(starts), HC=humongous(continues), CS=collection set, F=free, OA=open archive, CA=closed archive, TAMS=top-at-mark-start (previous, next)
|   0|0x00000000c0000000, 0x00000000c0100000, 0x00000000c0100000|100%|HS|  |TAMS 0x00000000c0100000, 0x00000000c0100000| Untracked 
|   1|0x00000000c0100000, 0x00000000c0200000, 0x00000000c0200000|100%|HC|  |TAMS 0x00000000c0200000, 0x00000000c0200000| Untracked 
|   2|0x00000000c0200000, 0x00000000c0300000, 0x00000000c0300000|100%|HC|  |TAMS 0x00000000c0300000, 0x00000000c0300000| Untracked 
|   3|0x00000000c0300000, 0x00000000c0400000, 0x00000000c0400000|100%|HC|  |TAMS 0x00000000c0400000, 0x00000000c0400000| Untracked 
|   4|0x00000000c0400000, 0x00000000c04fffe0, 0x00000000c0500000| 99%| O|  |TAMS 0x00000000c0400000, 0x00000000c04fffe0| Untracked 
|   5|0x00000000c0500000, 0x00000000c05fbfb8, 0x00000000c0600000| 98%| O|  |TAMS 0x00000000c0500000, 0x00000000c05fbfb8| Untracked 
|   6|0x00000000c0600000, 0x00000000c06fc830, 0x00000000c0700000| 98%| O|  |TAMS 0x00000000c0600000, 0x00000000c06fc830| Untracked 
|   7|0x00000000c0700000, 0x00000000c0800000, 0x00000000c0800000|100%| O|  |TAMS 0x00000000c0700000, 0x00000000c0800000| Untracked 
|   8|0x00000000c0800000, 0x00000000c08ff230, 0x00000000c0900000| 99%| O|  |TAMS 0x00000000c0800000, 0x00000000c08ff230| Untracked 
|   9|0x00000000c0900000, 0x00000000c09ff498, 0x00000000c0a00000| 99%| O|  |TAMS 0x00000000c0900000, 0x00000000c09ff498| Untracked 
|  10|0x00000000c0a00000, 0x00000000c0afffe8, 0x00000000c0b00000| 99%| O|  |TAMS 0x00000000c0a00000, 0x00000000c0afffe8| Untracked 
|  11|0x00000000c0b00000, 0x00000000c0c00000, 0x00000000c0c00000|100%|HS|  |TAMS 0x00000000c0c00000, 0x00000000c0c00000| Untracked 
|  12|0x00000000c0c00000, 0x00000000c0cffff0, 0x00000000c0d00000| 99%| O|  |TAMS 0x00000000c0c00000, 0x00000000c0cffff0| Untracked 
|  13|0x00000000c0d00000, 0x00000000c0dfff88, 0x00000000c0e00000| 99%| O|  |TAMS 0x00000000c0d00000, 0x00000000c0dfff88| Untracked 
|  14|0x00000000c0e00000, 0x00000000c0efff00, 0x00000000c0f00000| 99%| O|  |TAMS 0x00000000c0e00000, 0x00000000c0efff00| Untracked 
|  15|0x00000000c0f00000, 0x00000000c1000000, 0x00000000c1000000|100%| O|  |TAMS 0x00000000c0f00000, 0x00000000c1000000| Untracked 
|  16|0x00000000c1000000, 0x00000000c10ffff8, 0x00000000c1100000| 99%| O|  |TAMS 0x00000000c1000000, 0x00000000c10ffff8| Untracked 
|  17|0x00000000c1100000, 0x00000000c11fffb8, 0x00000000c1200000| 99%| O|  |TAMS 0x00000000c1100000, 0x00000000c11fffb8| Untracked 
|  18|0x00000000c1200000, 0x00000000c12fff98, 0x00000000c1300000| 99%| O|  |TAMS 0x00000000c1200000, 0x00000000c12fff98| Untracked 
|  19|0x00000000c1300000, 0x00000000c13ffff8, 0x00000000c1400000| 99%| O|  |TAMS 0x00000000c1300000, 0x00000000c13ffff8| Untracked 
|  20|0x00000000c1400000, 0x00000000c14ffff0, 0x00000000c1500000| 99%| O|  |TAMS 0x00000000c1400000, 0x00000000c14ffff0| Untracked 
|  21|0x00000000c1500000, 0x00000000c1600000, 0x00000000c1600000|100%| O|  |TAMS 0x00000000c1500000, 0x00000000c1600000| Untracked 
|  22|0x00000000c1600000, 0x00000000c1700000, 0x00000000c1700000|100%| O|  |TAMS 0x00000000c1600000, 0x00000000c1700000| Untracked 
|  23|0x00000000c1700000, 0x00000000c17fffe8, 0x00000000c1800000| 99%| O|  |TAMS 0x00000000c1700000, 0x00000000c17fffe8| Untracked 
|  24|0x00000000c1800000, 0x00000000c18fffe0, 0x00000000c1900000| 99%| O|  |TAMS 0x00000000c1800000, 0x00000000c18fffe0| Untracked 
|  25|0x00000000c1900000, 0x00000000c19fffc8, 0x00000000c1a00000| 99%| O|  |TAMS 0x00000000c1900000, 0x00000000c19fffc8| Untracked 
|  26|0x00000000c1a00000, 0x00000000c1afffc0, 0x00000000c1b00000| 99%| O|  |TAMS 0x00000000c1a00000, 0x00000000c1afffc0| Untracked 
|  27|0x00000000c1b00000, 0x00000000c1bffff0, 0x00000000c1c00000| 99%| O|  |TAMS 0x00000000c1b00000, 0x00000000c1bffff0| Untracked 
|  28|0x00000000c1c00000, 0x00000000c1cffba8, 0x00000000c1d00000| 99%| O|  |TAMS 0x00000000c1c00000, 0x00000000c1cffba8| Untracked 
|  29|0x00000000c1d00000, 0x00000000c1e00000, 0x00000000c1e00000|100%|HS|  |TAMS 0x00000000c1e00000, 0x00000000c1e00000| Untracked 
|  30|0x00000000c1e00000, 0x00000000c1efffe8, 0x00000000c1f00000| 99%| O|  |TAMS 0x00000000c1e00000, 0x00000000c1efffe8| Untracked 
|  31|0x00000000c1f00000, 0x00000000c1fffff8, 0x00000000c2000000| 99%| O|  |TAMS 0x00000000c1f00000, 0x00000000c1fffff8| Untracked 
|  32|0x00000000c2000000, 0x00000000c20fbf70, 0x00000000c2100000| 98%| O|  |TAMS 0x00000000c2000000, 0x00000000c20fbf70| Untracked 
|  33|0x00000000c2100000, 0x00000000c21ffcd0, 0x00000000c2200000| 99%| O|  |TAMS 0x00000000c2100000, 0x00000000c21ffcd0| Untracked 
|  34|0x00000000c2200000, 0x00000000c22fffc0, 0x00000000c2300000| 99%| O|  |TAMS 0x00000000c2200000, 0x00000000c22fffc0| Untracked 
|  35|0x00000000c2300000, 0x00000000c23fffe8, 0x00000000c2400000| 99%| O|  |TAMS 0x00000000c2300000, 0x00000000c23fffe8| Untracked 
|  36|0x00000000c2400000, 0x00000000c24ffff8, 0x00000000c2500000| 99%| O|  |TAMS 0x00000000c2400000, 0x00000000c24ffff8| Untracked 
|  37|0x00000000c2500000, 0x00000000c25fffe8, 0x00000000c2600000| 99%| O|  |TAMS 0x00000000c2500000, 0x00000000c25fffe8| Untracked 
|  38|0x00000000c2600000, 0x00000000c2700000, 0x00000000c2700000|100%| O|  |TAMS 0x00000000c2600000, 0x00000000c2700000| Untracked 
|  39|0x00000000c2700000, 0x00000000c2800000, 0x00000000c2800000|100%| O|  |TAMS 0x00000000c2700000, 0x00000000c2800000| Untracked 
|  40|0x00000000c2800000, 0x00000000c28fffe0, 0x00000000c2900000| 99%| O|  |TAMS 0x00000000c2800000, 0x00000000c28fffe0| Untracked 
|  41|0x00000000c2900000, 0x00000000c2a00000, 0x00000000c2a00000|100%|HS|  |TAMS 0x00000000c2a00000, 0x00000000c2a00000| Untracked 
|  42|0x00000000c2a00000, 0x00000000c2b00000, 0x00000000c2b00000|100%|HC|  |TAMS 0x00000000c2b00000, 0x00000000c2b00000| Untracked 
|  43|0x00000000c2b00000, 0x00000000c2c00000, 0x00000000c2c00000|100%|HS|  |TAMS 0x00000000c2c00000, 0x00000000c2c00000| Untracked 
|  44|0x00000000c2c00000, 0x00000000c2d00000, 0x00000000c2d00000|100%|HC|  |TAMS 0x00000000c2d00000, 0x00000000c2d00000| Untracked 
|  45|0x00000000c2d00000, 0x00000000c2df7860, 0x00000000c2e00000| 96%| O|  |TAMS 0x00000000c2d00000, 0x00000000c2df7860| Untracked 
|  46|0x00000000c2e00000, 0x00000000c2f00000, 0x00000000c2f00000|100%|HS|  |TAMS 0x00000000c2f00000, 0x00000000c2f00000| Untracked 
|  47|0x00000000c2f00000, 0x00000000c3000000, 0x00000000c3000000|100%|HS|  |TAMS 0x00000000c3000000, 0x00000000c3000000| Untracked 
|  48|0x00000000c3000000, 0x00000000c3100000, 0x00000000c3100000|100%|HC|  |TAMS 0x00000000c3100000, 0x00000000c3100000| Untracked 
|  49|0x00000000c3100000, 0x00000000c3200000, 0x00000000c3200000|100%|HC|  |TAMS 0x00000000c3200000, 0x00000000c3200000| Untracked 
|  50|0x00000000c3200000, 0x00000000c3300000, 0x00000000c3300000|100%|HC|  |TAMS 0x00000000c3300000, 0x00000000c3300000| Untracked 
|  51|0x00000000c3300000, 0x00000000c3400000, 0x00000000c3400000|100%|HS|  |TAMS 0x00000000c3400000, 0x00000000c3400000| Untracked 
|  52|0x00000000c3400000, 0x00000000c3500000, 0x00000000c3500000|100%|HC|  |TAMS 0x00000000c3500000, 0x00000000c3500000| Untracked 
|  53|0x00000000c3500000, 0x00000000c3600000, 0x00000000c3600000|100%|HC|  |TAMS 0x00000000c3600000, 0x00000000c3600000| Untracked 
|  54|0x00000000c3600000, 0x00000000c3700000, 0x00000000c3700000|100%|HC|  |TAMS 0x00000000c3700000, 0x00000000c3700000| Untracked 
|  55|0x00000000c3700000, 0x00000000c37fffd8, 0x00000000c3800000| 99%| O|  |TAMS 0x00000000c3700000, 0x00000000c37fffd8| Untracked 
|  56|0x00000000c3800000, 0x00000000c3900000, 0x00000000c3900000|100%| O|  |TAMS 0x00000000c3800000, 0x00000000c3900000| Untracked 
|  57|0x00000000c3900000, 0x00000000c39ffff8, 0x00000000c3a00000| 99%| O|  |TAMS 0x00000000c3900000, 0x00000000c39ffff8| Untracked 
|  58|0x00000000c3a00000, 0x00000000c3afffe8, 0x00000000c3b00000| 99%| O|  |TAMS 0x00000000c3a00000, 0x00000000c3afffe8| Untracked 
|  59|0x00000000c3b00000, 0x00000000c3bfe4e0, 0x00000000c3c00000| 99%| O|  |TAMS 0x00000000c3b00000, 0x00000000c3bfe4e0| Untracked 
|  60|0x00000000c3c00000, 0x00000000c3cffff8, 0x00000000c3d00000| 99%| O|  |TAMS 0x00000000c3c00000, 0x00000000c3cffff8| Untracked 
|  61|0x00000000c3d00000, 0x00000000c3dfff78, 0x00000000c3e00000| 99%| O|  |TAMS 0x00000000c3d00000, 0x00000000c3dfff78| Untracked 
|  62|0x00000000c3e00000, 0x00000000c3f00000, 0x00000000c3f00000|100%| O|  |TAMS 0x00000000c3e00000, 0x00000000c3f00000| Untracked 
|  63|0x00000000c3f00000, 0x00000000c3ff5c68, 0x00000000c4000000| 96%| O|  |TAMS 0x00000000c3f00000, 0x00000000c3ff5c68| Untracked 
|  64|0x00000000c4000000, 0x00000000c40ffff8, 0x00000000c4100000| 99%| O|  |TAMS 0x00000000c4000000, 0x00000000c40ffff8| Untracked 
|  65|0x00000000c4100000, 0x00000000c41ffff0, 0x00000000c4200000| 99%| O|  |TAMS 0x00000000c4100000, 0x00000000c41ffff0| Untracked 
|  66|0x00000000c4200000, 0x00000000c4300000, 0x00000000c4300000|100%|HS|  |TAMS 0x00000000c4300000, 0x00000000c4300000| Untracked 
|  67|0x00000000c4300000, 0x00000000c4400000, 0x00000000c4400000|100%|HC|  |TAMS 0x00000000c4400000, 0x00000000c4400000| Untracked 
|  68|0x00000000c4400000, 0x00000000c4500000, 0x00000000c4500000|100%| O|  |TAMS 0x00000000c4400000, 0x00000000c4500000| Untracked 
|  69|0x00000000c4500000, 0x00000000c45ffbe0, 0x00000000c4600000| 99%| O|  |TAMS 0x00000000c4500000, 0x00000000c45ffbe0| Untracked 
|  70|0x00000000c4600000, 0x00000000c46e1750, 0x00000000c4700000| 88%| O|  |TAMS 0x00000000c4600000, 0x00000000c46e1750| Untracked 
|  71|0x00000000c4700000, 0x00000000c47ffb08, 0x00000000c4800000| 99%| O|  |TAMS 0x00000000c4700000, 0x00000000c47ffb08| Untracked 
|  72|0x00000000c4800000, 0x00000000c48ffff8, 0x00000000c4900000| 99%| O|  |TAMS 0x00000000c4800000, 0x00000000c48ffff8| Untracked 
|  73|0x00000000c4900000, 0x00000000c49f1310, 0x00000000c4a00000| 94%| O|  |TAMS 0x00000000c4900000, 0x00000000c49f1310| Untracked 
|  74|0x00000000c4a00000, 0x00000000c4affff0, 0x00000000c4b00000| 99%| O|  |TAMS 0x00000000c4a00000, 0x00000000c4affff0| Untracked 
|  75|0x00000000c4b00000, 0x00000000c4c00000, 0x00000000c4c00000|100%|HS|  |TAMS 0x00000000c4c00000, 0x00000000c4c00000| Untracked 
|  76|0x00000000c4c00000, 0x00000000c4cfffe0, 0x00000000c4d00000| 99%| O|  |TAMS 0x00000000c4c00000, 0x00000000c4cfffe0| Untracked 
|  77|0x00000000c4d00000, 0x00000000c4dffff0, 0x00000000c4e00000| 99%| O|  |TAMS 0x00000000c4d00000, 0x00000000c4dffff0| Untracked 
|  78|0x00000000c4e00000, 0x00000000c4f00000, 0x00000000c4f00000|100%|HS|  |TAMS 0x00000000c4f00000, 0x00000000c4f00000| Untracked 
|  79|0x00000000c4f00000, 0x00000000c5000000, 0x00000000c5000000|100%|HS|  |TAMS 0x00000000c5000000, 0x00000000c5000000| Untracked 
|  80|0x00000000c5000000, 0x00000000c50ffff0, 0x00000000c5100000| 99%| O|  |TAMS 0x00000000c5000000, 0x00000000c50ffff0| Untracked 
|  81|0x00000000c5100000, 0x00000000c5200000, 0x00000000c5200000|100%|HS|  |TAMS 0x00000000c5200000, 0x00000000c5200000| Untracked 
|  82|0x00000000c5200000, 0x00000000c52f90e0, 0x00000000c5300000| 97%| O|  |TAMS 0x00000000c5200000, 0x00000000c52f90e0| Untracked 
|  83|0x00000000c5300000, 0x00000000c5400000, 0x00000000c5400000|100%|HS|  |TAMS 0x00000000c5400000, 0x00000000c5400000| Untracked 
|  84|0x00000000c5400000, 0x00000000c54f5ce8, 0x00000000c5500000| 96%| O|  |TAMS 0x00000000c5400000, 0x00000000c54f5ce8| Untracked 
|  85|0x00000000c5500000, 0x00000000c55ffff0, 0x00000000c5600000| 99%| O|  |TAMS 0x00000000c5500000, 0x00000000c55ffff0| Untracked 
|  86|0x00000000c5600000, 0x00000000c56fffa8, 0x00000000c5700000| 99%| O|  |TAMS 0x00000000c5600000, 0x00000000c56fffa8| Untracked 
|  87|0x00000000c5700000, 0x00000000c57ffff0, 0x00000000c5800000| 99%| O|  |TAMS 0x00000000c5700000, 0x00000000c57ffff0| Untracked 
|  88|0x00000000c5800000, 0x00000000c5900000, 0x00000000c5900000|100%| O|  |TAMS 0x00000000c5800000, 0x00000000c5900000| Untracked 
|  89|0x00000000c5900000, 0x00000000c59fffe8, 0x00000000c5a00000| 99%| O|  |TAMS 0x00000000c5900000, 0x00000000c59fffe8| Untracked 
|  90|0x00000000c5a00000, 0x00000000c5b00000, 0x00000000c5b00000|100%| O|  |TAMS 0x00000000c5a00000, 0x00000000c5b00000| Untracked 
|  91|0x00000000c5b00000, 0x00000000c5bffff8, 0x00000000c5c00000| 99%| O|  |TAMS 0x00000000c5b00000, 0x00000000c5bffff8| Untracked 
|  92|0x00000000c5c00000, 0x00000000c5cffff0, 0x00000000c5d00000| 99%| O|  |TAMS 0x00000000c5c00000, 0x00000000c5cffff0| Untracked 
|  93|0x00000000c5d00000, 0x00000000c5e00000, 0x00000000c5e00000|100%| O|  |TAMS 0x00000000c5d00000, 0x00000000c5e00000| Untracked 
|  94|0x00000000c5e00000, 0x00000000c5efff88, 0x00000000c5f00000| 99%| O|  |TAMS 0x00000000c5e00000, 0x00000000c5efff88| Untracked 
|  95|0x00000000c5f00000, 0x00000000c6000000, 0x00000000c6000000|100%| O|  |TAMS 0x00000000c5f00000, 0x00000000c6000000| Untracked 
|  96|0x00000000c6000000, 0x00000000c6100000, 0x00000000c6100000|100%| O|  |TAMS 0x00000000c6000000, 0x00000000c6100000| Untracked 
|  97|0x00000000c6100000, 0x00000000c6200000, 0x00000000c6200000|100%| O|  |TAMS 0x00000000c6100000, 0x00000000c6200000| Untracked 
|  98|0x00000000c6200000, 0x00000000c62fffd8, 0x00000000c6300000| 99%| O|  |TAMS 0x00000000c6200000, 0x00000000c62fffd8| Untracked 
|  99|0x00000000c6300000, 0x00000000c63ffff8, 0x00000000c6400000| 99%| O|  |TAMS 0x00000000c6300000, 0x00000000c63ffff8| Untracked 
| 100|0x00000000c6400000, 0x00000000c64ffff8, 0x00000000c6500000| 99%| O|  |TAMS 0x00000000c6400000, 0x00000000c64ffff8| Untracked 
| 101|0x00000000c6500000, 0x00000000c65fffc0, 0x00000000c6600000| 99%| O|  |TAMS 0x00000000c6500000, 0x00000000c65fffc0| Untracked 
| 102|0x00000000c6600000, 0x00000000c66fffc8, 0x00000000c6700000| 99%| O|  |TAMS 0x00000000c6600000, 0x00000000c66fffc8| Untracked 
| 103|0x00000000c6700000, 0x00000000c67ffff8, 0x00000000c6800000| 99%| O|  |TAMS 0x00000000c6700000, 0x00000000c67ffff8| Untracked 
| 104|0x00000000c6800000, 0x00000000c68fffd8, 0x00000000c6900000| 99%| O|  |TAMS 0x00000000c6800000, 0x00000000c68fffd8| Untracked 
| 105|0x00000000c6900000, 0x00000000c69fffe8, 0x00000000c6a00000| 99%| O|  |TAMS 0x00000000c6900000, 0x00000000c69fffe8| Untracked 
| 106|0x00000000c6a00000, 0x00000000c6afffe0, 0x00000000c6b00000| 99%| O|  |TAMS 0x00000000c6a00000, 0x00000000c6afffe0| Untracked 
| 107|0x00000000c6b00000, 0x00000000c6bff2d0, 0x00000000c6c00000| 99%| O|  |TAMS 0x00000000c6b00000, 0x00000000c6bff2d0| Untracked 
| 108|0x00000000c6c00000, 0x00000000c6cfffe8, 0x00000000c6d00000| 99%| O|  |TAMS 0x00000000c6c00000, 0x00000000c6cfffe8| Untracked 
| 109|0x00000000c6d00000, 0x00000000c6dfffc8, 0x00000000c6e00000| 99%| O|  |TAMS 0x00000000c6d00000, 0x00000000c6dfffc8| Untracked 
| 110|0x00000000c6e00000, 0x00000000c6f00000, 0x00000000c6f00000|100%| O|  |TAMS 0x00000000c6e00000, 0x00000000c6f00000| Untracked 
| 111|0x00000000c6f00000, 0x00000000c6fffff8, 0x00000000c7000000| 99%| O|  |TAMS 0x00000000c6f00000, 0x00000000c6fffff8| Untracked 
| 112|0x00000000c7000000, 0x00000000c70fffe8, 0x00000000c7100000| 99%| O|  |TAMS 0x00000000c7000000, 0x00000000c70fffe8| Untracked 
| 113|0x00000000c7100000, 0x00000000c7200000, 0x00000000c7200000|100%| O|  |TAMS 0x00000000c7100000, 0x00000000c7200000| Untracked 
| 114|0x00000000c7200000, 0x00000000c72ffff0, 0x00000000c7300000| 99%| O|  |TAMS 0x00000000c7200000, 0x00000000c72ffff0| Untracked 
| 115|0x00000000c7300000, 0x00000000c73fffa8, 0x00000000c7400000| 99%| O|  |TAMS 0x00000000c7300000, 0x00000000c73fffa8| Untracked 
| 116|0x00000000c7400000, 0x00000000c74ffff0, 0x00000000c7500000| 99%| O|  |TAMS 0x00000000c7400000, 0x00000000c74ffff0| Untracked 
| 117|0x00000000c7500000, 0x00000000c75ffff8, 0x00000000c7600000| 99%| O|  |TAMS 0x00000000c7500000, 0x00000000c75ffff8| Untracked 
| 118|0x00000000c7600000, 0x00000000c76ffff8, 0x00000000c7700000| 99%| O|  |TAMS 0x00000000c7600000, 0x00000000c76ffff8| Untracked 
| 119|0x00000000c7700000, 0x00000000c77ffff8, 0x00000000c7800000| 99%| O|  |TAMS 0x00000000c7700000, 0x00000000c77ffff8| Untracked 
| 120|0x00000000c7800000, 0x00000000c78ffff8, 0x00000000c7900000| 99%| O|  |TAMS 0x00000000c7800000, 0x00000000c78ffff8| Untracked 
| 121|0x00000000c7900000, 0x00000000c79ffff0, 0x00000000c7a00000| 99%| O|  |TAMS 0x00000000c7900000, 0x00000000c79ffff0| Untracked 
| 122|0x00000000c7a00000, 0x00000000c7b00000, 0x00000000c7b00000|100%| O|  |TAMS 0x00000000c7a00000, 0x00000000c7b00000| Untracked 
| 123|0x00000000c7b00000, 0x00000000c7c00000, 0x00000000c7c00000|100%| O|  |TAMS 0x00000000c7b00000, 0x00000000c7c00000| Untracked 
| 124|0x00000000c7c00000, 0x00000000c7cfffe8, 0x00000000c7d00000| 99%| O|  |TAMS 0x00000000c7c00000, 0x00000000c7cfffe8| Untracked 
| 125|0x00000000c7d00000, 0x00000000c7dfff98, 0x00000000c7e00000| 99%| O|  |TAMS 0x00000000c7d00000, 0x00000000c7dfff98| Untracked 
| 126|0x00000000c7e00000, 0x00000000c7efffe8, 0x00000000c7f00000| 99%| O|  |TAMS 0x00000000c7e00000, 0x00000000c7efffe8| Untracked 
| 127|0x00000000c7f00000, 0x00000000c8000000, 0x00000000c8000000|100%|HS|  |TAMS 0x00000000c8000000, 0x00000000c8000000| Untracked 
| 128|0x00000000c8000000, 0x00000000c80ff5a0, 0x00000000c8100000| 99%| O|  |TAMS 0x00000000c8000000, 0x00000000c80ff5a0| Untracked 
| 129|0x00000000c8100000, 0x00000000c8200000, 0x00000000c8200000|100%| O|  |TAMS 0x00000000c8100000, 0x00000000c8200000| Untracked 
| 130|0x00000000c8200000, 0x00000000c82ffff8, 0x00000000c8300000| 99%| O|  |TAMS 0x00000000c8200000, 0x00000000c82ffff8| Untracked 
| 131|0x00000000c8300000, 0x00000000c8400000, 0x00000000c8400000|100%| O|  |TAMS 0x00000000c8300000, 0x00000000c8400000| Untracked 
| 132|0x00000000c8400000, 0x00000000c8500000, 0x00000000c8500000|100%| O|  |TAMS 0x00000000c8400000, 0x00000000c8500000| Untracked 
| 133|0x00000000c8500000, 0x00000000c85fffe8, 0x00000000c8600000| 99%| O|  |TAMS 0x00000000c8500000, 0x00000000c85fffe8| Untracked 
| 134|0x00000000c8600000, 0x00000000c8700000, 0x00000000c8700000|100%| O|  |TAMS 0x00000000c8600000, 0x00000000c8700000| Untracked 
| 135|0x00000000c8700000, 0x00000000c87fff80, 0x00000000c8800000| 99%| O|  |TAMS 0x00000000c8700000, 0x00000000c87fff80| Untracked 
| 136|0x00000000c8800000, 0x00000000c88ffff8, 0x00000000c8900000| 99%| O|  |TAMS 0x00000000c8800000, 0x00000000c88ffff8| Untracked 
| 137|0x00000000c8900000, 0x00000000c89e6760, 0x00000000c8a00000| 90%| O|  |TAMS 0x00000000c8900000, 0x00000000c89e6760| Untracked 
| 138|0x00000000c8a00000, 0x00000000c8afffd8, 0x00000000c8b00000| 99%| O|  |TAMS 0x00000000c8a00000, 0x00000000c8afffd8| Untracked 
| 139|0x00000000c8b00000, 0x00000000c8bffff8, 0x00000000c8c00000| 99%| O|  |TAMS 0x00000000c8b00000, 0x00000000c8bffff8| Untracked 
| 140|0x00000000c8c00000, 0x00000000c8cffff8, 0x00000000c8d00000| 99%| O|  |TAMS 0x00000000c8c00000, 0x00000000c8cffff8| Untracked 
| 141|0x00000000c8d00000, 0x00000000c8e00000, 0x00000000c8e00000|100%| O|  |TAMS 0x00000000c8d00000, 0x00000000c8e00000| Untracked 
| 142|0x00000000c8e00000, 0x00000000c8effff8, 0x00000000c8f00000| 99%| O|  |TAMS 0x00000000c8e00000, 0x00000000c8effff8| Untracked 
| 143|0x00000000c8f00000, 0x00000000c9000000, 0x00000000c9000000|100%| O|  |TAMS 0x00000000c8f00000, 0x00000000c9000000| Untracked 
| 144|0x00000000c9000000, 0x00000000c90ffff8, 0x00000000c9100000| 99%| O|  |TAMS 0x00000000c9000000, 0x00000000c90ffff8| Untracked 
| 145|0x00000000c9100000, 0x00000000c91ffff0, 0x00000000c9200000| 99%| O|  |TAMS 0x00000000c9100000, 0x00000000c91ffff0| Untracked 
| 146|0x00000000c9200000, 0x00000000c92ffff0, 0x00000000c9300000| 99%| O|  |TAMS 0x00000000c9200000, 0x00000000c92ffff0| Untracked 
| 147|0x00000000c9300000, 0x00000000c93fff38, 0x00000000c9400000| 99%| O|  |TAMS 0x00000000c9300000, 0x00000000c93fff38| Untracked 
| 148|0x00000000c9400000, 0x00000000c9500000, 0x00000000c9500000|100%|HS|  |TAMS 0x00000000c9500000, 0x00000000c9500000| Untracked 
| 149|0x00000000c9500000, 0x00000000c9600000, 0x00000000c9600000|100%|HS|  |TAMS 0x00000000c9600000, 0x00000000c9600000| Untracked 
| 150|0x00000000c9600000, 0x00000000c9700000, 0x00000000c9700000|100%|HC|  |TAMS 0x00000000c9700000, 0x00000000c9700000| Untracked 
| 151|0x00000000c9700000, 0x00000000c9800000, 0x00000000c9800000|100%|HS|  |TAMS 0x00000000c9800000, 0x00000000c9800000| Untracked 
| 152|0x00000000c9800000, 0x00000000c9900000, 0x00000000c9900000|100%|HC|  |TAMS 0x00000000c9900000, 0x00000000c9900000| Untracked 
| 153|0x00000000c9900000, 0x00000000c9a00000, 0x00000000c9a00000|100%|HC|  |TAMS 0x00000000c9a00000, 0x00000000c9a00000| Untracked 
| 154|0x00000000c9a00000, 0x00000000c9b00000, 0x00000000c9b00000|100%|HC|  |TAMS 0x00000000c9b00000, 0x00000000c9b00000| Untracked 
| 155|0x00000000c9b00000, 0x00000000c9c00000, 0x00000000c9c00000|100%| O|  |TAMS 0x00000000c9b00000, 0x00000000c9c00000| Untracked 
| 156|0x00000000c9c00000, 0x00000000c9cffff8, 0x00000000c9d00000| 99%| O|  |TAMS 0x00000000c9c00000, 0x00000000c9cffff8| Untracked 
| 157|0x00000000c9d00000, 0x00000000c9dffff8, 0x00000000c9e00000| 99%| O|  |TAMS 0x00000000c9d00000, 0x00000000c9dffff8| Untracked 
| 158|0x00000000c9e00000, 0x00000000c9efffd0, 0x00000000c9f00000| 99%| O|  |TAMS 0x00000000c9e00000, 0x00000000c9efffd0| Untracked 
| 159|0x00000000c9f00000, 0x00000000c9fffff0, 0x00000000ca000000| 99%| O|  |TAMS 0x00000000c9f00000, 0x00000000c9fffff0| Untracked 
| 160|0x00000000ca000000, 0x00000000ca100000, 0x00000000ca100000|100%| O|  |TAMS 0x00000000ca000000, 0x00000000ca100000| Untracked 
| 161|0x00000000ca100000, 0x00000000ca1ffff8, 0x00000000ca200000| 99%| O|  |TAMS 0x00000000ca100000, 0x00000000ca1ffff8| Untracked 
| 162|0x00000000ca200000, 0x00000000ca2f2850, 0x00000000ca300000| 94%| O|  |TAMS 0x00000000ca200000, 0x00000000ca2f2850| Untracked 
| 163|0x00000000ca300000, 0x00000000ca3fffb8, 0x00000000ca400000| 99%| O|  |TAMS 0x00000000ca300000, 0x00000000ca3fffb8| Untracked 
| 164|0x00000000ca400000, 0x00000000ca4fffe8, 0x00000000ca500000| 99%| O|  |TAMS 0x00000000ca400000, 0x00000000ca4fffe8| Untracked 
| 165|0x00000000ca500000, 0x00000000ca5ffff8, 0x00000000ca600000| 99%| O|  |TAMS 0x00000000ca500000, 0x00000000ca5ffff8| Untracked 
| 166|0x00000000ca600000, 0x00000000ca6ffff8, 0x00000000ca700000| 99%| O|  |TAMS 0x00000000ca600000, 0x00000000ca6ffff8| Untracked 
| 167|0x00000000ca700000, 0x00000000ca7ffff8, 0x00000000ca800000| 99%| O|  |TAMS 0x00000000ca700000, 0x00000000ca7ffff8| Untracked 
| 168|0x00000000ca800000, 0x00000000ca8fff78, 0x00000000ca900000| 99%| O|  |TAMS 0x00000000ca800000, 0x00000000ca8fff78| Untracked 
| 169|0x00000000ca900000, 0x00000000ca9fffe0, 0x00000000caa00000| 99%| O|  |TAMS 0x00000000ca900000, 0x00000000ca9fffe0| Untracked 
| 170|0x00000000caa00000, 0x00000000caafff98, 0x00000000cab00000| 99%| O|  |TAMS 0x00000000caa00000, 0x00000000caafff98| Untracked 
| 171|0x00000000cab00000, 0x00000000cabfffe8, 0x00000000cac00000| 99%| O|  |TAMS 0x00000000cab00000, 0x00000000cabfffe8| Untracked 
| 172|0x00000000cac00000, 0x00000000cacfda90, 0x00000000cad00000| 99%| O|  |TAMS 0x00000000cac00000, 0x00000000cacfda90| Untracked 
| 173|0x00000000cad00000, 0x00000000cadfffe8, 0x00000000cae00000| 99%| O|  |TAMS 0x00000000cad00000, 0x00000000cadfffe8| Untracked 
| 174|0x00000000cae00000, 0x00000000caeffff0, 0x00000000caf00000| 99%| O|  |TAMS 0x00000000cae00000, 0x00000000caeffff0| Untracked 
| 175|0x00000000caf00000, 0x00000000caffffc0, 0x00000000cb000000| 99%| O|  |TAMS 0x00000000caf00000, 0x00000000caffffc0| Untracked 
| 176|0x00000000cb000000, 0x00000000cb0ea4b8, 0x00000000cb100000| 91%| O|  |TAMS 0x00000000cb000000, 0x00000000cb0ea4b8| Untracked 
| 177|0x00000000cb100000, 0x00000000cb200000, 0x00000000cb200000|100%| O|  |TAMS 0x00000000cb100000, 0x00000000cb200000| Untracked 
| 178|0x00000000cb200000, 0x00000000cb2ffff0, 0x00000000cb300000| 99%| O|  |TAMS 0x00000000cb200000, 0x00000000cb2ffff0| Untracked 
| 179|0x00000000cb300000, 0x00000000cb3c5ac0, 0x00000000cb400000| 77%| O|  |TAMS 0x00000000cb300000, 0x00000000cb3c5ac0| Untracked 
| 180|0x00000000cb400000, 0x00000000cb500000, 0x00000000cb500000|100%|HS|  |TAMS 0x00000000cb500000, 0x00000000cb500000| Untracked 
| 181|0x00000000cb500000, 0x00000000cb5ffff0, 0x00000000cb600000| 99%| O|  |TAMS 0x00000000cb500000, 0x00000000cb5ffff0| Untracked 
| 182|0x00000000cb600000, 0x00000000cb700000, 0x00000000cb700000|100%| O|  |TAMS 0x00000000cb600000, 0x00000000cb700000| Untracked 
| 183|0x00000000cb700000, 0x00000000cb7ffff0, 0x00000000cb800000| 99%| O|  |TAMS 0x00000000cb700000, 0x00000000cb7ffff0| Untracked 
| 184|0x00000000cb800000, 0x00000000cb8fffc0, 0x00000000cb900000| 99%| O|  |TAMS 0x00000000cb800000, 0x00000000cb8fffc0| Untracked 
| 185|0x00000000cb900000, 0x00000000cb9fe040, 0x00000000cba00000| 99%| O|  |TAMS 0x00000000cb900000, 0x00000000cb9fe040| Untracked 
| 186|0x00000000cba00000, 0x00000000cbaffff0, 0x00000000cbb00000| 99%| O|  |TAMS 0x00000000cba00000, 0x00000000cbaffff0| Untracked 
| 187|0x00000000cbb00000, 0x00000000cbc00000, 0x00000000cbc00000|100%|HS|  |TAMS 0x00000000cbc00000, 0x00000000cbc00000| Untracked 
| 188|0x00000000cbc00000, 0x00000000cbcffff8, 0x00000000cbd00000| 99%| O|  |TAMS 0x00000000cbc00000, 0x00000000cbcffff8| Untracked 
| 189|0x00000000cbd00000, 0x00000000cbdffff0, 0x00000000cbe00000| 99%| O|  |TAMS 0x00000000cbd00000, 0x00000000cbdffff0| Untracked 
| 190|0x00000000cbe00000, 0x00000000cbf00000, 0x00000000cbf00000|100%|HS|  |TAMS 0x00000000cbf00000, 0x00000000cbf00000| Untracked 
| 191|0x00000000cbf00000, 0x00000000cc000000, 0x00000000cc000000|100%|HC|  |TAMS 0x00000000cc000000, 0x00000000cc000000| Untracked 
| 192|0x00000000cc000000, 0x00000000cc0fffe0, 0x00000000cc100000| 99%| O|  |TAMS 0x00000000cc000000, 0x00000000cc0fffe0| Untracked 
| 193|0x00000000cc100000, 0x00000000cc200000, 0x00000000cc200000|100%| O|  |TAMS 0x00000000cc100000, 0x00000000cc200000| Untracked 
| 194|0x00000000cc200000, 0x00000000cc2fffe8, 0x00000000cc300000| 99%| O|  |TAMS 0x00000000cc200000, 0x00000000cc2fffe8| Untracked 
| 195|0x00000000cc300000, 0x00000000cc3fffd8, 0x00000000cc400000| 99%| O|  |TAMS 0x00000000cc300000, 0x00000000cc3fffd8| Untracked 
| 196|0x00000000cc400000, 0x00000000cc500000, 0x00000000cc500000|100%| O|  |TAMS 0x00000000cc400000, 0x00000000cc500000| Untracked 
| 197|0x00000000cc500000, 0x00000000cc5ffff0, 0x00000000cc600000| 99%| O|  |TAMS 0x00000000cc500000, 0x00000000cc5ffff0| Untracked 
| 198|0x00000000cc600000, 0x00000000cc6ffff0, 0x00000000cc700000| 99%| O|  |TAMS 0x00000000cc600000, 0x00000000cc6ffff0| Untracked 
| 199|0x00000000cc700000, 0x00000000cc7f85b0, 0x00000000cc800000| 97%| O|  |TAMS 0x00000000cc700000, 0x00000000cc7f85b0| Untracked 
| 200|0x00000000cc800000, 0x00000000cc8ffff8, 0x00000000cc900000| 99%| O|  |TAMS 0x00000000cc800000, 0x00000000cc8ffff8| Untracked 
| 201|0x00000000cc900000, 0x00000000cc9ffff8, 0x00000000cca00000| 99%| O|  |TAMS 0x00000000cc900000, 0x00000000cc9ffff8| Untracked 
| 202|0x00000000cca00000, 0x00000000ccafffe0, 0x00000000ccb00000| 99%| O|  |TAMS 0x00000000cca00000, 0x00000000ccafffe0| Untracked 
| 203|0x00000000ccb00000, 0x00000000ccc00000, 0x00000000ccc00000|100%| O|  |TAMS 0x00000000ccb00000, 0x00000000ccc00000| Untracked 
| 204|0x00000000ccc00000, 0x00000000cccfffe0, 0x00000000ccd00000| 99%| O|  |TAMS 0x00000000ccc00000, 0x00000000cccfffe0| Untracked 
| 205|0x00000000ccd00000, 0x00000000ccdfff90, 0x00000000cce00000| 99%| O|  |TAMS 0x00000000ccd00000, 0x00000000ccdfff90| Untracked 
| 206|0x00000000cce00000, 0x00000000cceffff8, 0x00000000ccf00000| 99%| O|  |TAMS 0x00000000cce00000, 0x00000000cceffff8| Untracked 
| 207|0x00000000ccf00000, 0x00000000ccffffe8, 0x00000000cd000000| 99%| O|  |TAMS 0x00000000ccf00000, 0x00000000ccffffe8| Untracked 
| 208|0x00000000cd000000, 0x00000000cd100000, 0x00000000cd100000|100%| O|  |TAMS 0x00000000cd000000, 0x00000000cd100000| Untracked 
| 209|0x00000000cd100000, 0x00000000cd1fffe0, 0x00000000cd200000| 99%| O|  |TAMS 0x00000000cd100000, 0x00000000cd1fffe0| Untracked 
| 210|0x00000000cd200000, 0x00000000cd300000, 0x00000000cd300000|100%| O|  |TAMS 0x00000000cd200000, 0x00000000cd300000| Untracked 
| 211|0x00000000cd300000, 0x00000000cd3fffc8, 0x00000000cd400000| 99%| O|  |TAMS 0x00000000cd300000, 0x00000000cd3fffc8| Untracked 
| 212|0x00000000cd400000, 0x00000000cd500000, 0x00000000cd500000|100%| O|  |TAMS 0x00000000cd400000, 0x00000000cd500000| Untracked 
| 213|0x00000000cd500000, 0x00000000cd5ffff8, 0x00000000cd600000| 99%| O|  |TAMS 0x00000000cd500000, 0x00000000cd5ffff8| Untracked 
| 214|0x00000000cd600000, 0x00000000cd6ffff8, 0x00000000cd700000| 99%| O|  |TAMS 0x00000000cd600000, 0x00000000cd6ffff8| Untracked 
| 215|0x00000000cd700000, 0x00000000cd7fffc8, 0x00000000cd800000| 99%| O|  |TAMS 0x00000000cd700000, 0x00000000cd7fffc8| Untracked 
| 216|0x00000000cd800000, 0x00000000cd8fffe8, 0x00000000cd900000| 99%| O|  |TAMS 0x00000000cd800000, 0x00000000cd8fffe8| Untracked 
| 217|0x00000000cd900000, 0x00000000cda00000, 0x00000000cda00000|100%|HS|  |TAMS 0x00000000cda00000, 0x00000000cda00000| Untracked 
| 218|0x00000000cda00000, 0x00000000cdafffe8, 0x00000000cdb00000| 99%| O|  |TAMS 0x00000000cda00000, 0x00000000cdafffe8| Untracked 
| 219|0x00000000cdb00000, 0x00000000cdbfffe8, 0x00000000cdc00000| 99%| O|  |TAMS 0x00000000cdb00000, 0x00000000cdbfffe8| Untracked 
| 220|0x00000000cdc00000, 0x00000000cdcb70a8, 0x00000000cdd00000| 71%| O|  |TAMS 0x00000000cdc00000, 0x00000000cdcb70a8| Untracked 
| 221|0x00000000cdd00000, 0x00000000cdddc0c8, 0x00000000cde00000| 85%| O|  |TAMS 0x00000000cdd00000, 0x00000000cdddc0c8| Untracked 
| 222|0x00000000cde00000, 0x00000000cdf00000, 0x00000000cdf00000|100%| O|  |TAMS 0x00000000cde00000, 0x00000000cdf00000| Untracked 
| 223|0x00000000cdf00000, 0x00000000ce000000, 0x00000000ce000000|100%| O|  |TAMS 0x00000000cdf00000, 0x00000000ce000000| Untracked 
| 224|0x00000000ce000000, 0x00000000ce0d0120, 0x00000000ce100000| 81%| O|  |TAMS 0x00000000ce000000, 0x00000000ce0d0120| Untracked 
| 225|0x00000000ce100000, 0x00000000ce1ff348, 0x00000000ce200000| 99%| O|  |TAMS 0x00000000ce100000, 0x00000000ce1ff348| Untracked 
| 226|0x00000000ce200000, 0x00000000ce2ff888, 0x00000000ce300000| 99%| O|  |TAMS 0x00000000ce200000, 0x00000000ce2ff888| Untracked 
| 227|0x00000000ce300000, 0x00000000ce3ecdb8, 0x00000000ce400000| 92%| O|  |TAMS 0x00000000ce300000, 0x00000000ce3ecdb8| Untracked 
| 228|0x00000000ce400000, 0x00000000ce4f50e8, 0x00000000ce500000| 95%| O|  |TAMS 0x00000000ce400000, 0x00000000ce4f50e8| Untracked 
| 229|0x00000000ce500000, 0x00000000ce5ffff8, 0x00000000ce600000| 99%| O|  |TAMS 0x00000000ce500000, 0x00000000ce5ffff8| Untracked 
| 230|0x00000000ce600000, 0x00000000ce6fff50, 0x00000000ce700000| 99%| O|  |TAMS 0x00000000ce600000, 0x00000000ce6fff50| Untracked 
| 231|0x00000000ce700000, 0x00000000ce7ffff8, 0x00000000ce800000| 99%| O|  |TAMS 0x00000000ce700000, 0x00000000ce7ffff8| Untracked 
| 232|0x00000000ce800000, 0x00000000ce8fffb8, 0x00000000ce900000| 99%| O|  |TAMS 0x00000000ce800000, 0x00000000ce8fffb8| Untracked 
| 233|0x00000000ce900000, 0x00000000cea00000, 0x00000000cea00000|100%| O|  |TAMS 0x00000000ce900000, 0x00000000cea00000| Untracked 
| 234|0x00000000cea00000, 0x00000000ceb00000, 0x00000000ceb00000|100%| O|  |TAMS 0x00000000cea00000, 0x00000000ceb00000| Untracked 
| 235|0x00000000ceb00000, 0x00000000cebffff8, 0x00000000cec00000| 99%| O|  |TAMS 0x00000000ceb00000, 0x00000000cebffff8| Untracked 
| 236|0x00000000cec00000, 0x00000000cecee3b0, 0x00000000ced00000| 93%| O|  |TAMS 0x00000000cec00000, 0x00000000cecee3b0| Untracked 
| 237|0x00000000ced00000, 0x00000000cedffff8, 0x00000000cee00000| 99%| O|  |TAMS 0x00000000ced00000, 0x00000000cedffff8| Untracked 
| 238|0x00000000cee00000, 0x00000000ceee6a80, 0x00000000cef00000| 90%| O|  |TAMS 0x00000000cee00000, 0x00000000ceee6a80| Untracked 
| 239|0x00000000cef00000, 0x00000000cefb4978, 0x00000000cf000000| 70%| O|  |TAMS 0x00000000cef00000, 0x00000000cefb4978| Untracked 
| 240|0x00000000cf000000, 0x00000000cf0ddc88, 0x00000000cf100000| 86%| O|  |TAMS 0x00000000cf000000, 0x00000000cf0ddc88| Untracked 
| 241|0x00000000cf100000, 0x00000000cf1ff7a8, 0x00000000cf200000| 99%| O|  |TAMS 0x00000000cf100000, 0x00000000cf1ff7a8| Untracked 
| 242|0x00000000cf200000, 0x00000000cf300000, 0x00000000cf300000|100%|HS|  |TAMS 0x00000000cf300000, 0x00000000cf300000| Untracked 
| 243|0x00000000cf300000, 0x00000000cf3ffff8, 0x00000000cf400000| 99%| O|  |TAMS 0x00000000cf300000, 0x00000000cf3ffff8| Untracked 
| 244|0x00000000cf400000, 0x00000000cf4d6cc0, 0x00000000cf500000| 83%| O|  |TAMS 0x00000000cf400000, 0x00000000cf4d6cc0| Untracked 
| 245|0x00000000cf500000, 0x00000000cf5c1dd0, 0x00000000cf600000| 75%| O|  |TAMS 0x00000000cf500000, 0x00000000cf5c1dd0| Untracked 
| 246|0x00000000cf600000, 0x00000000cf6fe1e0, 0x00000000cf700000| 99%| O|  |TAMS 0x00000000cf600000, 0x00000000cf6fe1e0| Untracked 
| 247|0x00000000cf700000, 0x00000000cf7fffe8, 0x00000000cf800000| 99%| O|  |TAMS 0x00000000cf700000, 0x00000000cf7fffe8| Untracked 
| 248|0x00000000cf800000, 0x00000000cf8ffff0, 0x00000000cf900000| 99%| O|  |TAMS 0x00000000cf800000, 0x00000000cf8ffff0| Untracked 
| 249|0x00000000cf900000, 0x00000000cf9ffff0, 0x00000000cfa00000| 99%| O|  |TAMS 0x00000000cf900000, 0x00000000cf9ffff0| Untracked 
| 250|0x00000000cfa00000, 0x00000000cfae13b8, 0x00000000cfb00000| 87%| O|  |TAMS 0x00000000cfa00000, 0x00000000cfae13b8| Untracked 
| 251|0x00000000cfb00000, 0x00000000cfbcd5e8, 0x00000000cfc00000| 80%| O|  |TAMS 0x00000000cfb00000, 0x00000000cfbcd5e8| Untracked 
| 252|0x00000000cfc00000, 0x00000000cfd00000, 0x00000000cfd00000|100%| O|  |TAMS 0x00000000cfc00000, 0x00000000cfd00000| Untracked 
| 253|0x00000000cfd00000, 0x00000000cfdfa008, 0x00000000cfe00000| 97%| O|  |TAMS 0x00000000cfd00000, 0x00000000cfdfa008| Untracked 
| 254|0x00000000cfe00000, 0x00000000cfefffe8, 0x00000000cff00000| 99%| O|  |TAMS 0x00000000cfe00000, 0x00000000cfefffe8| Untracked 
| 255|0x00000000cff00000, 0x00000000cfff8898, 0x00000000d0000000| 97%| O|  |TAMS 0x00000000cff00000, 0x00000000cfff8898| Untracked 
| 256|0x00000000d0000000, 0x00000000d00ffa60, 0x00000000d0100000| 99%| O|  |TAMS 0x00000000d0000000, 0x00000000d00ffa60| Untracked 
| 257|0x00000000d0100000, 0x00000000d01ffff0, 0x00000000d0200000| 99%| O|  |TAMS 0x00000000d0100000, 0x00000000d01ffff0| Untracked 
| 258|0x00000000d0200000, 0x00000000d02fe8e0, 0x00000000d0300000| 99%| O|  |TAMS 0x00000000d0200000, 0x00000000d02fe8e0| Untracked 
| 259|0x00000000d0300000, 0x00000000d03f0cd8, 0x00000000d0400000| 94%| O|  |TAMS 0x00000000d0300000, 0x00000000d03f0cd8| Untracked 
| 260|0x00000000d0400000, 0x00000000d04f8248, 0x00000000d0500000| 96%| O|  |TAMS 0x00000000d0400000, 0x00000000d04f8248| Untracked 
| 261|0x00000000d0500000, 0x00000000d05fe2d8, 0x00000000d0600000| 99%| O|  |TAMS 0x00000000d0500000, 0x00000000d05fe2d8| Untracked 
| 262|0x00000000d0600000, 0x00000000d06d33e8, 0x00000000d0700000| 82%| O|  |TAMS 0x00000000d0600000, 0x00000000d06d33e8| Untracked 
| 263|0x00000000d0700000, 0x00000000d07ffff8, 0x00000000d0800000| 99%| O|  |TAMS 0x00000000d0700000, 0x00000000d07ffff8| Untracked 
| 264|0x00000000d0800000, 0x00000000d08ffd70, 0x00000000d0900000| 99%| O|  |TAMS 0x00000000d0800000, 0x00000000d08ffd70| Untracked 
| 265|0x00000000d0900000, 0x00000000d0a00000, 0x00000000d0a00000|100%|HS|  |TAMS 0x00000000d0a00000, 0x00000000d0a00000| Untracked 
| 266|0x00000000d0a00000, 0x00000000d0affff0, 0x00000000d0b00000| 99%| O|  |TAMS 0x00000000d0a00000, 0x00000000d0affff0| Untracked 
| 267|0x00000000d0b00000, 0x00000000d0bbabd0, 0x00000000d0c00000| 72%| O|  |TAMS 0x00000000d0b00000, 0x00000000d0bbabd0| Untracked 
| 268|0x00000000d0c00000, 0x00000000d0d00000, 0x00000000d0d00000|100%| O|  |TAMS 0x00000000d0c00000, 0x00000000d0c00000| Untracked 
| 269|0x00000000d0d00000, 0x00000000d0e00000, 0x00000000d0e00000|100%| O|  |TAMS 0x00000000d0d00000, 0x00000000d0d00000| Untracked 
| 270|0x00000000d0e00000, 0x00000000d0f00000, 0x00000000d0f00000|100%| O|  |TAMS 0x00000000d0e00000, 0x00000000d0e00000| Untracked 
| 271|0x00000000d0f00000, 0x00000000d0fffe10, 0x00000000d1000000| 99%| O|  |TAMS 0x00000000d0f00000, 0x00000000d0fffe10| Untracked 
| 272|0x00000000d1000000, 0x00000000d1100000, 0x00000000d1100000|100%| O|  |TAMS 0x00000000d1000000, 0x00000000d1000000| Untracked 
| 273|0x00000000d1100000, 0x00000000d1200000, 0x00000000d1200000|100%| O|  |TAMS 0x00000000d1100000, 0x00000000d1100000| Untracked 
| 274|0x00000000d1200000, 0x00000000d123a4b0, 0x00000000d1300000| 22%| O|  |TAMS 0x00000000d1200000, 0x00000000d123a4b0| Untracked 
| 275|0x00000000d1300000, 0x00000000d1400000, 0x00000000d1400000|100%| O|  |TAMS 0x00000000d1300000, 0x00000000d1300000| Untracked 
| 276|0x00000000d1400000, 0x00000000d14ece00, 0x00000000d1500000| 92%| O|  |TAMS 0x00000000d1400000, 0x00000000d1400000| Untracked 
| 277|0x00000000d1500000, 0x00000000d1600000, 0x00000000d1600000|100%|HS|  |TAMS 0x00000000d1500000, 0x00000000d1500000| Complete 
| 278|0x00000000d1600000, 0x00000000d16c4318, 0x00000000d1700000| 76%| O|  |TAMS 0x00000000d1600000, 0x00000000d16c4318| Untracked 
| 279|0x00000000d1700000, 0x00000000d17ffff0, 0x00000000d1800000| 99%| O|  |TAMS 0x00000000d1700000, 0x00000000d17ffff0| Untracked 
| 280|0x00000000d1800000, 0x00000000d18ffdd0, 0x00000000d1900000| 99%| O|  |TAMS 0x00000000d1800000, 0x00000000d18ffdd0| Untracked 
| 281|0x00000000d1900000, 0x00000000d1a00000, 0x00000000d1a00000|100%|HS|  |TAMS 0x00000000d1a00000, 0x00000000d1a00000| Untracked 
| 282|0x00000000d1a00000, 0x00000000d1b00000, 0x00000000d1b00000|100%|HC|  |TAMS 0x00000000d1b00000, 0x00000000d1b00000| Untracked 
| 283|0x00000000d1b00000, 0x00000000d1bfc3a0, 0x00000000d1c00000| 98%| O|  |TAMS 0x00000000d1b00000, 0x00000000d1bfc3a0| Untracked 
| 284|0x00000000d1c00000, 0x00000000d1c80c38, 0x00000000d1d00000| 50%| O|  |TAMS 0x00000000d1c00000, 0x00000000d1c80c38| Untracked 
| 285|0x00000000d1d00000, 0x00000000d1e00000, 0x00000000d1e00000|100%|HS|  |TAMS 0x00000000d1d00000, 0x00000000d1d00000| Complete 
| 286|0x00000000d1e00000, 0x00000000d1f00000, 0x00000000d1f00000|100%|HS|  |TAMS 0x00000000d1e00000, 0x00000000d1e00000| Complete 
| 287|0x00000000d1f00000, 0x00000000d2000000, 0x00000000d2000000|100%|HS|  |TAMS 0x00000000d2000000, 0x00000000d2000000| Untracked 
| 288|0x00000000d2000000, 0x00000000d2100000, 0x00000000d2100000|100%|HC|  |TAMS 0x00000000d2100000, 0x00000000d2100000| Untracked 
| 289|0x00000000d2100000, 0x00000000d21e4b40, 0x00000000d2200000| 89%| O|  |TAMS 0x00000000d2100000, 0x00000000d21e4b40| Untracked 
| 290|0x00000000d2200000, 0x00000000d2300000, 0x00000000d2300000|100%|HS|  |TAMS 0x00000000d2300000, 0x00000000d2300000| Untracked 
| 291|0x00000000d2300000, 0x00000000d2400000, 0x00000000d2400000|100%|HS|  |TAMS 0x00000000d2400000, 0x00000000d2400000| Untracked 
| 292|0x00000000d2400000, 0x00000000d2500000, 0x00000000d2500000|100%|HC|  |TAMS 0x00000000d2500000, 0x00000000d2500000| Untracked 
| 293|0x00000000d2500000, 0x00000000d25d41b8, 0x00000000d2600000| 82%| O|  |TAMS 0x00000000d2500000, 0x00000000d25d41b8| Untracked 
| 294|0x00000000d2600000, 0x00000000d2700000, 0x00000000d2700000|100%|HS|  |TAMS 0x00000000d2600000, 0x00000000d2600000| Complete 
| 295|0x00000000d2700000, 0x00000000d2800000, 0x00000000d2800000|100%|HS|  |TAMS 0x00000000d2700000, 0x00000000d2700000| Complete 
| 296|0x00000000d2800000, 0x00000000d2900000, 0x00000000d2900000|100%|HC|  |TAMS 0x00000000d2800000, 0x00000000d2800000| Complete 
| 297|0x00000000d2900000, 0x00000000d2a00000, 0x00000000d2a00000|100%|HS|  |TAMS 0x00000000d2900000, 0x00000000d2900000| Complete 
| 298|0x00000000d2a00000, 0x00000000d2b00000, 0x00000000d2b00000|100%|HS|  |TAMS 0x00000000d2b00000, 0x00000000d2b00000| Untracked 
| 299|0x00000000d2b00000, 0x00000000d2c00000, 0x00000000d2c00000|100%|HC|  |TAMS 0x00000000d2c00000, 0x00000000d2c00000| Untracked 
| 300|0x00000000d2c00000, 0x00000000d2cffff0, 0x00000000d2d00000| 99%| O|  |TAMS 0x00000000d2c00000, 0x00000000d2cffff0| Untracked 
| 301|0x00000000d2d00000, 0x00000000d2d00000, 0x00000000d2e00000|  0%| F|  |TAMS 0x00000000d2d00000, 0x00000000d2d00000| Untracked 
| 302|0x00000000d2e00000, 0x00000000d2ea43d8, 0x00000000d2f00000| 64%| O|  |TAMS 0x00000000d2e00000, 0x00000000d2ea43d8| Untracked 
| 303|0x00000000d2f00000, 0x00000000d3000000, 0x00000000d3000000|100%|HS|  |TAMS 0x00000000d3000000, 0x00000000d3000000| Untracked 
| 304|0x00000000d3000000, 0x00000000d3100000, 0x00000000d3100000|100%|HC|  |TAMS 0x00000000d3100000, 0x00000000d3100000| Untracked 
| 305|0x00000000d3100000, 0x00000000d3200000, 0x00000000d3200000|100%|HS|  |TAMS 0x00000000d3100000, 0x00000000d3100000| Complete 
| 306|0x00000000d3200000, 0x00000000d3300000, 0x00000000d3300000|100%|HC|  |TAMS 0x00000000d3200000, 0x00000000d3200000| Complete 
| 307|0x00000000d3300000, 0x00000000d3400000, 0x00000000d3400000|100%|HC|  |TAMS 0x00000000d3300000, 0x00000000d3300000| Complete 
| 308|0x00000000d3400000, 0x00000000d3500000, 0x00000000d3500000|100%| O|  |TAMS 0x00000000d3400000, 0x00000000d3500000| Untracked 
| 309|0x00000000d3500000, 0x00000000d3500000, 0x00000000d3600000|  0%| F|  |TAMS 0x00000000d3500000, 0x00000000d3500000| Untracked 
| 310|0x00000000d3600000, 0x00000000d36ffe00, 0x00000000d3700000| 99%| O|  |TAMS 0x00000000d3600000, 0x00000000d36ffe00| Untracked 
| 311|0x00000000d3700000, 0x00000000d3700000, 0x00000000d3800000|  0%| F|  |TAMS 0x00000000d3700000, 0x00000000d3700000| Untracked 
| 312|0x00000000d3800000, 0x00000000d3900000, 0x00000000d3900000|100%|HS|  |TAMS 0x00000000d3900000, 0x00000000d3900000| Untracked 
| 313|0x00000000d3900000, 0x00000000d3a00000, 0x00000000d3a00000|100%|HC|  |TAMS 0x00000000d3a00000, 0x00000000d3a00000| Untracked 
| 314|0x00000000d3a00000, 0x00000000d3b00000, 0x00000000d3b00000|100%|HC|  |TAMS 0x00000000d3b00000, 0x00000000d3b00000| Untracked 
| 315|0x00000000d3b00000, 0x00000000d3c00000, 0x00000000d3c00000|100%|HC|  |TAMS 0x00000000d3c00000, 0x00000000d3c00000| Untracked 
| 316|0x00000000d3c00000, 0x00000000d3d00000, 0x00000000d3d00000|100%|HC|  |TAMS 0x00000000d3d00000, 0x00000000d3d00000| Untracked 
| 317|0x00000000d3d00000, 0x00000000d3e00000, 0x00000000d3e00000|100%|HC|  |TAMS 0x00000000d3e00000, 0x00000000d3e00000| Untracked 
| 318|0x00000000d3e00000, 0x00000000d3f00000, 0x00000000d3f00000|100%|HC|  |TAMS 0x00000000d3f00000, 0x00000000d3f00000| Untracked 
| 319|0x00000000d3f00000, 0x00000000d4000000, 0x00000000d4000000|100%|HC|  |TAMS 0x00000000d4000000, 0x00000000d4000000| Untracked 
| 320|0x00000000d4000000, 0x00000000d4000000, 0x00000000d4100000|  0%| F|  |TAMS 0x00000000d4000000, 0x00000000d4000000| Untracked 
| 321|0x00000000d4100000, 0x00000000d41ce788, 0x00000000d4200000| 80%| O|  |TAMS 0x00000000d4100000, 0x00000000d41ce788| Untracked 
| 322|0x00000000d4200000, 0x00000000d4300000, 0x00000000d4300000|100%|HS|  |TAMS 0x00000000d4200000, 0x00000000d4200000| Complete 
| 323|0x00000000d4300000, 0x00000000d4400000, 0x00000000d4400000|100%|HC|  |TAMS 0x00000000d4300000, 0x00000000d4300000| Complete 
| 324|0x00000000d4400000, 0x00000000d4500000, 0x00000000d4500000|100%|HC|  |TAMS 0x00000000d4400000, 0x00000000d4400000| Complete 
| 325|0x00000000d4500000, 0x00000000d4600000, 0x00000000d4600000|100%|HC|  |TAMS 0x00000000d4500000, 0x00000000d4500000| Complete 
| 326|0x00000000d4600000, 0x00000000d4700000, 0x00000000d4700000|100%|HC|  |TAMS 0x00000000d4600000, 0x00000000d4600000| Complete 
| 327|0x00000000d4700000, 0x00000000d4800000, 0x00000000d4800000|100%|HS|  |TAMS 0x00000000d4700000, 0x00000000d4700000| Complete 
| 328|0x00000000d4800000, 0x00000000d4900000, 0x00000000d4900000|100%|HC|  |TAMS 0x00000000d4800000, 0x00000000d4800000| Complete 
| 329|0x00000000d4900000, 0x00000000d4900000, 0x00000000d4a00000|  0%| F|  |TAMS 0x00000000d4900000, 0x00000000d4900000| Untracked 
| 330|0x00000000d4a00000, 0x00000000d4b00000, 0x00000000d4b00000|100%|HS|  |TAMS 0x00000000d4b00000, 0x00000000d4b00000| Untracked 
| 331|0x00000000d4b00000, 0x00000000d4c00000, 0x00000000d4c00000|100%|HC|  |TAMS 0x00000000d4c00000, 0x00000000d4c00000| Untracked 
| 332|0x00000000d4c00000, 0x00000000d4d00000, 0x00000000d4d00000|100%|HC|  |TAMS 0x00000000d4d00000, 0x00000000d4d00000| Untracked 
| 333|0x00000000d4d00000, 0x00000000d4e00000, 0x00000000d4e00000|100%|HS|  |TAMS 0x00000000d4e00000, 0x00000000d4e00000| Untracked 
| 334|0x00000000d4e00000, 0x00000000d4f00000, 0x00000000d4f00000|100%|HC|  |TAMS 0x00000000d4f00000, 0x00000000d4f00000| Untracked 
| 335|0x00000000d4f00000, 0x00000000d5000000, 0x00000000d5000000|100%|HC|  |TAMS 0x00000000d5000000, 0x00000000d5000000| Untracked 
| 336|0x00000000d5000000, 0x00000000d5100000, 0x00000000d5100000|100%|HC|  |TAMS 0x00000000d5100000, 0x00000000d5100000| Untracked 
| 337|0x00000000d5100000, 0x00000000d5200000, 0x00000000d5200000|100%|HC|  |TAMS 0x00000000d5200000, 0x00000000d5200000| Untracked 
| 338|0x00000000d5200000, 0x00000000d5300000, 0x00000000d5300000|100%|HC|  |TAMS 0x00000000d5300000, 0x00000000d5300000| Untracked 
| 339|0x00000000d5300000, 0x00000000d5400000, 0x00000000d5400000|100%|HC|  |TAMS 0x00000000d5400000, 0x00000000d5400000| Untracked 
| 340|0x00000000d5400000, 0x00000000d5500000, 0x00000000d5500000|100%|HC|  |TAMS 0x00000000d5500000, 0x00000000d5500000| Untracked 
| 341|0x00000000d5500000, 0x00000000d5600000, 0x00000000d5600000|100%|HS|  |TAMS 0x00000000d5600000, 0x00000000d5600000| Untracked 
| 342|0x00000000d5600000, 0x00000000d5700000, 0x00000000d5700000|100%|HS|  |TAMS 0x00000000d5700000, 0x00000000d5700000| Untracked 
| 343|0x00000000d5700000, 0x00000000d5800000, 0x00000000d5800000|100%|HC|  |TAMS 0x00000000d5800000, 0x00000000d5800000| Untracked 
| 344|0x00000000d5800000, 0x00000000d5900000, 0x00000000d5900000|100%|HS|  |TAMS 0x00000000d5900000, 0x00000000d5900000| Untracked 
| 345|0x00000000d5900000, 0x00000000d5a00000, 0x00000000d5a00000|100%|HC|  |TAMS 0x00000000d5a00000, 0x00000000d5a00000| Untracked 
| 346|0x00000000d5a00000, 0x00000000d5b00000, 0x00000000d5b00000|100%|HC|  |TAMS 0x00000000d5b00000, 0x00000000d5b00000| Untracked 
| 347|0x00000000d5b00000, 0x00000000d5c00000, 0x00000000d5c00000|100%|HC|  |TAMS 0x00000000d5c00000, 0x00000000d5c00000| Untracked 
| 348|0x00000000d5c00000, 0x00000000d5d00000, 0x00000000d5d00000|100%|HC|  |TAMS 0x00000000d5d00000, 0x00000000d5d00000| Untracked 
| 349|0x00000000d5d00000, 0x00000000d5e00000, 0x00000000d5e00000|100%|HC|  |TAMS 0x00000000d5e00000, 0x00000000d5e00000| Untracked 
| 350|0x00000000d5e00000, 0x00000000d5f00000, 0x00000000d5f00000|100%|HC|  |TAMS 0x00000000d5f00000, 0x00000000d5f00000| Untracked 
| 351|0x00000000d5f00000, 0x00000000d6000000, 0x00000000d6000000|100%|HC|  |TAMS 0x00000000d6000000, 0x00000000d6000000| Untracked 
| 352|0x00000000d6000000, 0x00000000d6100000, 0x00000000d6100000|100%|HS|  |TAMS 0x00000000d6100000, 0x00000000d6100000| Untracked 
| 353|0x00000000d6100000, 0x00000000d6200000, 0x00000000d6200000|100%|HC|  |TAMS 0x00000000d6200000, 0x00000000d6200000| Untracked 
| 354|0x00000000d6200000, 0x00000000d6300000, 0x00000000d6300000|100%|HC|  |TAMS 0x00000000d6300000, 0x00000000d6300000| Untracked 
| 355|0x00000000d6300000, 0x00000000d6400000, 0x00000000d6400000|100%|HS|  |TAMS 0x00000000d6400000, 0x00000000d6400000| Untracked 
| 356|0x00000000d6400000, 0x00000000d6500000, 0x00000000d6500000|100%|HS|  |TAMS 0x00000000d6500000, 0x00000000d6500000| Untracked 
| 357|0x00000000d6500000, 0x00000000d6600000, 0x00000000d6600000|100%|HC|  |TAMS 0x00000000d6600000, 0x00000000d6600000| Untracked 
| 358|0x00000000d6600000, 0x00000000d6700000, 0x00000000d6700000|100%|HC|  |TAMS 0x00000000d6700000, 0x00000000d6700000| Untracked 
| 359|0x00000000d6700000, 0x00000000d6800000, 0x00000000d6800000|100%|HS|  |TAMS 0x00000000d6700000, 0x00000000d6700000| Complete 
| 360|0x00000000d6800000, 0x00000000d6900000, 0x00000000d6900000|100%|HC|  |TAMS 0x00000000d6800000, 0x00000000d6800000| Complete 
| 361|0x00000000d6900000, 0x00000000d6a00000, 0x00000000d6a00000|100%|HC|  |TAMS 0x00000000d6900000, 0x00000000d6900000| Complete 
| 362|0x00000000d6a00000, 0x00000000d6b00000, 0x00000000d6b00000|100%|HC|  |TAMS 0x00000000d6a00000, 0x00000000d6a00000| Complete 
| 363|0x00000000d6b00000, 0x00000000d6c00000, 0x00000000d6c00000|100%|HC|  |TAMS 0x00000000d6b00000, 0x00000000d6b00000| Complete 
| 364|0x00000000d6c00000, 0x00000000d6d00000, 0x00000000d6d00000|100%|HC|  |TAMS 0x00000000d6c00000, 0x00000000d6c00000| Complete 
| 365|0x00000000d6d00000, 0x00000000d6e00000, 0x00000000d6e00000|100%|HC|  |TAMS 0x00000000d6d00000, 0x00000000d6d00000| Complete 
| 366|0x00000000d6e00000, 0x00000000d6f00000, 0x00000000d6f00000|100%|HS|  |TAMS 0x00000000d6f00000, 0x00000000d6f00000| Untracked 
| 367|0x00000000d6f00000, 0x00000000d7000000, 0x00000000d7000000|100%|HC|  |TAMS 0x00000000d7000000, 0x00000000d7000000| Untracked 
| 368|0x00000000d7000000, 0x00000000d7000000, 0x00000000d7100000|  0%| F|  |TAMS 0x00000000d7000000, 0x00000000d7000000| Untracked 
| 369|0x00000000d7100000, 0x00000000d7100000, 0x00000000d7200000|  0%| F|  |TAMS 0x00000000d7100000, 0x00000000d7100000| Untracked 
| 370|0x00000000d7200000, 0x00000000d7300000, 0x00000000d7300000|100%|HS|  |TAMS 0x00000000d7300000, 0x00000000d7300000| Untracked 
| 371|0x00000000d7300000, 0x00000000d7400000, 0x00000000d7400000|100%|HS|  |TAMS 0x00000000d7400000, 0x00000000d7400000| Untracked 
| 372|0x00000000d7400000, 0x00000000d7500000, 0x00000000d7500000|100%|HS|  |TAMS 0x00000000d7500000, 0x00000000d7500000| Untracked 
| 373|0x00000000d7500000, 0x00000000d7600000, 0x00000000d7600000|100%|HC|  |TAMS 0x00000000d7600000, 0x00000000d7600000| Untracked 
| 374|0x00000000d7600000, 0x00000000d7600000, 0x00000000d7700000|  0%| F|  |TAMS 0x00000000d7600000, 0x00000000d7600000| Untracked 
| 375|0x00000000d7700000, 0x00000000d7700000, 0x00000000d7800000|  0%| F|  |TAMS 0x00000000d7700000, 0x00000000d7700000| Untracked 
| 376|0x00000000d7800000, 0x00000000d7900000, 0x00000000d7900000|100%|HS|  |TAMS 0x00000000d7900000, 0x00000000d7900000| Untracked 
| 377|0x00000000d7900000, 0x00000000d7a00000, 0x00000000d7a00000|100%|HS|  |TAMS 0x00000000d7900000, 0x00000000d7900000| Complete 
| 378|0x00000000d7a00000, 0x00000000d7b00000, 0x00000000d7b00000|100%|HC|  |TAMS 0x00000000d7a00000, 0x00000000d7a00000| Complete 
| 379|0x00000000d7b00000, 0x00000000d7c00000, 0x00000000d7c00000|100%|HC|  |TAMS 0x00000000d7b00000, 0x00000000d7b00000| Complete 
| 380|0x00000000d7c00000, 0x00000000d7d00000, 0x00000000d7d00000|100%|HC|  |TAMS 0x00000000d7c00000, 0x00000000d7c00000| Complete 
| 381|0x00000000d7d00000, 0x00000000d7e00000, 0x00000000d7e00000|100%|HC|  |TAMS 0x00000000d7d00000, 0x00000000d7d00000| Complete 
| 382|0x00000000d7e00000, 0x00000000d7f00000, 0x00000000d7f00000|100%|HC|  |TAMS 0x00000000d7e00000, 0x00000000d7e00000| Complete 
| 383|0x00000000d7f00000, 0x00000000d8000000, 0x00000000d8000000|100%|HC|  |TAMS 0x00000000d7f00000, 0x00000000d7f00000| Complete 
| 384|0x00000000d8000000, 0x00000000d8100000, 0x00000000d8100000|100%|HC|  |TAMS 0x00000000d8000000, 0x00000000d8000000| Complete 
| 385|0x00000000d8100000, 0x00000000d8200000, 0x00000000d8200000|100%|HC|  |TAMS 0x00000000d8100000, 0x00000000d8100000| Complete 
| 386|0x00000000d8200000, 0x00000000d8200000, 0x00000000d8300000|  0%| F|  |TAMS 0x00000000d8200000, 0x00000000d8200000| Untracked 
| 387|0x00000000d8300000, 0x00000000d83fe668, 0x00000000d8400000| 99%| O|  |TAMS 0x00000000d8300000, 0x00000000d83fe668| Untracked 
| 388|0x00000000d8400000, 0x00000000d8500000, 0x00000000d8500000|100%|HS|  |TAMS 0x00000000d8500000, 0x00000000d8500000| Untracked 
| 389|0x00000000d8500000, 0x00000000d8600000, 0x00000000d8600000|100%|HC|  |TAMS 0x00000000d8600000, 0x00000000d8600000| Untracked 
| 390|0x00000000d8600000, 0x00000000d8700000, 0x00000000d8700000|100%|HC|  |TAMS 0x00000000d8700000, 0x00000000d8700000| Untracked 
| 391|0x00000000d8700000, 0x00000000d8800000, 0x00000000d8800000|100%|HC|  |TAMS 0x00000000d8800000, 0x00000000d8800000| Untracked 
| 392|0x00000000d8800000, 0x00000000d8900000, 0x00000000d8900000|100%|HS|  |TAMS 0x00000000d8900000, 0x00000000d8900000| Untracked 
| 393|0x00000000d8900000, 0x00000000d8a00000, 0x00000000d8a00000|100%|HC|  |TAMS 0x00000000d8a00000, 0x00000000d8a00000| Untracked 
| 394|0x00000000d8a00000, 0x00000000d8b00000, 0x00000000d8b00000|100%|HC|  |TAMS 0x00000000d8b00000, 0x00000000d8b00000| Untracked 
| 395|0x00000000d8b00000, 0x00000000d8b00000, 0x00000000d8c00000|  0%| F|  |TAMS 0x00000000d8b00000, 0x00000000d8b00000| Untracked 
| 396|0x00000000d8c00000, 0x00000000d8cffce0, 0x00000000d8d00000| 99%| O|  |TAMS 0x00000000d8c00000, 0x00000000d8cffce0| Untracked 
| 397|0x00000000d8d00000, 0x00000000d8d00000, 0x00000000d8e00000|  0%| F|  |TAMS 0x00000000d8d00000, 0x00000000d8d00000| Untracked 
| 398|0x00000000d8e00000, 0x00000000d8f00000, 0x00000000d8f00000|100%|HS|  |TAMS 0x00000000d8f00000, 0x00000000d8f00000| Untracked 
| 399|0x00000000d8f00000, 0x00000000d9000000, 0x00000000d9000000|100%|HC|  |TAMS 0x00000000d9000000, 0x00000000d9000000| Untracked 
| 400|0x00000000d9000000, 0x00000000d90fe3e0, 0x00000000d9100000| 99%| O|  |TAMS 0x00000000d9000000, 0x00000000d90fe3e0| Untracked 
| 401|0x00000000d9100000, 0x00000000d9100000, 0x00000000d9200000|  0%| F|  |TAMS 0x00000000d9100000, 0x00000000d9100000| Untracked 
| 402|0x00000000d9200000, 0x00000000d9200000, 0x00000000d9300000|  0%| F|  |TAMS 0x00000000d9200000, 0x00000000d9200000| Untracked 
| 403|0x00000000d9300000, 0x00000000d9400000, 0x00000000d9400000|100%|HS|  |TAMS 0x00000000d9400000, 0x00000000d9400000| Untracked 
| 404|0x00000000d9400000, 0x00000000d9500000, 0x00000000d9500000|100%|HS|  |TAMS 0x00000000d9500000, 0x00000000d9500000| Untracked 
| 405|0x00000000d9500000, 0x00000000d9600000, 0x00000000d9600000|100%|HC|  |TAMS 0x00000000d9600000, 0x00000000d9600000| Untracked 
| 406|0x00000000d9600000, 0x00000000d9600000, 0x00000000d9700000|  0%| F|  |TAMS 0x00000000d9600000, 0x00000000d9600000| Untracked 
| 407|0x00000000d9700000, 0x00000000d9800000, 0x00000000d9800000|100%|HS|  |TAMS 0x00000000d9800000, 0x00000000d9800000| Untracked 
| 408|0x00000000d9800000, 0x00000000d9800000, 0x00000000d9900000|  0%| F|  |TAMS 0x00000000d9800000, 0x00000000d9800000| Untracked 
| 409|0x00000000d9900000, 0x00000000d9900000, 0x00000000d9a00000|  0%| F|  |TAMS 0x00000000d9900000, 0x00000000d9900000| Untracked 
| 410|0x00000000d9a00000, 0x00000000d9b00000, 0x00000000d9b00000|100%|HS|  |TAMS 0x00000000d9b00000, 0x00000000d9b00000| Untracked 
| 411|0x00000000d9b00000, 0x00000000d9c00000, 0x00000000d9c00000|100%|HS|  |TAMS 0x00000000d9b00000, 0x00000000d9b00000| Complete 
| 412|0x00000000d9c00000, 0x00000000d9d00000, 0x00000000d9d00000|100%|HC|  |TAMS 0x00000000d9c00000, 0x00000000d9c00000| Complete 
| 413|0x00000000d9d00000, 0x00000000d9e00000, 0x00000000d9e00000|100%|HC|  |TAMS 0x00000000d9d00000, 0x00000000d9d00000| Complete 
| 414|0x00000000d9e00000, 0x00000000d9e00000, 0x00000000d9f00000|  0%| F|  |TAMS 0x00000000d9e00000, 0x00000000d9e00000| Untracked 
| 415|0x00000000d9f00000, 0x00000000da000000, 0x00000000da000000|100%|HS|  |TAMS 0x00000000da000000, 0x00000000da000000| Untracked 
| 416|0x00000000da000000, 0x00000000da100000, 0x00000000da100000|100%|HS|  |TAMS 0x00000000da100000, 0x00000000da100000| Untracked 
| 417|0x00000000da100000, 0x00000000da200000, 0x00000000da200000|100%|HC|  |TAMS 0x00000000da200000, 0x00000000da200000| Untracked 
| 418|0x00000000da200000, 0x00000000da300000, 0x00000000da300000|100%|HS|  |TAMS 0x00000000da300000, 0x00000000da300000| Untracked 
| 419|0x00000000da300000, 0x00000000da400000, 0x00000000da400000|100%|HC|  |TAMS 0x00000000da400000, 0x00000000da400000| Untracked 
| 420|0x00000000da400000, 0x00000000da500000, 0x00000000da500000|100%|HC|  |TAMS 0x00000000da500000, 0x00000000da500000| Untracked 
| 421|0x00000000da500000, 0x00000000da600000, 0x00000000da600000|100%|HC|  |TAMS 0x00000000da600000, 0x00000000da600000| Untracked 
| 422|0x00000000da600000, 0x00000000da700000, 0x00000000da700000|100%|HC|  |TAMS 0x00000000da700000, 0x00000000da700000| Untracked 
| 423|0x00000000da700000, 0x00000000da800000, 0x00000000da800000|100%|HC|  |TAMS 0x00000000da800000, 0x00000000da800000| Untracked 
| 424|0x00000000da800000, 0x00000000da900000, 0x00000000da900000|100%|HC|  |TAMS 0x00000000da900000, 0x00000000da900000| Untracked 
| 425|0x00000000da900000, 0x00000000daa00000, 0x00000000daa00000|100%|HC|  |TAMS 0x00000000daa00000, 0x00000000daa00000| Untracked 
| 426|0x00000000daa00000, 0x00000000dab00000, 0x00000000dab00000|100%|HC|  |TAMS 0x00000000dab00000, 0x00000000dab00000| Untracked 
| 427|0x00000000dab00000, 0x00000000dac00000, 0x00000000dac00000|100%|HC|  |TAMS 0x00000000dac00000, 0x00000000dac00000| Untracked 
| 428|0x00000000dac00000, 0x00000000dac00000, 0x00000000dad00000|  0%| F|  |TAMS 0x00000000dac00000, 0x00000000dac00000| Untracked 
| 429|0x00000000dad00000, 0x00000000dae00000, 0x00000000dae00000|100%|HS|  |TAMS 0x00000000dae00000, 0x00000000dae00000| Untracked 
| 430|0x00000000dae00000, 0x00000000daf00000, 0x00000000daf00000|100%|HC|  |TAMS 0x00000000daf00000, 0x00000000daf00000| Untracked 
| 431|0x00000000daf00000, 0x00000000db000000, 0x00000000db000000|100%|HC|  |TAMS 0x00000000db000000, 0x00000000db000000| Untracked 
| 432|0x00000000db000000, 0x00000000db100000, 0x00000000db100000|100%|HC|  |TAMS 0x00000000db100000, 0x00000000db100000| Untracked 
| 433|0x00000000db100000, 0x00000000db1e3378, 0x00000000db200000| 88%| O|  |TAMS 0x00000000db100000, 0x00000000db1e3378| Untracked 
| 434|0x00000000db200000, 0x00000000db200000, 0x00000000db300000|  0%| F|  |TAMS 0x00000000db200000, 0x00000000db200000| Untracked 
| 435|0x00000000db300000, 0x00000000db300000, 0x00000000db400000|  0%| F|  |TAMS 0x00000000db300000, 0x00000000db300000| Untracked 
| 436|0x00000000db400000, 0x00000000db500000, 0x00000000db500000|100%|HS|  |TAMS 0x00000000db500000, 0x00000000db500000| Untracked 
| 437|0x00000000db500000, 0x00000000db600000, 0x00000000db600000|100%|HC|  |TAMS 0x00000000db600000, 0x00000000db600000| Untracked 
| 438|0x00000000db600000, 0x00000000db700000, 0x00000000db700000|100%|HS|  |TAMS 0x00000000db700000, 0x00000000db700000| Untracked 
| 439|0x00000000db700000, 0x00000000db800000, 0x00000000db800000|100%|HC|  |TAMS 0x00000000db800000, 0x00000000db800000| Untracked 
| 440|0x00000000db800000, 0x00000000db900000, 0x00000000db900000|100%|HC|  |TAMS 0x00000000db900000, 0x00000000db900000| Untracked 
| 441|0x00000000db900000, 0x00000000dba00000, 0x00000000dba00000|100%|HC|  |TAMS 0x00000000dba00000, 0x00000000dba00000| Untracked 
| 442|0x00000000dba00000, 0x00000000dbb00000, 0x00000000dbb00000|100%|HC|  |TAMS 0x00000000dbb00000, 0x00000000dbb00000| Untracked 
| 443|0x00000000dbb00000, 0x00000000dbc00000, 0x00000000dbc00000|100%|HS|  |TAMS 0x00000000dbb00000, 0x00000000dbb00000| Complete 
| 444|0x00000000dbc00000, 0x00000000dbd00000, 0x00000000dbd00000|100%|HC|  |TAMS 0x00000000dbc00000, 0x00000000dbc00000| Complete 
| 445|0x00000000dbd00000, 0x00000000dbe00000, 0x00000000dbe00000|100%|HC|  |TAMS 0x00000000dbd00000, 0x00000000dbd00000| Complete 
| 446|0x00000000dbe00000, 0x00000000dbf00000, 0x00000000dbf00000|100%|HC|  |TAMS 0x00000000dbe00000, 0x00000000dbe00000| Complete 
| 447|0x00000000dbf00000, 0x00000000dc000000, 0x00000000dc000000|100%|HC|  |TAMS 0x00000000dbf00000, 0x00000000dbf00000| Complete 
| 448|0x00000000dc000000, 0x00000000dc000000, 0x00000000dc100000|  0%| F|  |TAMS 0x00000000dc000000, 0x00000000dc000000| Untracked 
| 449|0x00000000dc100000, 0x00000000dc200000, 0x00000000dc200000|100%|HS|  |TAMS 0x00000000dc200000, 0x00000000dc200000| Untracked 
| 450|0x00000000dc200000, 0x00000000dc300000, 0x00000000dc300000|100%|HC|  |TAMS 0x00000000dc300000, 0x00000000dc300000| Untracked 
| 451|0x00000000dc300000, 0x00000000dc400000, 0x00000000dc400000|100%|HS|  |TAMS 0x00000000dc400000, 0x00000000dc400000| Untracked 
| 452|0x00000000dc400000, 0x00000000dc400000, 0x00000000dc500000|  0%| F|  |TAMS 0x00000000dc400000, 0x00000000dc400000| Untracked 
| 453|0x00000000dc500000, 0x00000000dc500000, 0x00000000dc600000|  0%| F|  |TAMS 0x00000000dc500000, 0x00000000dc500000| Untracked 
| 454|0x00000000dc600000, 0x00000000dc600000, 0x00000000dc700000|  0%| F|  |TAMS 0x00000000dc600000, 0x00000000dc600000| Untracked 
| 455|0x00000000dc700000, 0x00000000dc700000, 0x00000000dc800000|  0%| F|  |TAMS 0x00000000dc700000, 0x00000000dc700000| Untracked 
| 456|0x00000000dc800000, 0x00000000dc900000, 0x00000000dc900000|100%|HS|  |TAMS 0x00000000dc900000, 0x00000000dc900000| Untracked 
| 457|0x00000000dc900000, 0x00000000dc900000, 0x00000000dca00000|  0%| F|  |TAMS 0x00000000dc900000, 0x00000000dc900000| Untracked 
| 458|0x00000000dca00000, 0x00000000dca00000, 0x00000000dcb00000|  0%| F|  |TAMS 0x00000000dca00000, 0x00000000dca00000| Untracked 
| 459|0x00000000dcb00000, 0x00000000dcb00000, 0x00000000dcc00000|  0%| F|  |TAMS 0x00000000dcb00000, 0x00000000dcb00000| Untracked 
| 460|0x00000000dcc00000, 0x00000000dcd00000, 0x00000000dcd00000|100%|HS|  |TAMS 0x00000000dcd00000, 0x00000000dcd00000| Untracked 
| 461|0x00000000dcd00000, 0x00000000dce00000, 0x00000000dce00000|100%|HC|  |TAMS 0x00000000dce00000, 0x00000000dce00000| Untracked 
| 462|0x00000000dce00000, 0x00000000dce00000, 0x00000000dcf00000|  0%| F|  |TAMS 0x00000000dce00000, 0x00000000dce00000| Untracked 
| 463|0x00000000dcf00000, 0x00000000dd000000, 0x00000000dd000000|100%|HS|  |TAMS 0x00000000dd000000, 0x00000000dd000000| Untracked 
| 464|0x00000000dd000000, 0x00000000dd100000, 0x00000000dd100000|100%|HC|  |TAMS 0x00000000dd100000, 0x00000000dd100000| Untracked 
| 465|0x00000000dd100000, 0x00000000dd100000, 0x00000000dd200000|  0%| F|  |TAMS 0x00000000dd100000, 0x00000000dd100000| Untracked 
| 466|0x00000000dd200000, 0x00000000dd200000, 0x00000000dd300000|  0%| F|  |TAMS 0x00000000dd200000, 0x00000000dd200000| Untracked 
| 467|0x00000000dd300000, 0x00000000dd300000, 0x00000000dd400000|  0%| F|  |TAMS 0x00000000dd300000, 0x00000000dd300000| Untracked 
| 468|0x00000000dd400000, 0x00000000dd500000, 0x00000000dd500000|100%|HS|  |TAMS 0x00000000dd500000, 0x00000000dd500000| Untracked 
| 469|0x00000000dd500000, 0x00000000dd600000, 0x00000000dd600000|100%|HS|  |TAMS 0x00000000dd600000, 0x00000000dd600000| Untracked 
| 470|0x00000000dd600000, 0x00000000dd700000, 0x00000000dd700000|100%|HC|  |TAMS 0x00000000dd700000, 0x00000000dd700000| Untracked 
| 471|0x00000000dd700000, 0x00000000dd700000, 0x00000000dd800000|  0%| F|  |TAMS 0x00000000dd700000, 0x00000000dd700000| Untracked 
| 472|0x00000000dd800000, 0x00000000dd8fd348, 0x00000000dd900000| 98%| O|  |TAMS 0x00000000dd800000, 0x00000000dd8fd348| Untracked 
| 473|0x00000000dd900000, 0x00000000dd900000, 0x00000000dda00000|  0%| F|  |TAMS 0x00000000dd900000, 0x00000000dd900000| Untracked 
| 474|0x00000000dda00000, 0x00000000dda00000, 0x00000000ddb00000|  0%| F|  |TAMS 0x00000000dda00000, 0x00000000dda00000| Untracked 
| 475|0x00000000ddb00000, 0x00000000ddb00000, 0x00000000ddc00000|  0%| F|  |TAMS 0x00000000ddb00000, 0x00000000ddb00000| Untracked 
| 476|0x00000000ddc00000, 0x00000000ddcf0990, 0x00000000ddd00000| 93%| O|  |TAMS 0x00000000ddc00000, 0x00000000ddcf0990| Untracked 
| 477|0x00000000ddd00000, 0x00000000dddea9a0, 0x00000000dde00000| 91%| O|  |TAMS 0x00000000ddd00000, 0x00000000dddea9a0| Untracked 
| 478|0x00000000dde00000, 0x00000000ddefece8, 0x00000000ddf00000| 99%| O|  |TAMS 0x00000000dde00000, 0x00000000ddefece8| Untracked 
| 479|0x00000000ddf00000, 0x00000000ddf00000, 0x00000000de000000|  0%| F|  |TAMS 0x00000000ddf00000, 0x00000000ddf00000| Untracked 
| 480|0x00000000de000000, 0x00000000de000000, 0x00000000de100000|  0%| F|  |TAMS 0x00000000de000000, 0x00000000de000000| Untracked 
| 481|0x00000000de100000, 0x00000000de1f6510, 0x00000000de200000| 96%| O|  |TAMS 0x00000000de100000, 0x00000000de1f6510| Untracked 
| 482|0x00000000de200000, 0x00000000de2e3030, 0x00000000de300000| 88%| O|  |TAMS 0x00000000de200000, 0x00000000de2e3030| Untracked 
| 483|0x00000000de300000, 0x00000000de3ff118, 0x00000000de400000| 99%| O|  |TAMS 0x00000000de300000, 0x00000000de3ff118| Untracked 
| 484|0x00000000de400000, 0x00000000de400000, 0x00000000de500000|  0%| F|  |TAMS 0x00000000de400000, 0x00000000de400000| Untracked 
| 485|0x00000000de500000, 0x00000000de600000, 0x00000000de600000|100%|HS|  |TAMS 0x00000000de600000, 0x00000000de600000| Untracked 
| 486|0x00000000de600000, 0x00000000de700000, 0x00000000de700000|100%|HC|  |TAMS 0x00000000de700000, 0x00000000de700000| Untracked 
| 487|0x00000000de700000, 0x00000000de800000, 0x00000000de800000|100%|HC|  |TAMS 0x00000000de800000, 0x00000000de800000| Untracked 
| 488|0x00000000de800000, 0x00000000de900000, 0x00000000de900000|100%|HC|  |TAMS 0x00000000de900000, 0x00000000de900000| Untracked 
| 489|0x00000000de900000, 0x00000000dea00000, 0x00000000dea00000|100%|HC|  |TAMS 0x00000000dea00000, 0x00000000dea00000| Untracked 
| 490|0x00000000dea00000, 0x00000000deb00000, 0x00000000deb00000|100%|HC|  |TAMS 0x00000000deb00000, 0x00000000deb00000| Untracked 
| 491|0x00000000deb00000, 0x00000000dec00000, 0x00000000dec00000|100%|HC|  |TAMS 0x00000000dec00000, 0x00000000dec00000| Untracked 
| 492|0x00000000dec00000, 0x00000000ded00000, 0x00000000ded00000|100%|HC|  |TAMS 0x00000000ded00000, 0x00000000ded00000| Untracked 
| 493|0x00000000ded00000, 0x00000000dee00000, 0x00000000dee00000|100%|HS|  |TAMS 0x00000000dee00000, 0x00000000dee00000| Untracked 
| 494|0x00000000dee00000, 0x00000000def00000, 0x00000000def00000|100%|HC|  |TAMS 0x00000000def00000, 0x00000000def00000| Untracked 
| 495|0x00000000def00000, 0x00000000df000000, 0x00000000df000000|100%|HC|  |TAMS 0x00000000df000000, 0x00000000df000000| Untracked 
| 496|0x00000000df000000, 0x00000000df100000, 0x00000000df100000|100%|HC|  |TAMS 0x00000000df100000, 0x00000000df100000| Untracked 
| 497|0x00000000df100000, 0x00000000df200000, 0x00000000df200000|100%|HC|  |TAMS 0x00000000df200000, 0x00000000df200000| Untracked 
| 498|0x00000000df200000, 0x00000000df300000, 0x00000000df300000|100%|HC|  |TAMS 0x00000000df300000, 0x00000000df300000| Untracked 
| 499|0x00000000df300000, 0x00000000df400000, 0x00000000df400000|100%|HC|  |TAMS 0x00000000df400000, 0x00000000df400000| Untracked 
| 500|0x00000000df400000, 0x00000000df500000, 0x00000000df500000|100%|HC|  |TAMS 0x00000000df500000, 0x00000000df500000| Untracked 
| 501|0x00000000df500000, 0x00000000df600000, 0x00000000df600000|100%|HC|  |TAMS 0x00000000df600000, 0x00000000df600000| Untracked 
| 502|0x00000000df600000, 0x00000000df700000, 0x00000000df700000|100%|HC|  |TAMS 0x00000000df700000, 0x00000000df700000| Untracked 
| 503|0x00000000df700000, 0x00000000df800000, 0x00000000df800000|100%|HC|  |TAMS 0x00000000df800000, 0x00000000df800000| Untracked 
| 504|0x00000000df800000, 0x00000000df900000, 0x00000000df900000|100%|HC|  |TAMS 0x00000000df900000, 0x00000000df900000| Untracked 
| 505|0x00000000df900000, 0x00000000dfa00000, 0x00000000dfa00000|100%|HC|  |TAMS 0x00000000dfa00000, 0x00000000dfa00000| Untracked 
| 506|0x00000000dfa00000, 0x00000000dfafd6f0, 0x00000000dfb00000| 98%| O|  |TAMS 0x00000000dfa00000, 0x00000000dfafd6f0| Untracked 
| 507|0x00000000dfb00000, 0x00000000dfb00000, 0x00000000dfc00000|  0%| F|  |TAMS 0x00000000dfb00000, 0x00000000dfb00000| Untracked 
| 508|0x00000000dfc00000, 0x00000000dfd00000, 0x00000000dfd00000|100%|HS|  |TAMS 0x00000000dfd00000, 0x00000000dfd00000| Untracked 
| 509|0x00000000dfd00000, 0x00000000dfe00000, 0x00000000dfe00000|100%|HC|  |TAMS 0x00000000dfe00000, 0x00000000dfe00000| Untracked 
| 510|0x00000000dfe00000, 0x00000000dff00000, 0x00000000dff00000|100%|HC|  |TAMS 0x00000000dff00000, 0x00000000dff00000| Untracked 
| 511|0x00000000dff00000, 0x00000000e0000000, 0x00000000e0000000|100%|HC|  |TAMS 0x00000000e0000000, 0x00000000e0000000| Untracked 
| 512|0x00000000e0000000, 0x00000000e0100000, 0x00000000e0100000|100%|HC|  |TAMS 0x00000000e0100000, 0x00000000e0100000| Untracked 
| 513|0x00000000e0100000, 0x00000000e0200000, 0x00000000e0200000|100%|HC|  |TAMS 0x00000000e0200000, 0x00000000e0200000| Untracked 
| 514|0x00000000e0200000, 0x00000000e0300000, 0x00000000e0300000|100%|HC|  |TAMS 0x00000000e0300000, 0x00000000e0300000| Untracked 
| 515|0x00000000e0300000, 0x00000000e0400000, 0x00000000e0400000|100%|HC|  |TAMS 0x00000000e0400000, 0x00000000e0400000| Untracked 
| 516|0x00000000e0400000, 0x00000000e0500000, 0x00000000e0500000|100%|HS|  |TAMS 0x00000000e0500000, 0x00000000e0500000| Untracked 
| 517|0x00000000e0500000, 0x00000000e0600000, 0x00000000e0600000|100%|HC|  |TAMS 0x00000000e0600000, 0x00000000e0600000| Untracked 
| 518|0x00000000e0600000, 0x00000000e0700000, 0x00000000e0700000|100%|HC|  |TAMS 0x00000000e0700000, 0x00000000e0700000| Untracked 
| 519|0x00000000e0700000, 0x00000000e0800000, 0x00000000e0800000|100%|HC|  |TAMS 0x00000000e0800000, 0x00000000e0800000| Untracked 
| 520|0x00000000e0800000, 0x00000000e0900000, 0x00000000e0900000|100%|HC|  |TAMS 0x00000000e0900000, 0x00000000e0900000| Untracked 
| 521|0x00000000e0900000, 0x00000000e0a00000, 0x00000000e0a00000|100%|HC|  |TAMS 0x00000000e0a00000, 0x00000000e0a00000| Untracked 
| 522|0x00000000e0a00000, 0x00000000e0b00000, 0x00000000e0b00000|100%|HC|  |TAMS 0x00000000e0b00000, 0x00000000e0b00000| Untracked 
| 523|0x00000000e0b00000, 0x00000000e0bfab08, 0x00000000e0c00000| 97%| O|  |TAMS 0x00000000e0b00000, 0x00000000e0bfab08| Untracked 
| 524|0x00000000e0c00000, 0x00000000e0c00000, 0x00000000e0d00000|  0%| F|  |TAMS 0x00000000e0c00000, 0x00000000e0c00000| Untracked 
| 525|0x00000000e0d00000, 0x00000000e0df6fb0, 0x00000000e0e00000| 96%| O|  |TAMS 0x00000000e0d00000, 0x00000000e0df6fb0| Untracked 
| 526|0x00000000e0e00000, 0x00000000e0e00000, 0x00000000e0f00000|  0%| F|  |TAMS 0x00000000e0e00000, 0x00000000e0e00000| Untracked 
| 527|0x00000000e0f00000, 0x00000000e1000000, 0x00000000e1000000|100%|HS|  |TAMS 0x00000000e1000000, 0x00000000e1000000| Untracked 
| 528|0x00000000e1000000, 0x00000000e1100000, 0x00000000e1100000|100%|HC|  |TAMS 0x00000000e1100000, 0x00000000e1100000| Untracked 
| 529|0x00000000e1100000, 0x00000000e1200000, 0x00000000e1200000|100%|HC|  |TAMS 0x00000000e1200000, 0x00000000e1200000| Untracked 
| 530|0x00000000e1200000, 0x00000000e12ff2b0, 0x00000000e1300000| 99%| O|  |TAMS 0x00000000e1200000, 0x00000000e12ff2b0| Untracked 
| 531|0x00000000e1300000, 0x00000000e1300000, 0x00000000e1400000|  0%| F|  |TAMS 0x00000000e1300000, 0x00000000e1300000| Untracked 
| 532|0x00000000e1400000, 0x00000000e14fc790, 0x00000000e1500000| 98%| O|  |TAMS 0x00000000e1400000, 0x00000000e14fc790| Untracked 
| 533|0x00000000e1500000, 0x00000000e1600000, 0x00000000e1600000|100%|HS|  |TAMS 0x00000000e1600000, 0x00000000e1600000| Untracked 
| 534|0x00000000e1600000, 0x00000000e1600000, 0x00000000e1700000|  0%| F|  |TAMS 0x00000000e1600000, 0x00000000e1600000| Untracked 
| 535|0x00000000e1700000, 0x00000000e1700000, 0x00000000e1800000|  0%| F|  |TAMS 0x00000000e1700000, 0x00000000e1700000| Untracked 
| 536|0x00000000e1800000, 0x00000000e1800000, 0x00000000e1900000|  0%| F|  |TAMS 0x00000000e1800000, 0x00000000e1800000| Untracked 
| 537|0x00000000e1900000, 0x00000000e1a00000, 0x00000000e1a00000|100%|HS|  |TAMS 0x00000000e1a00000, 0x00000000e1a00000| Untracked 
| 538|0x00000000e1a00000, 0x00000000e1b00000, 0x00000000e1b00000|100%|HS|  |TAMS 0x00000000e1b00000, 0x00000000e1b00000| Untracked 
| 539|0x00000000e1b00000, 0x00000000e1c00000, 0x00000000e1c00000|100%|HC|  |TAMS 0x00000000e1c00000, 0x00000000e1c00000| Untracked 
| 540|0x00000000e1c00000, 0x00000000e1d00000, 0x00000000e1d00000|100%|HC|  |TAMS 0x00000000e1d00000, 0x00000000e1d00000| Untracked 
| 541|0x00000000e1d00000, 0x00000000e1e00000, 0x00000000e1e00000|100%|HC|  |TAMS 0x00000000e1e00000, 0x00000000e1e00000| Untracked 
| 542|0x00000000e1e00000, 0x00000000e1f00000, 0x00000000e1f00000|100%|HC|  |TAMS 0x00000000e1f00000, 0x00000000e1f00000| Untracked 
| 543|0x00000000e1f00000, 0x00000000e2000000, 0x00000000e2000000|100%|HC|  |TAMS 0x00000000e2000000, 0x00000000e2000000| Untracked 
| 544|0x00000000e2000000, 0x00000000e2100000, 0x00000000e2100000|100%|HC|  |TAMS 0x00000000e2100000, 0x00000000e2100000| Untracked 
| 545|0x00000000e2100000, 0x00000000e2200000, 0x00000000e2200000|100%|HS|  |TAMS 0x00000000e2200000, 0x00000000e2200000| Untracked 
| 546|0x00000000e2200000, 0x00000000e2300000, 0x00000000e2300000|100%|HC|  |TAMS 0x00000000e2300000, 0x00000000e2300000| Untracked 
| 547|0x00000000e2300000, 0x00000000e2300000, 0x00000000e2400000|  0%| F|  |TAMS 0x00000000e2300000, 0x00000000e2300000| Untracked 
| 548|0x00000000e2400000, 0x00000000e2400000, 0x00000000e2500000|  0%| F|  |TAMS 0x00000000e2400000, 0x00000000e2400000| Untracked 
| 549|0x00000000e2500000, 0x00000000e2500000, 0x00000000e2600000|  0%| F|  |TAMS 0x00000000e2500000, 0x00000000e2500000| Untracked 
| 550|0x00000000e2600000, 0x00000000e2600000, 0x00000000e2700000|  0%| F|  |TAMS 0x00000000e2600000, 0x00000000e2600000| Untracked 
| 551|0x00000000e2700000, 0x00000000e2700000, 0x00000000e2800000|  0%| F|  |TAMS 0x00000000e2700000, 0x00000000e2700000| Untracked 
| 552|0x00000000e2800000, 0x00000000e2800000, 0x00000000e2900000|  0%| F|  |TAMS 0x00000000e2800000, 0x00000000e2800000| Untracked 
| 553|0x00000000e2900000, 0x00000000e29ff6c0, 0x00000000e2a00000| 99%| O|  |TAMS 0x00000000e2900000, 0x00000000e29ff6c0| Untracked 
| 554|0x00000000e2a00000, 0x00000000e2adfa58, 0x00000000e2b00000| 87%| O|  |TAMS 0x00000000e2a00000, 0x00000000e2adfa58| Untracked 
| 555|0x00000000e2b00000, 0x00000000e2b00000, 0x00000000e2c00000|  0%| F|  |TAMS 0x00000000e2b00000, 0x00000000e2b00000| Untracked 
| 556|0x00000000e2c00000, 0x00000000e2c00000, 0x00000000e2d00000|  0%| F|  |TAMS 0x00000000e2c00000, 0x00000000e2c00000| Untracked 
| 557|0x00000000e2d00000, 0x00000000e2d00000, 0x00000000e2e00000|  0%| F|  |TAMS 0x00000000e2d00000, 0x00000000e2d00000| Untracked 
| 558|0x00000000e2e00000, 0x00000000e2e00000, 0x00000000e2f00000|  0%| F|  |TAMS 0x00000000e2e00000, 0x00000000e2e00000| Untracked 
| 559|0x00000000e2f00000, 0x00000000e3000000, 0x00000000e3000000|100%|HS|  |TAMS 0x00000000e3000000, 0x00000000e3000000| Untracked 
| 560|0x00000000e3000000, 0x00000000e3100000, 0x00000000e3100000|100%|HC|  |TAMS 0x00000000e3100000, 0x00000000e3100000| Untracked 
| 561|0x00000000e3100000, 0x00000000e3200000, 0x00000000e3200000|100%|HC|  |TAMS 0x00000000e3200000, 0x00000000e3200000| Untracked 
| 562|0x00000000e3200000, 0x00000000e32ffb78, 0x00000000e3300000| 99%| O|  |TAMS 0x00000000e3200000, 0x00000000e32ffb78| Untracked 
| 563|0x00000000e3300000, 0x00000000e3300000, 0x00000000e3400000|  0%| F|  |TAMS 0x00000000e3300000, 0x00000000e3300000| Untracked 
| 564|0x00000000e3400000, 0x00000000e3400000, 0x00000000e3500000|  0%| F|  |TAMS 0x00000000e3400000, 0x00000000e3400000| Untracked 
| 565|0x00000000e3500000, 0x00000000e35fde70, 0x00000000e3600000| 99%| O|  |TAMS 0x00000000e3500000, 0x00000000e35fde70| Untracked 
| 566|0x00000000e3600000, 0x00000000e3600000, 0x00000000e3700000|  0%| F|  |TAMS 0x00000000e3600000, 0x00000000e3600000| Untracked 
| 567|0x00000000e3700000, 0x00000000e3700000, 0x00000000e3800000|  0%| F|  |TAMS 0x00000000e3700000, 0x00000000e3700000| Untracked 
| 568|0x00000000e3800000, 0x00000000e38ff428, 0x00000000e3900000| 99%| O|  |TAMS 0x00000000e3800000, 0x00000000e38ff428| Untracked 
| 569|0x00000000e3900000, 0x00000000e3a00000, 0x00000000e3a00000|100%|HS|  |TAMS 0x00000000e3a00000, 0x00000000e3a00000| Untracked 
| 570|0x00000000e3a00000, 0x00000000e3b00000, 0x00000000e3b00000|100%|HC|  |TAMS 0x00000000e3b00000, 0x00000000e3b00000| Untracked 
| 571|0x00000000e3b00000, 0x00000000e3b00000, 0x00000000e3c00000|  0%| F|  |TAMS 0x00000000e3b00000, 0x00000000e3b00000| Untracked 
| 572|0x00000000e3c00000, 0x00000000e3c00000, 0x00000000e3d00000|  0%| F|  |TAMS 0x00000000e3c00000, 0x00000000e3c00000| Untracked 
| 573|0x00000000e3d00000, 0x00000000e3d00000, 0x00000000e3e00000|  0%| F|  |TAMS 0x00000000e3d00000, 0x00000000e3d00000| Untracked 
| 574|0x00000000e3e00000, 0x00000000e3f00000, 0x00000000e3f00000|100%|HS|  |TAMS 0x00000000e3f00000, 0x00000000e3f00000| Untracked 
| 575|0x00000000e3f00000, 0x00000000e3f00000, 0x00000000e4000000|  0%| F|  |TAMS 0x00000000e3f00000, 0x00000000e3f00000| Untracked 
| 576|0x00000000e4000000, 0x00000000e4000000, 0x00000000e4100000|  0%| F|  |TAMS 0x00000000e4000000, 0x00000000e4000000| Untracked 
| 577|0x00000000e4100000, 0x00000000e4100000, 0x00000000e4200000|  0%| F|  |TAMS 0x00000000e4100000, 0x00000000e4100000| Untracked 
| 578|0x00000000e4200000, 0x00000000e4200000, 0x00000000e4300000|  0%| F|  |TAMS 0x00000000e4200000, 0x00000000e4200000| Untracked 
| 579|0x00000000e4300000, 0x00000000e4400000, 0x00000000e4400000|100%|HS|  |TAMS 0x00000000e4400000, 0x00000000e4400000| Untracked 
| 580|0x00000000e4400000, 0x00000000e4400000, 0x00000000e4500000|  0%| F|  |TAMS 0x00000000e4400000, 0x00000000e4400000| Untracked 
| 581|0x00000000e4500000, 0x00000000e4500000, 0x00000000e4600000|  0%| F|  |TAMS 0x00000000e4500000, 0x00000000e4500000| Untracked 
| 582|0x00000000e4600000, 0x00000000e4600000, 0x00000000e4700000|  0%| F|  |TAMS 0x00000000e4600000, 0x00000000e4600000| Untracked 
| 583|0x00000000e4700000, 0x00000000e4700000, 0x00000000e4800000|  0%| F|  |TAMS 0x00000000e4700000, 0x00000000e4700000| Untracked 
| 584|0x00000000e4800000, 0x00000000e4900000, 0x00000000e4900000|100%|HS|  |TAMS 0x00000000e4900000, 0x00000000e4900000| Untracked 
| 585|0x00000000e4900000, 0x00000000e4a00000, 0x00000000e4a00000|100%|HC|  |TAMS 0x00000000e4a00000, 0x00000000e4a00000| Untracked 
| 586|0x00000000e4a00000, 0x00000000e4b00000, 0x00000000e4b00000|100%|HC|  |TAMS 0x00000000e4b00000, 0x00000000e4b00000| Untracked 
| 587|0x00000000e4b00000, 0x00000000e4c00000, 0x00000000e4c00000|100%|HC|  |TAMS 0x00000000e4c00000, 0x00000000e4c00000| Untracked 
| 588|0x00000000e4c00000, 0x00000000e4d00000, 0x00000000e4d00000|100%|HC|  |TAMS 0x00000000e4d00000, 0x00000000e4d00000| Untracked 
| 589|0x00000000e4d00000, 0x00000000e4e00000, 0x00000000e4e00000|100%|HC|  |TAMS 0x00000000e4e00000, 0x00000000e4e00000| Untracked 
| 590|0x00000000e4e00000, 0x00000000e4f00000, 0x00000000e4f00000|100%|HC|  |TAMS 0x00000000e4f00000, 0x00000000e4f00000| Untracked 
| 591|0x00000000e4f00000, 0x00000000e5000000, 0x00000000e5000000|100%|HS|  |TAMS 0x00000000e5000000, 0x00000000e5000000| Untracked 
| 592|0x00000000e5000000, 0x00000000e5100000, 0x00000000e5100000|100%|HC|  |TAMS 0x00000000e5100000, 0x00000000e5100000| Untracked 
| 593|0x00000000e5100000, 0x00000000e5200000, 0x00000000e5200000|100%|HC|  |TAMS 0x00000000e5200000, 0x00000000e5200000| Untracked 
| 594|0x00000000e5200000, 0x00000000e5200000, 0x00000000e5300000|  0%| F|  |TAMS 0x00000000e5200000, 0x00000000e5200000| Untracked 
| 595|0x00000000e5300000, 0x00000000e5300000, 0x00000000e5400000|  0%| F|  |TAMS 0x00000000e5300000, 0x00000000e5300000| Untracked 
| 596|0x00000000e5400000, 0x00000000e5500000, 0x00000000e5500000|100%| S|CS|TAMS 0x00000000e5400000, 0x00000000e5400000| Complete 
| 597|0x00000000e5500000, 0x00000000e5600000, 0x00000000e5600000|100%| S|CS|TAMS 0x00000000e5500000, 0x00000000e5500000| Complete 
| 598|0x00000000e5600000, 0x00000000e5700000, 0x00000000e5700000|100%| S|CS|TAMS 0x00000000e5600000, 0x00000000e5600000| Complete 
| 599|0x00000000e5700000, 0x00000000e5800000, 0x00000000e5800000|100%| S|CS|TAMS 0x00000000e5700000, 0x00000000e5700000| Complete 
| 600|0x00000000e5800000, 0x00000000e5900000, 0x00000000e5900000|100%|HS|  |TAMS 0x00000000e5900000, 0x00000000e5900000| Untracked 
| 601|0x00000000e5900000, 0x00000000e5a00000, 0x00000000e5a00000|100%|HC|  |TAMS 0x00000000e5a00000, 0x00000000e5a00000| Untracked 
| 602|0x00000000e5a00000, 0x00000000e5b00000, 0x00000000e5b00000|100%| S|CS|TAMS 0x00000000e5a00000, 0x00000000e5a00000| Complete 
| 603|0x00000000e5b00000, 0x00000000e5c00000, 0x00000000e5c00000|100%| S|CS|TAMS 0x00000000e5b00000, 0x00000000e5b00000| Complete 
| 604|0x00000000e5c00000, 0x00000000e5d00000, 0x00000000e5d00000|100%| S|CS|TAMS 0x00000000e5c00000, 0x00000000e5c00000| Complete 
| 605|0x00000000e5d00000, 0x00000000e5e00000, 0x00000000e5e00000|100%|HS|  |TAMS 0x00000000e5e00000, 0x00000000e5e00000| Untracked 
| 606|0x00000000e5e00000, 0x00000000e5f00000, 0x00000000e5f00000|100%| S|CS|TAMS 0x00000000e5e00000, 0x00000000e5e00000| Complete 
| 607|0x00000000e5f00000, 0x00000000e6000000, 0x00000000e6000000|100%| S|CS|TAMS 0x00000000e5f00000, 0x00000000e5f00000| Complete 
| 608|0x00000000e6000000, 0x00000000e6100000, 0x00000000e6100000|100%| S|CS|TAMS 0x00000000e6000000, 0x00000000e6000000| Complete 
| 609|0x00000000e6100000, 0x00000000e6200000, 0x00000000e6200000|100%|HS|  |TAMS 0x00000000e6200000, 0x00000000e6200000| Untracked 
| 610|0x00000000e6200000, 0x00000000e6300000, 0x00000000e6300000|100%|HS|  |TAMS 0x00000000e6300000, 0x00000000e6300000| Untracked 
| 611|0x00000000e6300000, 0x00000000e6400000, 0x00000000e6400000|100%|HC|  |TAMS 0x00000000e6400000, 0x00000000e6400000| Untracked 
| 612|0x00000000e6400000, 0x00000000e6500000, 0x00000000e6500000|100%|HC|  |TAMS 0x00000000e6500000, 0x00000000e6500000| Untracked 
| 613|0x00000000e6500000, 0x00000000e6600000, 0x00000000e6600000|100%|HC|  |TAMS 0x00000000e6600000, 0x00000000e6600000| Untracked 
| 614|0x00000000e6600000, 0x00000000e6700000, 0x00000000e6700000|100%|HC|  |TAMS 0x00000000e6700000, 0x00000000e6700000| Untracked 
| 615|0x00000000e6700000, 0x00000000e6800000, 0x00000000e6800000|100%|HC|  |TAMS 0x00000000e6800000, 0x00000000e6800000| Untracked 
| 616|0x00000000e6800000, 0x00000000e6900000, 0x00000000e6900000|100%|HC|  |TAMS 0x00000000e6900000, 0x00000000e6900000| Untracked 
| 617|0x00000000e6900000, 0x00000000e6a00000, 0x00000000e6a00000|100%|HC|  |TAMS 0x00000000e6a00000, 0x00000000e6a00000| Untracked 
| 618|0x00000000e6a00000, 0x00000000e6b00000, 0x00000000e6b00000|100%|HC|  |TAMS 0x00000000e6b00000, 0x00000000e6b00000| Untracked 
| 619|0x00000000e6b00000, 0x00000000e6c00000, 0x00000000e6c00000|100%|HC|  |TAMS 0x00000000e6c00000, 0x00000000e6c00000| Untracked 
| 620|0x00000000e6c00000, 0x00000000e6d00000, 0x00000000e6d00000|100%|HC|  |TAMS 0x00000000e6d00000, 0x00000000e6d00000| Untracked 
| 621|0x00000000e6d00000, 0x00000000e6e00000, 0x00000000e6e00000|100%|HC|  |TAMS 0x00000000e6e00000, 0x00000000e6e00000| Untracked 
| 622|0x00000000e6e00000, 0x00000000e6f00000, 0x00000000e6f00000|100%|HC|  |TAMS 0x00000000e6f00000, 0x00000000e6f00000| Untracked 
| 623|0x00000000e6f00000, 0x00000000e7000000, 0x00000000e7000000|100%|HC|  |TAMS 0x00000000e7000000, 0x00000000e7000000| Untracked 
| 624|0x00000000e7000000, 0x00000000e7100000, 0x00000000e7100000|100%|HC|  |TAMS 0x00000000e7100000, 0x00000000e7100000| Untracked 
| 625|0x00000000e7100000, 0x00000000e7200000, 0x00000000e7200000|100%|HC|  |TAMS 0x00000000e7200000, 0x00000000e7200000| Untracked 
| 626|0x00000000e7200000, 0x00000000e7300000, 0x00000000e7300000|100%|HC|  |TAMS 0x00000000e7300000, 0x00000000e7300000| Untracked 
| 627|0x00000000e7300000, 0x00000000e7400000, 0x00000000e7400000|100%|HC|  |TAMS 0x00000000e7400000, 0x00000000e7400000| Untracked 
| 628|0x00000000e7400000, 0x00000000e7500000, 0x00000000e7500000|100%|HC|  |TAMS 0x00000000e7500000, 0x00000000e7500000| Untracked 
| 629|0x00000000e7500000, 0x00000000e7600000, 0x00000000e7600000|100%|HC|  |TAMS 0x00000000e7600000, 0x00000000e7600000| Untracked 
| 630|0x00000000e7600000, 0x00000000e7700000, 0x00000000e7700000|100%|HC|  |TAMS 0x00000000e7700000, 0x00000000e7700000| Untracked 
| 631|0x00000000e7700000, 0x00000000e7800000, 0x00000000e7800000|100%|HC|  |TAMS 0x00000000e7800000, 0x00000000e7800000| Untracked 
| 632|0x00000000e7800000, 0x00000000e7900000, 0x00000000e7900000|100%|HC|  |TAMS 0x00000000e7900000, 0x00000000e7900000| Untracked 
| 633|0x00000000e7900000, 0x00000000e7a00000, 0x00000000e7a00000|100%|HC|  |TAMS 0x00000000e7a00000, 0x00000000e7a00000| Untracked 
| 634|0x00000000e7a00000, 0x00000000e7b00000, 0x00000000e7b00000|100%|HC|  |TAMS 0x00000000e7b00000, 0x00000000e7b00000| Untracked 
| 635|0x00000000e7b00000, 0x00000000e7c00000, 0x00000000e7c00000|100%|HC|  |TAMS 0x00000000e7c00000, 0x00000000e7c00000| Untracked 
| 636|0x00000000e7c00000, 0x00000000e7d00000, 0x00000000e7d00000|100%|HC|  |TAMS 0x00000000e7d00000, 0x00000000e7d00000| Untracked 
| 637|0x00000000e7d00000, 0x00000000e7e00000, 0x00000000e7e00000|100%|HC|  |TAMS 0x00000000e7e00000, 0x00000000e7e00000| Untracked 
| 638|0x00000000e7e00000, 0x00000000e7f00000, 0x00000000e7f00000|100%|HC|  |TAMS 0x00000000e7f00000, 0x00000000e7f00000| Untracked 
| 639|0x00000000e7f00000, 0x00000000e8000000, 0x00000000e8000000|100%|HC|  |TAMS 0x00000000e8000000, 0x00000000e8000000| Untracked 
| 640|0x00000000e8000000, 0x00000000e8100000, 0x00000000e8100000|100%|HC|  |TAMS 0x00000000e8100000, 0x00000000e8100000| Untracked 
| 641|0x00000000e8100000, 0x00000000e8200000, 0x00000000e8200000|100%|HC|  |TAMS 0x00000000e8200000, 0x00000000e8200000| Untracked 
| 642|0x00000000e8200000, 0x00000000e8300000, 0x00000000e8300000|100%|HC|  |TAMS 0x00000000e8300000, 0x00000000e8300000| Untracked 
| 643|0x00000000e8300000, 0x00000000e8400000, 0x00000000e8400000|100%|HC|  |TAMS 0x00000000e8400000, 0x00000000e8400000| Untracked 
| 644|0x00000000e8400000, 0x00000000e8500000, 0x00000000e8500000|100%|HC|  |TAMS 0x00000000e8500000, 0x00000000e8500000| Untracked 
| 645|0x00000000e8500000, 0x00000000e8600000, 0x00000000e8600000|100%|HC|  |TAMS 0x00000000e8600000, 0x00000000e8600000| Untracked 
| 646|0x00000000e8600000, 0x00000000e8700000, 0x00000000e8700000|100%|HC|  |TAMS 0x00000000e8700000, 0x00000000e8700000| Untracked 
| 647|0x00000000e8700000, 0x00000000e8800000, 0x00000000e8800000|100%|HC|  |TAMS 0x00000000e8800000, 0x00000000e8800000| Untracked 
| 648|0x00000000e8800000, 0x00000000e8900000, 0x00000000e8900000|100%|HC|  |TAMS 0x00000000e8900000, 0x00000000e8900000| Untracked 
| 649|0x00000000e8900000, 0x00000000e8a00000, 0x00000000e8a00000|100%|HC|  |TAMS 0x00000000e8a00000, 0x00000000e8a00000| Untracked 
| 650|0x00000000e8a00000, 0x00000000e8b00000, 0x00000000e8b00000|100%|HC|  |TAMS 0x00000000e8b00000, 0x00000000e8b00000| Untracked 
| 651|0x00000000e8b00000, 0x00000000e8c00000, 0x00000000e8c00000|100%|HC|  |TAMS 0x00000000e8c00000, 0x00000000e8c00000| Untracked 
| 652|0x00000000e8c00000, 0x00000000e8d00000, 0x00000000e8d00000|100%|HC|  |TAMS 0x00000000e8d00000, 0x00000000e8d00000| Untracked 
| 653|0x00000000e8d00000, 0x00000000e8e00000, 0x00000000e8e00000|100%|HC|  |TAMS 0x00000000e8e00000, 0x00000000e8e00000| Untracked 
| 654|0x00000000e8e00000, 0x00000000e8f00000, 0x00000000e8f00000|100%|HC|  |TAMS 0x00000000e8f00000, 0x00000000e8f00000| Untracked 
| 655|0x00000000e8f00000, 0x00000000e9000000, 0x00000000e9000000|100%|HC|  |TAMS 0x00000000e9000000, 0x00000000e9000000| Untracked 
| 656|0x00000000e9000000, 0x00000000e9100000, 0x00000000e9100000|100%|HC|  |TAMS 0x00000000e9100000, 0x00000000e9100000| Untracked 
| 657|0x00000000e9100000, 0x00000000e9200000, 0x00000000e9200000|100%|HC|  |TAMS 0x00000000e9200000, 0x00000000e9200000| Untracked 
| 658|0x00000000e9200000, 0x00000000e9300000, 0x00000000e9300000|100%|HC|  |TAMS 0x00000000e9300000, 0x00000000e9300000| Untracked 
| 659|0x00000000e9300000, 0x00000000e9400000, 0x00000000e9400000|100%|HC|  |TAMS 0x00000000e9400000, 0x00000000e9400000| Untracked 
| 660|0x00000000e9400000, 0x00000000e9500000, 0x00000000e9500000|100%|HC|  |TAMS 0x00000000e9500000, 0x00000000e9500000| Untracked 
| 661|0x00000000e9500000, 0x00000000e9600000, 0x00000000e9600000|100%|HC|  |TAMS 0x00000000e9600000, 0x00000000e9600000| Untracked 
| 662|0x00000000e9600000, 0x00000000e9700000, 0x00000000e9700000|100%| S|CS|TAMS 0x00000000e9600000, 0x00000000e9600000| Complete 
| 663|0x00000000e9700000, 0x00000000e97f8648, 0x00000000e9800000| 97%| O|  |TAMS 0x00000000e9700000, 0x00000000e97f8648| Untracked 
| 664|0x00000000e9800000, 0x00000000e9800000, 0x00000000e9900000|  0%| F|  |TAMS 0x00000000e9800000, 0x00000000e9800000| Untracked 
| 665|0x00000000e9900000, 0x00000000e9900000, 0x00000000e9a00000|  0%| F|  |TAMS 0x00000000e9900000, 0x00000000e9900000| Untracked 
| 666|0x00000000e9a00000, 0x00000000e9a00000, 0x00000000e9b00000|  0%| F|  |TAMS 0x00000000e9a00000, 0x00000000e9a00000| Untracked 
| 667|0x00000000e9b00000, 0x00000000e9b00000, 0x00000000e9c00000|  0%| F|  |TAMS 0x00000000e9b00000, 0x00000000e9b00000| Untracked 
| 668|0x00000000e9c00000, 0x00000000e9cb40e8, 0x00000000e9d00000| 70%| O|  |TAMS 0x00000000e9c00000, 0x00000000e9cb40e8| Untracked 
| 669|0x00000000e9d00000, 0x00000000e9d00000, 0x00000000e9e00000|  0%| F|  |TAMS 0x00000000e9d00000, 0x00000000e9d00000| Untracked 
| 670|0x00000000e9e00000, 0x00000000e9e00000, 0x00000000e9f00000|  0%| F|  |TAMS 0x00000000e9e00000, 0x00000000e9e00000| Untracked 
| 671|0x00000000e9f00000, 0x00000000ea000000, 0x00000000ea000000|100%|HS|  |TAMS 0x00000000ea000000, 0x00000000ea000000| Untracked 
| 672|0x00000000ea000000, 0x00000000ea100000, 0x00000000ea100000|100%|HC|  |TAMS 0x00000000ea100000, 0x00000000ea100000| Untracked 
| 673|0x00000000ea100000, 0x00000000ea200000, 0x00000000ea200000|100%|HC|  |TAMS 0x00000000ea200000, 0x00000000ea200000| Untracked 
| 674|0x00000000ea200000, 0x00000000ea300000, 0x00000000ea300000|100%|HC|  |TAMS 0x00000000ea300000, 0x00000000ea300000| Untracked 
| 675|0x00000000ea300000, 0x00000000ea400000, 0x00000000ea400000|100%|HC|  |TAMS 0x00000000ea400000, 0x00000000ea400000| Untracked 
| 676|0x00000000ea400000, 0x00000000ea500000, 0x00000000ea500000|100%|HC|  |TAMS 0x00000000ea500000, 0x00000000ea500000| Untracked 
| 677|0x00000000ea500000, 0x00000000ea600000, 0x00000000ea600000|100%|HC|  |TAMS 0x00000000ea600000, 0x00000000ea600000| Untracked 
| 678|0x00000000ea600000, 0x00000000ea700000, 0x00000000ea700000|100%|HC|  |TAMS 0x00000000ea700000, 0x00000000ea700000| Untracked 
| 679|0x00000000ea700000, 0x00000000ea800000, 0x00000000ea800000|100%|HS|  |TAMS 0x00000000ea800000, 0x00000000ea800000| Untracked 
| 680|0x00000000ea800000, 0x00000000ea900000, 0x00000000ea900000|100%|HC|  |TAMS 0x00000000ea900000, 0x00000000ea900000| Untracked 
| 681|0x00000000ea900000, 0x00000000eaa00000, 0x00000000eaa00000|100%|HC|  |TAMS 0x00000000eaa00000, 0x00000000eaa00000| Untracked 
| 682|0x00000000eaa00000, 0x00000000eab00000, 0x00000000eab00000|100%|HC|  |TAMS 0x00000000eab00000, 0x00000000eab00000| Untracked 
| 683|0x00000000eab00000, 0x00000000eac00000, 0x00000000eac00000|100%|HC|  |TAMS 0x00000000eac00000, 0x00000000eac00000| Untracked 
| 684|0x00000000eac00000, 0x00000000ead00000, 0x00000000ead00000|100%|HC|  |TAMS 0x00000000ead00000, 0x00000000ead00000| Untracked 
| 685|0x00000000ead00000, 0x00000000eae00000, 0x00000000eae00000|100%|HC|  |TAMS 0x00000000eae00000, 0x00000000eae00000| Untracked 
| 686|0x00000000eae00000, 0x00000000eaf00000, 0x00000000eaf00000|100%|HC|  |TAMS 0x00000000eaf00000, 0x00000000eaf00000| Untracked 
| 687|0x00000000eaf00000, 0x00000000eb000000, 0x00000000eb000000|100%|HC|  |TAMS 0x00000000eb000000, 0x00000000eb000000| Untracked 
| 688|0x00000000eb000000, 0x00000000eb100000, 0x00000000eb100000|100%|HS|  |TAMS 0x00000000eb100000, 0x00000000eb100000| Untracked 
| 689|0x00000000eb100000, 0x00000000eb200000, 0x00000000eb200000|100%|HC|  |TAMS 0x00000000eb200000, 0x00000000eb200000| Untracked 
| 690|0x00000000eb200000, 0x00000000eb300000, 0x00000000eb300000|100%|HC|  |TAMS 0x00000000eb300000, 0x00000000eb300000| Untracked 
| 691|0x00000000eb300000, 0x00000000eb400000, 0x00000000eb400000|100%|HC|  |TAMS 0x00000000eb400000, 0x00000000eb400000| Untracked 
| 692|0x00000000eb400000, 0x00000000eb500000, 0x00000000eb500000|100%|HC|  |TAMS 0x00000000eb500000, 0x00000000eb500000| Untracked 
| 693|0x00000000eb500000, 0x00000000eb600000, 0x00000000eb600000|100%|HC|  |TAMS 0x00000000eb600000, 0x00000000eb600000| Untracked 
| 694|0x00000000eb600000, 0x00000000eb700000, 0x00000000eb700000|100%|HC|  |TAMS 0x00000000eb700000, 0x00000000eb700000| Untracked 
| 695|0x00000000eb700000, 0x00000000eb800000, 0x00000000eb800000|100%|HC|  |TAMS 0x00000000eb800000, 0x00000000eb800000| Untracked 
| 696|0x00000000eb800000, 0x00000000eb900000, 0x00000000eb900000|100%|HC|  |TAMS 0x00000000eb900000, 0x00000000eb900000| Untracked 
| 697|0x00000000eb900000, 0x00000000eba00000, 0x00000000eba00000|100%|HC|  |TAMS 0x00000000eba00000, 0x00000000eba00000| Untracked 
| 698|0x00000000eba00000, 0x00000000ebb00000, 0x00000000ebb00000|100%|HC|  |TAMS 0x00000000ebb00000, 0x00000000ebb00000| Untracked 
| 699|0x00000000ebb00000, 0x00000000ebc00000, 0x00000000ebc00000|100%|HC|  |TAMS 0x00000000ebc00000, 0x00000000ebc00000| Untracked 
| 700|0x00000000ebc00000, 0x00000000ebd00000, 0x00000000ebd00000|100%|HC|  |TAMS 0x00000000ebd00000, 0x00000000ebd00000| Untracked 
| 701|0x00000000ebd00000, 0x00000000ebe00000, 0x00000000ebe00000|100%|HC|  |TAMS 0x00000000ebe00000, 0x00000000ebe00000| Untracked 
| 702|0x00000000ebe00000, 0x00000000ebf00000, 0x00000000ebf00000|100%|HS|  |TAMS 0x00000000ebe00000, 0x00000000ebe00000| Complete 
| 703|0x00000000ebf00000, 0x00000000ec000000, 0x00000000ec000000|100%|HC|  |TAMS 0x00000000ebf00000, 0x00000000ebf00000| Complete 
| 704|0x00000000ec000000, 0x00000000ec100000, 0x00000000ec100000|100%|HC|  |TAMS 0x00000000ec000000, 0x00000000ec000000| Complete 
| 705|0x00000000ec100000, 0x00000000ec200000, 0x00000000ec200000|100%|HC|  |TAMS 0x00000000ec100000, 0x00000000ec100000| Complete 
| 706|0x00000000ec200000, 0x00000000ec300000, 0x00000000ec300000|100%|HC|  |TAMS 0x00000000ec200000, 0x00000000ec200000| Complete 
| 707|0x00000000ec300000, 0x00000000ec400000, 0x00000000ec400000|100%|HC|  |TAMS 0x00000000ec300000, 0x00000000ec300000| Complete 
| 708|0x00000000ec400000, 0x00000000ec500000, 0x00000000ec500000|100%|HC|  |TAMS 0x00000000ec400000, 0x00000000ec400000| Complete 
| 709|0x00000000ec500000, 0x00000000ec600000, 0x00000000ec600000|100%|HC|  |TAMS 0x00000000ec500000, 0x00000000ec500000| Complete 
| 710|0x00000000ec600000, 0x00000000ec700000, 0x00000000ec700000|100%|HC|  |TAMS 0x00000000ec600000, 0x00000000ec600000| Complete 
| 711|0x00000000ec700000, 0x00000000ec700000, 0x00000000ec800000|  0%| F|  |TAMS 0x00000000ec700000, 0x00000000ec700000| Untracked 
| 712|0x00000000ec800000, 0x00000000ec800000, 0x00000000ec900000|  0%| F|  |TAMS 0x00000000ec800000, 0x00000000ec800000| Untracked 
| 713|0x00000000ec900000, 0x00000000ec900000, 0x00000000eca00000|  0%| F|  |TAMS 0x00000000ec900000, 0x00000000ec900000| Untracked 
| 714|0x00000000eca00000, 0x00000000ecb00000, 0x00000000ecb00000|100%|HS|  |TAMS 0x00000000ecb00000, 0x00000000ecb00000| Untracked 
| 715|0x00000000ecb00000, 0x00000000ecc00000, 0x00000000ecc00000|100%|HC|  |TAMS 0x00000000ecc00000, 0x00000000ecc00000| Untracked 
| 716|0x00000000ecc00000, 0x00000000ecd00000, 0x00000000ecd00000|100%|HC|  |TAMS 0x00000000ecd00000, 0x00000000ecd00000| Untracked 
| 717|0x00000000ecd00000, 0x00000000ece00000, 0x00000000ece00000|100%|HC|  |TAMS 0x00000000ece00000, 0x00000000ece00000| Untracked 
| 718|0x00000000ece00000, 0x00000000ecf00000, 0x00000000ecf00000|100%|HC|  |TAMS 0x00000000ecf00000, 0x00000000ecf00000| Untracked 
| 719|0x00000000ecf00000, 0x00000000ed000000, 0x00000000ed000000|100%|HC|  |TAMS 0x00000000ed000000, 0x00000000ed000000| Untracked 
| 720|0x00000000ed000000, 0x00000000ed100000, 0x00000000ed100000|100%|HC|  |TAMS 0x00000000ed100000, 0x00000000ed100000| Untracked 
| 721|0x00000000ed100000, 0x00000000ed200000, 0x00000000ed200000|100%|HC|  |TAMS 0x00000000ed200000, 0x00000000ed200000| Untracked 
| 722|0x00000000ed200000, 0x00000000ed300000, 0x00000000ed300000|100%|HC|  |TAMS 0x00000000ed300000, 0x00000000ed300000| Untracked 
| 723|0x00000000ed300000, 0x00000000ed400000, 0x00000000ed400000|100%|HS|  |TAMS 0x00000000ed400000, 0x00000000ed400000| Untracked 
| 724|0x00000000ed400000, 0x00000000ed500000, 0x00000000ed500000|100%|HC|  |TAMS 0x00000000ed500000, 0x00000000ed500000| Untracked 
| 725|0x00000000ed500000, 0x00000000ed600000, 0x00000000ed600000|100%|HC|  |TAMS 0x00000000ed600000, 0x00000000ed600000| Untracked 
| 726|0x00000000ed600000, 0x00000000ed700000, 0x00000000ed700000|100%|HC|  |TAMS 0x00000000ed700000, 0x00000000ed700000| Untracked 
| 727|0x00000000ed700000, 0x00000000ed800000, 0x00000000ed800000|100%|HC|  |TAMS 0x00000000ed800000, 0x00000000ed800000| Untracked 
| 728|0x00000000ed800000, 0x00000000ed900000, 0x00000000ed900000|100%|HC|  |TAMS 0x00000000ed900000, 0x00000000ed900000| Untracked 
| 729|0x00000000ed900000, 0x00000000eda00000, 0x00000000eda00000|100%|HC|  |TAMS 0x00000000eda00000, 0x00000000eda00000| Untracked 
| 730|0x00000000eda00000, 0x00000000edb00000, 0x00000000edb00000|100%|HC|  |TAMS 0x00000000edb00000, 0x00000000edb00000| Untracked 
| 731|0x00000000edb00000, 0x00000000edc00000, 0x00000000edc00000|100%|HC|  |TAMS 0x00000000edc00000, 0x00000000edc00000| Untracked 
| 732|0x00000000edc00000, 0x00000000edd00000, 0x00000000edd00000|100%|HC|  |TAMS 0x00000000edd00000, 0x00000000edd00000| Untracked 
| 733|0x00000000edd00000, 0x00000000ede00000, 0x00000000ede00000|100%|HC|  |TAMS 0x00000000ede00000, 0x00000000ede00000| Untracked 
| 734|0x00000000ede00000, 0x00000000edf00000, 0x00000000edf00000|100%|HC|  |TAMS 0x00000000edf00000, 0x00000000edf00000| Untracked 
| 735|0x00000000edf00000, 0x00000000ee000000, 0x00000000ee000000|100%|HC|  |TAMS 0x00000000ee000000, 0x00000000ee000000| Untracked 
| 736|0x00000000ee000000, 0x00000000ee100000, 0x00000000ee100000|100%|HC|  |TAMS 0x00000000ee100000, 0x00000000ee100000| Untracked 
| 737|0x00000000ee100000, 0x00000000ee200000, 0x00000000ee200000|100%|HC|  |TAMS 0x00000000ee200000, 0x00000000ee200000| Untracked 
| 738|0x00000000ee200000, 0x00000000ee300000, 0x00000000ee300000|100%|HC|  |TAMS 0x00000000ee300000, 0x00000000ee300000| Untracked 
| 739|0x00000000ee300000, 0x00000000ee400000, 0x00000000ee400000|100%|HC|  |TAMS 0x00000000ee400000, 0x00000000ee400000| Untracked 
| 740|0x00000000ee400000, 0x00000000ee400000, 0x00000000ee500000|  0%| F|  |TAMS 0x00000000ee400000, 0x00000000ee400000| Untracked 
| 741|0x00000000ee500000, 0x00000000ee600000, 0x00000000ee600000|100%|HS|  |TAMS 0x00000000ee600000, 0x00000000ee600000| Untracked 
| 742|0x00000000ee600000, 0x00000000ee700000, 0x00000000ee700000|100%|HC|  |TAMS 0x00000000ee700000, 0x00000000ee700000| Untracked 
| 743|0x00000000ee700000, 0x00000000ee800000, 0x00000000ee800000|100%|HC|  |TAMS 0x00000000ee800000, 0x00000000ee800000| Untracked 
| 744|0x00000000ee800000, 0x00000000ee900000, 0x00000000ee900000|100%|HC|  |TAMS 0x00000000ee900000, 0x00000000ee900000| Untracked 
| 745|0x00000000ee900000, 0x00000000eea00000, 0x00000000eea00000|100%|HC|  |TAMS 0x00000000eea00000, 0x00000000eea00000| Untracked 
| 746|0x00000000eea00000, 0x00000000eeb00000, 0x00000000eeb00000|100%|HC|  |TAMS 0x00000000eeb00000, 0x00000000eeb00000| Untracked 
| 747|0x00000000eeb00000, 0x00000000eeb00000, 0x00000000eec00000|  0%| F|  |TAMS 0x00000000eeb00000, 0x00000000eeb00000| Untracked 
| 748|0x00000000eec00000, 0x00000000eec00000, 0x00000000eed00000|  0%| F|  |TAMS 0x00000000eec00000, 0x00000000eec00000| Untracked 
| 749|0x00000000eed00000, 0x00000000eed00000, 0x00000000eee00000|  0%| F|  |TAMS 0x00000000eed00000, 0x00000000eed00000| Untracked 
| 750|0x00000000eee00000, 0x00000000eee00000, 0x00000000eef00000|  0%| F|  |TAMS 0x00000000eee00000, 0x00000000eee00000| Untracked 
| 751|0x00000000eef00000, 0x00000000eef00000, 0x00000000ef000000|  0%| F|  |TAMS 0x00000000eef00000, 0x00000000eef00000| Untracked 
| 752|0x00000000ef000000, 0x00000000ef100000, 0x00000000ef100000|100%|HS|  |TAMS 0x00000000ef100000, 0x00000000ef100000| Untracked 
| 753|0x00000000ef100000, 0x00000000ef200000, 0x00000000ef200000|100%|HC|  |TAMS 0x00000000ef200000, 0x00000000ef200000| Untracked 
| 754|0x00000000ef200000, 0x00000000ef300000, 0x00000000ef300000|100%|HC|  |TAMS 0x00000000ef300000, 0x00000000ef300000| Untracked 
| 755|0x00000000ef300000, 0x00000000ef400000, 0x00000000ef400000|100%|HC|  |TAMS 0x00000000ef400000, 0x00000000ef400000| Untracked 
| 756|0x00000000ef400000, 0x00000000ef500000, 0x00000000ef500000|100%|HC|  |TAMS 0x00000000ef500000, 0x00000000ef500000| Untracked 
| 757|0x00000000ef500000, 0x00000000ef600000, 0x00000000ef600000|100%|HC|  |TAMS 0x00000000ef600000, 0x00000000ef600000| Untracked 
| 758|0x00000000ef600000, 0x00000000ef600000, 0x00000000ef700000|  0%| F|  |TAMS 0x00000000ef600000, 0x00000000ef600000| Untracked 
| 759|0x00000000ef700000, 0x00000000ef700000, 0x00000000ef800000|  0%| F|  |TAMS 0x00000000ef700000, 0x00000000ef700000| Untracked 
| 760|0x00000000ef800000, 0x00000000ef900000, 0x00000000ef900000|100%|HS|  |TAMS 0x00000000ef900000, 0x00000000ef900000| Untracked 
| 761|0x00000000ef900000, 0x00000000efa00000, 0x00000000efa00000|100%|HC|  |TAMS 0x00000000efa00000, 0x00000000efa00000| Untracked 
| 762|0x00000000efa00000, 0x00000000efb00000, 0x00000000efb00000|100%|HC|  |TAMS 0x00000000efb00000, 0x00000000efb00000| Untracked 
| 763|0x00000000efb00000, 0x00000000efc00000, 0x00000000efc00000|100%|HC|  |TAMS 0x00000000efc00000, 0x00000000efc00000| Untracked 
| 764|0x00000000efc00000, 0x00000000efd00000, 0x00000000efd00000|100%|HC|  |TAMS 0x00000000efd00000, 0x00000000efd00000| Untracked 
| 765|0x00000000efd00000, 0x00000000efe00000, 0x00000000efe00000|100%|HC|  |TAMS 0x00000000efe00000, 0x00000000efe00000| Untracked 
| 766|0x00000000efe00000, 0x00000000eff00000, 0x00000000eff00000|100%|HC|  |TAMS 0x00000000eff00000, 0x00000000eff00000| Untracked 
| 767|0x00000000eff00000, 0x00000000f0000000, 0x00000000f0000000|100%|HC|  |TAMS 0x00000000f0000000, 0x00000000f0000000| Untracked 
| 768|0x00000000f0000000, 0x00000000f0100000, 0x00000000f0100000|100%|HC|  |TAMS 0x00000000f0100000, 0x00000000f0100000| Untracked 
| 769|0x00000000f0100000, 0x00000000f0200000, 0x00000000f0200000|100%|HC|  |TAMS 0x00000000f0200000, 0x00000000f0200000| Untracked 
| 770|0x00000000f0200000, 0x00000000f0300000, 0x00000000f0300000|100%|HC|  |TAMS 0x00000000f0300000, 0x00000000f0300000| Untracked 
| 771|0x00000000f0300000, 0x00000000f0400000, 0x00000000f0400000|100%|HC|  |TAMS 0x00000000f0400000, 0x00000000f0400000| Untracked 
| 772|0x00000000f0400000, 0x00000000f0500000, 0x00000000f0500000|100%|HC|  |TAMS 0x00000000f0500000, 0x00000000f0500000| Untracked 
| 773|0x00000000f0500000, 0x00000000f0600000, 0x00000000f0600000|100%|HC|  |TAMS 0x00000000f0600000, 0x00000000f0600000| Untracked 
| 774|0x00000000f0600000, 0x00000000f0700000, 0x00000000f0700000|100%|HC|  |TAMS 0x00000000f0700000, 0x00000000f0700000| Untracked 
| 775|0x00000000f0700000, 0x00000000f0800000, 0x00000000f0800000|100%|HC|  |TAMS 0x00000000f0800000, 0x00000000f0800000| Untracked 
| 776|0x00000000f0800000, 0x00000000f0900000, 0x00000000f0900000|100%|HC|  |TAMS 0x00000000f0900000, 0x00000000f0900000| Untracked 
| 777|0x00000000f0900000, 0x00000000f0a00000, 0x00000000f0a00000|100%|HC|  |TAMS 0x00000000f0a00000, 0x00000000f0a00000| Untracked 
| 778|0x00000000f0a00000, 0x00000000f0b00000, 0x00000000f0b00000|100%|HC|  |TAMS 0x00000000f0b00000, 0x00000000f0b00000| Untracked 
| 779|0x00000000f0b00000, 0x00000000f0c00000, 0x00000000f0c00000|100%|HC|  |TAMS 0x00000000f0c00000, 0x00000000f0c00000| Untracked 
| 780|0x00000000f0c00000, 0x00000000f0d00000, 0x00000000f0d00000|100%|HC|  |TAMS 0x00000000f0d00000, 0x00000000f0d00000| Untracked 
| 781|0x00000000f0d00000, 0x00000000f0e00000, 0x00000000f0e00000|100%|HC|  |TAMS 0x00000000f0e00000, 0x00000000f0e00000| Untracked 
| 782|0x00000000f0e00000, 0x00000000f0f00000, 0x00000000f0f00000|100%|HC|  |TAMS 0x00000000f0f00000, 0x00000000f0f00000| Untracked 
| 783|0x00000000f0f00000, 0x00000000f1000000, 0x00000000f1000000|100%|HC|  |TAMS 0x00000000f1000000, 0x00000000f1000000| Untracked 
| 784|0x00000000f1000000, 0x00000000f1100000, 0x00000000f1100000|100%|HC|  |TAMS 0x00000000f1100000, 0x00000000f1100000| Untracked 
| 785|0x00000000f1100000, 0x00000000f1200000, 0x00000000f1200000|100%|HC|  |TAMS 0x00000000f1200000, 0x00000000f1200000| Untracked 
| 786|0x00000000f1200000, 0x00000000f1300000, 0x00000000f1300000|100%|HC|  |TAMS 0x00000000f1300000, 0x00000000f1300000| Untracked 
| 787|0x00000000f1300000, 0x00000000f1400000, 0x00000000f1400000|100%|HC|  |TAMS 0x00000000f1400000, 0x00000000f1400000| Untracked 
| 788|0x00000000f1400000, 0x00000000f1500000, 0x00000000f1500000|100%|HC|  |TAMS 0x00000000f1500000, 0x00000000f1500000| Untracked 
| 789|0x00000000f1500000, 0x00000000f1600000, 0x00000000f1600000|100%|HC|  |TAMS 0x00000000f1600000, 0x00000000f1600000| Untracked 
| 790|0x00000000f1600000, 0x00000000f1700000, 0x00000000f1700000|100%|HC|  |TAMS 0x00000000f1700000, 0x00000000f1700000| Untracked 
| 791|0x00000000f1700000, 0x00000000f1800000, 0x00000000f1800000|100%|HC|  |TAMS 0x00000000f1800000, 0x00000000f1800000| Untracked 
| 792|0x00000000f1800000, 0x00000000f1900000, 0x00000000f1900000|100%|HC|  |TAMS 0x00000000f1900000, 0x00000000f1900000| Untracked 
| 793|0x00000000f1900000, 0x00000000f1a00000, 0x00000000f1a00000|100%|HC|  |TAMS 0x00000000f1a00000, 0x00000000f1a00000| Untracked 
| 794|0x00000000f1a00000, 0x00000000f1b00000, 0x00000000f1b00000|100%|HC|  |TAMS 0x00000000f1b00000, 0x00000000f1b00000| Untracked 
| 795|0x00000000f1b00000, 0x00000000f1c00000, 0x00000000f1c00000|100%|HC|  |TAMS 0x00000000f1c00000, 0x00000000f1c00000| Untracked 
| 796|0x00000000f1c00000, 0x00000000f1d00000, 0x00000000f1d00000|100%|HC|  |TAMS 0x00000000f1d00000, 0x00000000f1d00000| Untracked 
| 797|0x00000000f1d00000, 0x00000000f1e00000, 0x00000000f1e00000|100%|HC|  |TAMS 0x00000000f1e00000, 0x00000000f1e00000| Untracked 
| 798|0x00000000f1e00000, 0x00000000f1f00000, 0x00000000f1f00000|100%|HC|  |TAMS 0x00000000f1f00000, 0x00000000f1f00000| Untracked 
| 799|0x00000000f1f00000, 0x00000000f2000000, 0x00000000f2000000|100%|HC|  |TAMS 0x00000000f2000000, 0x00000000f2000000| Untracked 
| 800|0x00000000f2000000, 0x00000000f2100000, 0x00000000f2100000|100%|HC|  |TAMS 0x00000000f2100000, 0x00000000f2100000| Untracked 
| 801|0x00000000f2100000, 0x00000000f2200000, 0x00000000f2200000|100%|HC|  |TAMS 0x00000000f2200000, 0x00000000f2200000| Untracked 
| 802|0x00000000f2200000, 0x00000000f2300000, 0x00000000f2300000|100%|HC|  |TAMS 0x00000000f2300000, 0x00000000f2300000| Untracked 
| 803|0x00000000f2300000, 0x00000000f2400000, 0x00000000f2400000|100%|HC|  |TAMS 0x00000000f2400000, 0x00000000f2400000| Untracked 
| 804|0x00000000f2400000, 0x00000000f2500000, 0x00000000f2500000|100%|HC|  |TAMS 0x00000000f2500000, 0x00000000f2500000| Untracked 
| 805|0x00000000f2500000, 0x00000000f2600000, 0x00000000f2600000|100%|HC|  |TAMS 0x00000000f2600000, 0x00000000f2600000| Untracked 
| 806|0x00000000f2600000, 0x00000000f2700000, 0x00000000f2700000|100%|HC|  |TAMS 0x00000000f2700000, 0x00000000f2700000| Untracked 
| 807|0x00000000f2700000, 0x00000000f2800000, 0x00000000f2800000|100%|HC|  |TAMS 0x00000000f2800000, 0x00000000f2800000| Untracked 
| 808|0x00000000f2800000, 0x00000000f2900000, 0x00000000f2900000|100%|HC|  |TAMS 0x00000000f2900000, 0x00000000f2900000| Untracked 
| 809|0x00000000f2900000, 0x00000000f2a00000, 0x00000000f2a00000|100%|HC|  |TAMS 0x00000000f2a00000, 0x00000000f2a00000| Untracked 
| 810|0x00000000f2a00000, 0x00000000f2b00000, 0x00000000f2b00000|100%|HC|  |TAMS 0x00000000f2b00000, 0x00000000f2b00000| Untracked 
| 811|0x00000000f2b00000, 0x00000000f2c00000, 0x00000000f2c00000|100%|HC|  |TAMS 0x00000000f2c00000, 0x00000000f2c00000| Untracked 
| 812|0x00000000f2c00000, 0x00000000f2d00000, 0x00000000f2d00000|100%|HS|  |TAMS 0x00000000f2d00000, 0x00000000f2d00000| Untracked 
| 813|0x00000000f2d00000, 0x00000000f2e00000, 0x00000000f2e00000|100%|HC|  |TAMS 0x00000000f2e00000, 0x00000000f2e00000| Untracked 
| 814|0x00000000f2e00000, 0x00000000f2f00000, 0x00000000f2f00000|100%|HC|  |TAMS 0x00000000f2f00000, 0x00000000f2f00000| Untracked 
| 815|0x00000000f2f00000, 0x00000000f3000000, 0x00000000f3000000|100%|HC|  |TAMS 0x00000000f3000000, 0x00000000f3000000| Untracked 
| 816|0x00000000f3000000, 0x00000000f3100000, 0x00000000f3100000|100%|HC|  |TAMS 0x00000000f3100000, 0x00000000f3100000| Untracked 
| 817|0x00000000f3100000, 0x00000000f3200000, 0x00000000f3200000|100%|HC|  |TAMS 0x00000000f3200000, 0x00000000f3200000| Untracked 
| 818|0x00000000f3200000, 0x00000000f3300000, 0x00000000f3300000|100%|HC|  |TAMS 0x00000000f3300000, 0x00000000f3300000| Untracked 
| 819|0x00000000f3300000, 0x00000000f3400000, 0x00000000f3400000|100%|HC|  |TAMS 0x00000000f3400000, 0x00000000f3400000| Untracked 
| 820|0x00000000f3400000, 0x00000000f3500000, 0x00000000f3500000|100%|HC|  |TAMS 0x00000000f3500000, 0x00000000f3500000| Untracked 
| 821|0x00000000f3500000, 0x00000000f3600000, 0x00000000f3600000|100%|HC|  |TAMS 0x00000000f3600000, 0x00000000f3600000| Untracked 
| 822|0x00000000f3600000, 0x00000000f3700000, 0x00000000f3700000|100%|HC|  |TAMS 0x00000000f3700000, 0x00000000f3700000| Untracked 
| 823|0x00000000f3700000, 0x00000000f3800000, 0x00000000f3800000|100%|HC|  |TAMS 0x00000000f3800000, 0x00000000f3800000| Untracked 
| 824|0x00000000f3800000, 0x00000000f3900000, 0x00000000f3900000|100%|HC|  |TAMS 0x00000000f3900000, 0x00000000f3900000| Untracked 
| 825|0x00000000f3900000, 0x00000000f3a00000, 0x00000000f3a00000|100%|HC|  |TAMS 0x00000000f3a00000, 0x00000000f3a00000| Untracked 
| 826|0x00000000f3a00000, 0x00000000f3a00000, 0x00000000f3b00000|  0%| F|  |TAMS 0x00000000f3a00000, 0x00000000f3a00000| Untracked 
| 827|0x00000000f3b00000, 0x00000000f3bf48b8, 0x00000000f3c00000| 95%| E|  |TAMS 0x00000000f3b00000, 0x00000000f3b00000| Complete 
| 828|0x00000000f3c00000, 0x00000000f3d00000, 0x00000000f3d00000|100%| E|CS|TAMS 0x00000000f3c00000, 0x00000000f3c00000| Complete 
| 829|0x00000000f3d00000, 0x00000000f3e00000, 0x00000000f3e00000|100%| E|CS|TAMS 0x00000000f3d00000, 0x00000000f3d00000| Complete 
| 830|0x00000000f3e00000, 0x00000000f3f00000, 0x00000000f3f00000|100%| E|CS|TAMS 0x00000000f3e00000, 0x00000000f3e00000| Complete 
| 831|0x00000000f3f00000, 0x00000000f4000000, 0x00000000f4000000|100%| E|CS|TAMS 0x00000000f3f00000, 0x00000000f3f00000| Complete 
| 832|0x00000000f4000000, 0x00000000f4100000, 0x00000000f4100000|100%| E|CS|TAMS 0x00000000f4000000, 0x00000000f4000000| Complete 
| 833|0x00000000f4100000, 0x00000000f4200000, 0x00000000f4200000|100%| E|CS|TAMS 0x00000000f4100000, 0x00000000f4100000| Complete 
| 834|0x00000000f4200000, 0x00000000f4300000, 0x00000000f4300000|100%| E|CS|TAMS 0x00000000f4200000, 0x00000000f4200000| Complete 
| 835|0x00000000f4300000, 0x00000000f4400000, 0x00000000f4400000|100%|HS|  |TAMS 0x00000000f4400000, 0x00000000f4400000| Untracked 
| 836|0x00000000f4400000, 0x00000000f4500000, 0x00000000f4500000|100%|HC|  |TAMS 0x00000000f4500000, 0x00000000f4500000| Untracked 
| 837|0x00000000f4500000, 0x00000000f4600000, 0x00000000f4600000|100%|HC|  |TAMS 0x00000000f4600000, 0x00000000f4600000| Untracked 
| 838|0x00000000f4600000, 0x00000000f4700000, 0x00000000f4700000|100%|HC|  |TAMS 0x00000000f4700000, 0x00000000f4700000| Untracked 
| 839|0x00000000f4700000, 0x00000000f4800000, 0x00000000f4800000|100%|HC|  |TAMS 0x00000000f4800000, 0x00000000f4800000| Untracked 
| 840|0x00000000f4800000, 0x00000000f4900000, 0x00000000f4900000|100%|HC|  |TAMS 0x00000000f4900000, 0x00000000f4900000| Untracked 
| 841|0x00000000f4900000, 0x00000000f4a00000, 0x00000000f4a00000|100%|HC|  |TAMS 0x00000000f4a00000, 0x00000000f4a00000| Untracked 
| 842|0x00000000f4a00000, 0x00000000f4b00000, 0x00000000f4b00000|100%| E|CS|TAMS 0x00000000f4a00000, 0x00000000f4a00000| Complete 
| 843|0x00000000f4b00000, 0x00000000f4c00000, 0x00000000f4c00000|100%| E|CS|TAMS 0x00000000f4b00000, 0x00000000f4b00000| Complete 
| 844|0x00000000f4c00000, 0x00000000f4d00000, 0x00000000f4d00000|100%| E|CS|TAMS 0x00000000f4c00000, 0x00000000f4c00000| Complete 
| 845|0x00000000f4d00000, 0x00000000f4e00000, 0x00000000f4e00000|100%| E|CS|TAMS 0x00000000f4d00000, 0x00000000f4d00000| Complete 
| 846|0x00000000f4e00000, 0x00000000f4f00000, 0x00000000f4f00000|100%| E|CS|TAMS 0x00000000f4e00000, 0x00000000f4e00000| Complete 
| 847|0x00000000f4f00000, 0x00000000f5000000, 0x00000000f5000000|100%|HS|  |TAMS 0x00000000f5000000, 0x00000000f5000000| Untracked 
| 848|0x00000000f5000000, 0x00000000f5100000, 0x00000000f5100000|100%|HC|  |TAMS 0x00000000f5100000, 0x00000000f5100000| Untracked 
| 849|0x00000000f5100000, 0x00000000f5200000, 0x00000000f5200000|100%|HC|  |TAMS 0x00000000f5200000, 0x00000000f5200000| Untracked 
| 850|0x00000000f5200000, 0x00000000f5300000, 0x00000000f5300000|100%|HC|  |TAMS 0x00000000f5300000, 0x00000000f5300000| Untracked 
| 851|0x00000000f5300000, 0x00000000f5400000, 0x00000000f5400000|100%|HC|  |TAMS 0x00000000f5400000, 0x00000000f5400000| Untracked 
| 852|0x00000000f5400000, 0x00000000f5500000, 0x00000000f5500000|100%|HC|  |TAMS 0x00000000f5500000, 0x00000000f5500000| Untracked 
| 853|0x00000000f5500000, 0x00000000f5600000, 0x00000000f5600000|100%|HC|  |TAMS 0x00000000f5600000, 0x00000000f5600000| Untracked 
| 854|0x00000000f5600000, 0x00000000f5700000, 0x00000000f5700000|100%|HC|  |TAMS 0x00000000f5700000, 0x00000000f5700000| Untracked 
| 855|0x00000000f5700000, 0x00000000f5800000, 0x00000000f5800000|100%|HC|  |TAMS 0x00000000f5800000, 0x00000000f5800000| Untracked 
| 856|0x00000000f5800000, 0x00000000f5900000, 0x00000000f5900000|100%|HC|  |TAMS 0x00000000f5900000, 0x00000000f5900000| Untracked 
| 857|0x00000000f5900000, 0x00000000f5a00000, 0x00000000f5a00000|100%|HC|  |TAMS 0x00000000f5a00000, 0x00000000f5a00000| Untracked 
| 858|0x00000000f5a00000, 0x00000000f5b00000, 0x00000000f5b00000|100%|HC|  |TAMS 0x00000000f5b00000, 0x00000000f5b00000| Untracked 
| 859|0x00000000f5b00000, 0x00000000f5c00000, 0x00000000f5c00000|100%|HC|  |TAMS 0x00000000f5c00000, 0x00000000f5c00000| Untracked 
| 860|0x00000000f5c00000, 0x00000000f5d00000, 0x00000000f5d00000|100%|HC|  |TAMS 0x00000000f5d00000, 0x00000000f5d00000| Untracked 
| 861|0x00000000f5d00000, 0x00000000f5e00000, 0x00000000f5e00000|100%|HC|  |TAMS 0x00000000f5e00000, 0x00000000f5e00000| Untracked 
| 862|0x00000000f5e00000, 0x00000000f5f00000, 0x00000000f5f00000|100%|HC|  |TAMS 0x00000000f5f00000, 0x00000000f5f00000| Untracked 
| 863|0x00000000f5f00000, 0x00000000f6000000, 0x00000000f6000000|100%|HC|  |TAMS 0x00000000f6000000, 0x00000000f6000000| Untracked 
| 864|0x00000000f6000000, 0x00000000f6100000, 0x00000000f6100000|100%|HC|  |TAMS 0x00000000f6100000, 0x00000000f6100000| Untracked 
| 865|0x00000000f6100000, 0x00000000f6200000, 0x00000000f6200000|100%|HC|  |TAMS 0x00000000f6200000, 0x00000000f6200000| Untracked 
| 866|0x00000000f6200000, 0x00000000f6300000, 0x00000000f6300000|100%|HC|  |TAMS 0x00000000f6300000, 0x00000000f6300000| Untracked 
| 867|0x00000000f6300000, 0x00000000f6400000, 0x00000000f6400000|100%|HC|  |TAMS 0x00000000f6400000, 0x00000000f6400000| Untracked 
| 868|0x00000000f6400000, 0x00000000f6500000, 0x00000000f6500000|100%|HC|  |TAMS 0x00000000f6500000, 0x00000000f6500000| Untracked 
| 869|0x00000000f6500000, 0x00000000f6600000, 0x00000000f6600000|100%|HC|  |TAMS 0x00000000f6600000, 0x00000000f6600000| Untracked 
| 870|0x00000000f6600000, 0x00000000f6700000, 0x00000000f6700000|100%|HC|  |TAMS 0x00000000f6700000, 0x00000000f6700000| Untracked 
| 871|0x00000000f6700000, 0x00000000f6800000, 0x00000000f6800000|100%|HC|  |TAMS 0x00000000f6800000, 0x00000000f6800000| Untracked 
| 872|0x00000000f6800000, 0x00000000f6900000, 0x00000000f6900000|100%|HC|  |TAMS 0x00000000f6900000, 0x00000000f6900000| Untracked 
| 873|0x00000000f6900000, 0x00000000f6a00000, 0x00000000f6a00000|100%|HC|  |TAMS 0x00000000f6a00000, 0x00000000f6a00000| Untracked 
| 874|0x00000000f6a00000, 0x00000000f6b00000, 0x00000000f6b00000|100%|HC|  |TAMS 0x00000000f6b00000, 0x00000000f6b00000| Untracked 
| 875|0x00000000f6b00000, 0x00000000f6c00000, 0x00000000f6c00000|100%|HC|  |TAMS 0x00000000f6c00000, 0x00000000f6c00000| Untracked 
| 876|0x00000000f6c00000, 0x00000000f6d00000, 0x00000000f6d00000|100%|HC|  |TAMS 0x00000000f6d00000, 0x00000000f6d00000| Untracked 
| 877|0x00000000f6d00000, 0x00000000f6e00000, 0x00000000f6e00000|100%|HC|  |TAMS 0x00000000f6e00000, 0x00000000f6e00000| Untracked 
| 878|0x00000000f6e00000, 0x00000000f6f00000, 0x00000000f6f00000|100%|HC|  |TAMS 0x00000000f6f00000, 0x00000000f6f00000| Untracked 
| 879|0x00000000f6f00000, 0x00000000f7000000, 0x00000000f7000000|100%|HC|  |TAMS 0x00000000f7000000, 0x00000000f7000000| Untracked 
| 880|0x00000000f7000000, 0x00000000f7100000, 0x00000000f7100000|100%|HC|  |TAMS 0x00000000f7100000, 0x00000000f7100000| Untracked 
| 881|0x00000000f7100000, 0x00000000f7200000, 0x00000000f7200000|100%|HC|  |TAMS 0x00000000f7200000, 0x00000000f7200000| Untracked 
| 882|0x00000000f7200000, 0x00000000f7300000, 0x00000000f7300000|100%|HC|  |TAMS 0x00000000f7300000, 0x00000000f7300000| Untracked 
| 883|0x00000000f7300000, 0x00000000f7400000, 0x00000000f7400000|100%|HC|  |TAMS 0x00000000f7400000, 0x00000000f7400000| Untracked 
| 884|0x00000000f7400000, 0x00000000f7500000, 0x00000000f7500000|100%|HC|  |TAMS 0x00000000f7500000, 0x00000000f7500000| Untracked 
| 885|0x00000000f7500000, 0x00000000f7600000, 0x00000000f7600000|100%|HC|  |TAMS 0x00000000f7600000, 0x00000000f7600000| Untracked 
| 886|0x00000000f7600000, 0x00000000f7700000, 0x00000000f7700000|100%|HC|  |TAMS 0x00000000f7700000, 0x00000000f7700000| Untracked 
| 887|0x00000000f7700000, 0x00000000f7800000, 0x00000000f7800000|100%|HC|  |TAMS 0x00000000f7800000, 0x00000000f7800000| Untracked 
| 888|0x00000000f7800000, 0x00000000f7900000, 0x00000000f7900000|100%|HC|  |TAMS 0x00000000f7900000, 0x00000000f7900000| Untracked 
| 889|0x00000000f7900000, 0x00000000f7a00000, 0x00000000f7a00000|100%|HC|  |TAMS 0x00000000f7a00000, 0x00000000f7a00000| Untracked 
| 890|0x00000000f7a00000, 0x00000000f7b00000, 0x00000000f7b00000|100%|HC|  |TAMS 0x00000000f7b00000, 0x00000000f7b00000| Untracked 
| 891|0x00000000f7b00000, 0x00000000f7c00000, 0x00000000f7c00000|100%|HC|  |TAMS 0x00000000f7c00000, 0x00000000f7c00000| Untracked 
| 892|0x00000000f7c00000, 0x00000000f7d00000, 0x00000000f7d00000|100%|HC|  |TAMS 0x00000000f7d00000, 0x00000000f7d00000| Untracked 
| 893|0x00000000f7d00000, 0x00000000f7e00000, 0x00000000f7e00000|100%|HC|  |TAMS 0x00000000f7e00000, 0x00000000f7e00000| Untracked 
| 894|0x00000000f7e00000, 0x00000000f7f00000, 0x00000000f7f00000|100%|HC|  |TAMS 0x00000000f7f00000, 0x00000000f7f00000| Untracked 
| 895|0x00000000f7f00000, 0x00000000f8000000, 0x00000000f8000000|100%|HC|  |TAMS 0x00000000f8000000, 0x00000000f8000000| Untracked 
| 896|0x00000000f8000000, 0x00000000f8100000, 0x00000000f8100000|100%|HC|  |TAMS 0x00000000f8100000, 0x00000000f8100000| Untracked 
| 897|0x00000000f8100000, 0x00000000f8200000, 0x00000000f8200000|100%|HC|  |TAMS 0x00000000f8200000, 0x00000000f8200000| Untracked 
| 898|0x00000000f8200000, 0x00000000f8300000, 0x00000000f8300000|100%|HC|  |TAMS 0x00000000f8300000, 0x00000000f8300000| Untracked 
| 899|0x00000000f8300000, 0x00000000f8400000, 0x00000000f8400000|100%|HC|  |TAMS 0x00000000f8400000, 0x00000000f8400000| Untracked 
| 900|0x00000000f8400000, 0x00000000f8500000, 0x00000000f8500000|100%|HC|  |TAMS 0x00000000f8500000, 0x00000000f8500000| Untracked 
| 901|0x00000000f8500000, 0x00000000f8600000, 0x00000000f8600000|100%|HS|  |TAMS 0x00000000f8600000, 0x00000000f8600000| Untracked 
| 902|0x00000000f8600000, 0x00000000f8700000, 0x00000000f8700000|100%|HC|  |TAMS 0x00000000f8700000, 0x00000000f8700000| Untracked 
| 903|0x00000000f8700000, 0x00000000f8800000, 0x00000000f8800000|100%|HC|  |TAMS 0x00000000f8800000, 0x00000000f8800000| Untracked 
| 904|0x00000000f8800000, 0x00000000f8900000, 0x00000000f8900000|100%|HC|  |TAMS 0x00000000f8900000, 0x00000000f8900000| Untracked 
| 905|0x00000000f8900000, 0x00000000f8a00000, 0x00000000f8a00000|100%|HC|  |TAMS 0x00000000f8a00000, 0x00000000f8a00000| Untracked 
| 906|0x00000000f8a00000, 0x00000000f8b00000, 0x00000000f8b00000|100%|HC|  |TAMS 0x00000000f8b00000, 0x00000000f8b00000| Untracked 
| 907|0x00000000f8b00000, 0x00000000f8c00000, 0x00000000f8c00000|100%|HC|  |TAMS 0x00000000f8c00000, 0x00000000f8c00000| Untracked 
| 908|0x00000000f8c00000, 0x00000000f8d00000, 0x00000000f8d00000|100%|HC|  |TAMS 0x00000000f8d00000, 0x00000000f8d00000| Untracked 
| 909|0x00000000f8d00000, 0x00000000f8e00000, 0x00000000f8e00000|100%|HC|  |TAMS 0x00000000f8e00000, 0x00000000f8e00000| Untracked 
| 910|0x00000000f8e00000, 0x00000000f8f00000, 0x00000000f8f00000|100%|HC|  |TAMS 0x00000000f8f00000, 0x00000000f8f00000| Untracked 
| 911|0x00000000f8f00000, 0x00000000f9000000, 0x00000000f9000000|100%|HC|  |TAMS 0x00000000f9000000, 0x00000000f9000000| Untracked 
| 912|0x00000000f9000000, 0x00000000f9100000, 0x00000000f9100000|100%|HC|  |TAMS 0x00000000f9100000, 0x00000000f9100000| Untracked 
| 913|0x00000000f9100000, 0x00000000f9200000, 0x00000000f9200000|100%|HC|  |TAMS 0x00000000f9200000, 0x00000000f9200000| Untracked 
| 914|0x00000000f9200000, 0x00000000f9300000, 0x00000000f9300000|100%|HC|  |TAMS 0x00000000f9300000, 0x00000000f9300000| Untracked 
| 915|0x00000000f9300000, 0x00000000f9400000, 0x00000000f9400000|100%|HC|  |TAMS 0x00000000f9400000, 0x00000000f9400000| Untracked 
| 916|0x00000000f9400000, 0x00000000f9500000, 0x00000000f9500000|100%|HC|  |TAMS 0x00000000f9500000, 0x00000000f9500000| Untracked 
| 917|0x00000000f9500000, 0x00000000f9600000, 0x00000000f9600000|100%|HC|  |TAMS 0x00000000f9600000, 0x00000000f9600000| Untracked 
| 918|0x00000000f9600000, 0x00000000f9700000, 0x00000000f9700000|100%|HC|  |TAMS 0x00000000f9700000, 0x00000000f9700000| Untracked 
| 919|0x00000000f9700000, 0x00000000f9800000, 0x00000000f9800000|100%|HC|  |TAMS 0x00000000f9800000, 0x00000000f9800000| Untracked 
| 920|0x00000000f9800000, 0x00000000f9900000, 0x00000000f9900000|100%|HC|  |TAMS 0x00000000f9900000, 0x00000000f9900000| Untracked 
| 921|0x00000000f9900000, 0x00000000f9a00000, 0x00000000f9a00000|100%|HC|  |TAMS 0x00000000f9a00000, 0x00000000f9a00000| Untracked 
| 922|0x00000000f9a00000, 0x00000000f9b00000, 0x00000000f9b00000|100%|HC|  |TAMS 0x00000000f9b00000, 0x00000000f9b00000| Untracked 
| 923|0x00000000f9b00000, 0x00000000f9c00000, 0x00000000f9c00000|100%|HC|  |TAMS 0x00000000f9c00000, 0x00000000f9c00000| Untracked 
| 924|0x00000000f9c00000, 0x00000000f9d00000, 0x00000000f9d00000|100%|HC|  |TAMS 0x00000000f9d00000, 0x00000000f9d00000| Untracked 
| 925|0x00000000f9d00000, 0x00000000f9e00000, 0x00000000f9e00000|100%|HC|  |TAMS 0x00000000f9e00000, 0x00000000f9e00000| Untracked 
| 926|0x00000000f9e00000, 0x00000000f9f00000, 0x00000000f9f00000|100%|HC|  |TAMS 0x00000000f9f00000, 0x00000000f9f00000| Untracked 
| 927|0x00000000f9f00000, 0x00000000fa000000, 0x00000000fa000000|100%|HC|  |TAMS 0x00000000fa000000, 0x00000000fa000000| Untracked 
| 928|0x00000000fa000000, 0x00000000fa100000, 0x00000000fa100000|100%|HC|  |TAMS 0x00000000fa100000, 0x00000000fa100000| Untracked 
| 929|0x00000000fa100000, 0x00000000fa200000, 0x00000000fa200000|100%|HC|  |TAMS 0x00000000fa200000, 0x00000000fa200000| Untracked 
| 930|0x00000000fa200000, 0x00000000fa300000, 0x00000000fa300000|100%|HC|  |TAMS 0x00000000fa300000, 0x00000000fa300000| Untracked 
| 931|0x00000000fa300000, 0x00000000fa400000, 0x00000000fa400000|100%|HC|  |TAMS 0x00000000fa400000, 0x00000000fa400000| Untracked 
| 932|0x00000000fa400000, 0x00000000fa500000, 0x00000000fa500000|100%|HC|  |TAMS 0x00000000fa500000, 0x00000000fa500000| Untracked 
| 933|0x00000000fa500000, 0x00000000fa600000, 0x00000000fa600000|100%|HC|  |TAMS 0x00000000fa600000, 0x00000000fa600000| Untracked 
| 934|0x00000000fa600000, 0x00000000fa700000, 0x00000000fa700000|100%|HC|  |TAMS 0x00000000fa700000, 0x00000000fa700000| Untracked 
| 935|0x00000000fa700000, 0x00000000fa800000, 0x00000000fa800000|100%|HC|  |TAMS 0x00000000fa800000, 0x00000000fa800000| Untracked 
| 936|0x00000000fa800000, 0x00000000fa900000, 0x00000000fa900000|100%|HC|  |TAMS 0x00000000fa900000, 0x00000000fa900000| Untracked 
| 937|0x00000000fa900000, 0x00000000faa00000, 0x00000000faa00000|100%|HC|  |TAMS 0x00000000faa00000, 0x00000000faa00000| Untracked 
| 938|0x00000000faa00000, 0x00000000fab00000, 0x00000000fab00000|100%|HC|  |TAMS 0x00000000fab00000, 0x00000000fab00000| Untracked 
| 939|0x00000000fab00000, 0x00000000fac00000, 0x00000000fac00000|100%|HC|  |TAMS 0x00000000fac00000, 0x00000000fac00000| Untracked 
| 940|0x00000000fac00000, 0x00000000fad00000, 0x00000000fad00000|100%|HC|  |TAMS 0x00000000fad00000, 0x00000000fad00000| Untracked 
| 941|0x00000000fad00000, 0x00000000fae00000, 0x00000000fae00000|100%|HC|  |TAMS 0x00000000fae00000, 0x00000000fae00000| Untracked 
| 942|0x00000000fae00000, 0x00000000faf00000, 0x00000000faf00000|100%|HC|  |TAMS 0x00000000faf00000, 0x00000000faf00000| Untracked 
| 943|0x00000000faf00000, 0x00000000fb000000, 0x00000000fb000000|100%|HC|  |TAMS 0x00000000fb000000, 0x00000000fb000000| Untracked 
| 944|0x00000000fb000000, 0x00000000fb100000, 0x00000000fb100000|100%|HC|  |TAMS 0x00000000fb100000, 0x00000000fb100000| Untracked 
| 945|0x00000000fb100000, 0x00000000fb200000, 0x00000000fb200000|100%|HC|  |TAMS 0x00000000fb200000, 0x00000000fb200000| Untracked 
| 946|0x00000000fb200000, 0x00000000fb300000, 0x00000000fb300000|100%|HC|  |TAMS 0x00000000fb300000, 0x00000000fb300000| Untracked 
| 947|0x00000000fb300000, 0x00000000fb400000, 0x00000000fb400000|100%|HC|  |TAMS 0x00000000fb400000, 0x00000000fb400000| Untracked 
| 948|0x00000000fb400000, 0x00000000fb500000, 0x00000000fb500000|100%|HC|  |TAMS 0x00000000fb500000, 0x00000000fb500000| Untracked 
| 949|0x00000000fb500000, 0x00000000fb600000, 0x00000000fb600000|100%|HC|  |TAMS 0x00000000fb600000, 0x00000000fb600000| Untracked 
| 950|0x00000000fb600000, 0x00000000fb700000, 0x00000000fb700000|100%|HC|  |TAMS 0x00000000fb700000, 0x00000000fb700000| Untracked 
| 951|0x00000000fb700000, 0x00000000fb800000, 0x00000000fb800000|100%|HC|  |TAMS 0x00000000fb800000, 0x00000000fb800000| Untracked 
| 952|0x00000000fb800000, 0x00000000fb900000, 0x00000000fb900000|100%|HS|  |TAMS 0x00000000fb900000, 0x00000000fb900000| Untracked 
| 953|0x00000000fb900000, 0x00000000fba00000, 0x00000000fba00000|100%|HC|  |TAMS 0x00000000fba00000, 0x00000000fba00000| Untracked 
| 954|0x00000000fba00000, 0x00000000fbb00000, 0x00000000fbb00000|100%|HC|  |TAMS 0x00000000fbb00000, 0x00000000fbb00000| Untracked 
| 955|0x00000000fbb00000, 0x00000000fbc00000, 0x00000000fbc00000|100%|HC|  |TAMS 0x00000000fbc00000, 0x00000000fbc00000| Untracked 
| 956|0x00000000fbc00000, 0x00000000fbd00000, 0x00000000fbd00000|100%| E|CS|TAMS 0x00000000fbc00000, 0x00000000fbc00000| Complete 
| 957|0x00000000fbd00000, 0x00000000fbe00000, 0x00000000fbe00000|100%| E|CS|TAMS 0x00000000fbd00000, 0x00000000fbd00000| Complete 
| 958|0x00000000fbe00000, 0x00000000fbf00000, 0x00000000fbf00000|100%| E|CS|TAMS 0x00000000fbe00000, 0x00000000fbe00000| Complete 
| 959|0x00000000fbf00000, 0x00000000fc000000, 0x00000000fc000000|100%| E|CS|TAMS 0x00000000fbf00000, 0x00000000fbf00000| Complete 
| 960|0x00000000fc000000, 0x00000000fc100000, 0x00000000fc100000|100%| E|CS|TAMS 0x00000000fc000000, 0x00000000fc000000| Complete 
| 961|0x00000000fc100000, 0x00000000fc200000, 0x00000000fc200000|100%|HS|  |TAMS 0x00000000fc200000, 0x00000000fc200000| Untracked 
| 962|0x00000000fc200000, 0x00000000fc300000, 0x00000000fc300000|100%|HC|  |TAMS 0x00000000fc300000, 0x00000000fc300000| Untracked 
| 963|0x00000000fc300000, 0x00000000fc400000, 0x00000000fc400000|100%|HC|  |TAMS 0x00000000fc400000, 0x00000000fc400000| Untracked 
| 964|0x00000000fc400000, 0x00000000fc500000, 0x00000000fc500000|100%|HC|  |TAMS 0x00000000fc500000, 0x00000000fc500000| Untracked 
| 965|0x00000000fc500000, 0x00000000fc600000, 0x00000000fc600000|100%| E|CS|TAMS 0x00000000fc500000, 0x00000000fc500000| Complete 
| 966|0x00000000fc600000, 0x00000000fc700000, 0x00000000fc700000|100%| E|CS|TAMS 0x00000000fc600000, 0x00000000fc600000| Complete 
| 967|0x00000000fc700000, 0x00000000fc800000, 0x00000000fc800000|100%| E|CS|TAMS 0x00000000fc700000, 0x00000000fc700000| Complete 
| 968|0x00000000fc800000, 0x00000000fc900000, 0x00000000fc900000|100%| E|CS|TAMS 0x00000000fc800000, 0x00000000fc800000| Complete 
| 969|0x00000000fc900000, 0x00000000fca00000, 0x00000000fca00000|100%| E|CS|TAMS 0x00000000fc900000, 0x00000000fc900000| Complete 
| 970|0x00000000fca00000, 0x00000000fcb00000, 0x00000000fcb00000|100%|HS|  |TAMS 0x00000000fcb00000, 0x00000000fcb00000| Untracked 
| 971|0x00000000fcb00000, 0x00000000fcc00000, 0x00000000fcc00000|100%|HC|  |TAMS 0x00000000fcc00000, 0x00000000fcc00000| Untracked 
| 972|0x00000000fcc00000, 0x00000000fcd00000, 0x00000000fcd00000|100%|HC|  |TAMS 0x00000000fcd00000, 0x00000000fcd00000| Untracked 
| 973|0x00000000fcd00000, 0x00000000fce00000, 0x00000000fce00000|100%|HC|  |TAMS 0x00000000fce00000, 0x00000000fce00000| Untracked 
| 974|0x00000000fce00000, 0x00000000fcf00000, 0x00000000fcf00000|100%| E|CS|TAMS 0x00000000fce00000, 0x00000000fce00000| Complete 
| 975|0x00000000fcf00000, 0x00000000fd000000, 0x00000000fd000000|100%| E|CS|TAMS 0x00000000fcf00000, 0x00000000fcf00000| Complete 
| 976|0x00000000fd000000, 0x00000000fd100000, 0x00000000fd100000|100%| E|CS|TAMS 0x00000000fd000000, 0x00000000fd000000| Complete 
| 977|0x00000000fd100000, 0x00000000fd200000, 0x00000000fd200000|100%| E|CS|TAMS 0x00000000fd100000, 0x00000000fd100000| Complete 
| 978|0x00000000fd200000, 0x00000000fd300000, 0x00000000fd300000|100%| E|CS|TAMS 0x00000000fd200000, 0x00000000fd200000| Complete 
| 979|0x00000000fd300000, 0x00000000fd400000, 0x00000000fd400000|100%| E|CS|TAMS 0x00000000fd300000, 0x00000000fd300000| Complete 
| 980|0x00000000fd400000, 0x00000000fd500000, 0x00000000fd500000|100%| E|CS|TAMS 0x00000000fd400000, 0x00000000fd400000| Complete 
| 981|0x00000000fd500000, 0x00000000fd600000, 0x00000000fd600000|100%| E|CS|TAMS 0x00000000fd500000, 0x00000000fd500000| Complete 
| 982|0x00000000fd600000, 0x00000000fd700000, 0x00000000fd700000|100%|HS|  |TAMS 0x00000000fd700000, 0x00000000fd700000| Untracked 
| 983|0x00000000fd700000, 0x00000000fd800000, 0x00000000fd800000|100%|HC|  |TAMS 0x00000000fd800000, 0x00000000fd800000| Untracked 
| 984|0x00000000fd800000, 0x00000000fd900000, 0x00000000fd900000|100%|HC|  |TAMS 0x00000000fd900000, 0x00000000fd900000| Untracked 
| 985|0x00000000fd900000, 0x00000000fda00000, 0x00000000fda00000|100%|HC|  |TAMS 0x00000000fda00000, 0x00000000fda00000| Untracked 
| 986|0x00000000fda00000, 0x00000000fdb00000, 0x00000000fdb00000|100%| E|CS|TAMS 0x00000000fda00000, 0x00000000fda00000| Complete 
| 987|0x00000000fdb00000, 0x00000000fdc00000, 0x00000000fdc00000|100%| E|CS|TAMS 0x00000000fdb00000, 0x00000000fdb00000| Complete 
| 988|0x00000000fdc00000, 0x00000000fdd00000, 0x00000000fdd00000|100%| E|CS|TAMS 0x00000000fdc00000, 0x00000000fdc00000| Complete 
| 989|0x00000000fdd00000, 0x00000000fde00000, 0x00000000fde00000|100%|HS|  |TAMS 0x00000000fde00000, 0x00000000fde00000| Untracked 
| 990|0x00000000fde00000, 0x00000000fdf00000, 0x00000000fdf00000|100%|HC|  |TAMS 0x00000000fdf00000, 0x00000000fdf00000| Untracked 
| 991|0x00000000fdf00000, 0x00000000fe000000, 0x00000000fe000000|100%|HS|  |TAMS 0x00000000fdf00000, 0x00000000fe000000| Complete 
| 992|0x00000000fe000000, 0x00000000fe100000, 0x00000000fe100000|100%|HC|  |TAMS 0x00000000fe000000, 0x00000000fe100000| Complete 
| 993|0x00000000fe100000, 0x00000000fe200000, 0x00000000fe200000|100%|HC|  |TAMS 0x00000000fe100000, 0x00000000fe200000| Complete 
| 994|0x00000000fe200000, 0x00000000fe300000, 0x00000000fe300000|100%|HC|  |TAMS 0x00000000fe200000, 0x00000000fe300000| Complete 
| 995|0x00000000fe300000, 0x00000000fe400000, 0x00000000fe400000|100%|HC|  |TAMS 0x00000000fe300000, 0x00000000fe400000| Complete 
| 996|0x00000000fe400000, 0x00000000fe500000, 0x00000000fe500000|100%|HC|  |TAMS 0x00000000fe400000, 0x00000000fe500000| Complete 
| 997|0x00000000fe500000, 0x00000000fe600000, 0x00000000fe600000|100%|HC|  |TAMS 0x00000000fe500000, 0x00000000fe600000| Complete 
| 998|0x00000000fe600000, 0x00000000fe700000, 0x00000000fe700000|100%|HC|  |TAMS 0x00000000fe600000, 0x00000000fe700000| Complete 
| 999|0x00000000fe700000, 0x00000000fe800000, 0x00000000fe800000|100%|HC|  |TAMS 0x00000000fe700000, 0x00000000fe800000| Complete 
|1000|0x00000000fe800000, 0x00000000fe900000, 0x00000000fe900000|100%|HC|  |TAMS 0x00000000fe800000, 0x00000000fe900000| Complete 
|1001|0x00000000fe900000, 0x00000000fea00000, 0x00000000fea00000|100%|HC|  |TAMS 0x00000000fe900000, 0x00000000fea00000| Complete 
|1002|0x00000000fea00000, 0x00000000feb00000, 0x00000000feb00000|100%|HC|  |TAMS 0x00000000fea00000, 0x00000000feb00000| Complete 
|1003|0x00000000feb00000, 0x00000000fec00000, 0x00000000fec00000|100%|HC|  |TAMS 0x00000000feb00000, 0x00000000fec00000| Complete 
|1004|0x00000000fec00000, 0x00000000fed00000, 0x00000000fed00000|100%|HC|  |TAMS 0x00000000fec00000, 0x00000000fed00000| Complete 
|1005|0x00000000fed00000, 0x00000000fee00000, 0x00000000fee00000|100%| E|CS|TAMS 0x00000000fed00000, 0x00000000fed00000| Complete 
|1006|0x00000000fee00000, 0x00000000fef00000, 0x00000000fef00000|100%| E|CS|TAMS 0x00000000fee00000, 0x00000000fee00000| Complete 
|1007|0x00000000fef00000, 0x00000000ff000000, 0x00000000ff000000|100%| E|CS|TAMS 0x00000000fef00000, 0x00000000fef00000| Complete 
|1008|0x00000000ff000000, 0x00000000ff100000, 0x00000000ff100000|100%| E|CS|TAMS 0x00000000ff000000, 0x00000000ff000000| Complete 
|1009|0x00000000ff100000, 0x00000000ff200000, 0x00000000ff200000|100%| E|CS|TAMS 0x00000000ff100000, 0x00000000ff100000| Complete 
|1010|0x00000000ff200000, 0x00000000ff300000, 0x00000000ff300000|100%| E|CS|TAMS 0x00000000ff200000, 0x00000000ff200000| Complete 
|1011|0x00000000ff300000, 0x00000000ff400000, 0x00000000ff400000|100%| E|  |TAMS 0x00000000ff300000, 0x00000000ff300000| Complete 
|1012|0x00000000ff400000, 0x00000000ff500000, 0x00000000ff500000|100%| E|CS|TAMS 0x00000000ff400000, 0x00000000ff400000| Complete 
|1013|0x00000000ff500000, 0x00000000ff600000, 0x00000000ff600000|100%| E|CS|TAMS 0x00000000ff500000, 0x00000000ff500000| Complete 
|1014|0x00000000ff600000, 0x00000000ff700000, 0x00000000ff700000|100%| E|CS|TAMS 0x00000000ff600000, 0x00000000ff600000| Complete 
|1015|0x00000000ff700000, 0x00000000ff800000, 0x00000000ff800000|100%| E|CS|TAMS 0x00000000ff700000, 0x00000000ff700000| Complete 
|1016|0x00000000ff800000, 0x00000000ff900000, 0x00000000ff900000|100%| E|CS|TAMS 0x00000000ff800000, 0x00000000ff800000| Complete 
|1017|0x00000000ff900000, 0x00000000ffa00000, 0x00000000ffa00000|100%| E|CS|TAMS 0x00000000ff900000, 0x00000000ff900000| Complete 
|1018|0x00000000ffa00000, 0x00000000ffb00000, 0x00000000ffb00000|100%| E|CS|TAMS 0x00000000ffa00000, 0x00000000ffa00000| Complete 
|1019|0x00000000ffb00000, 0x00000000ffc00000, 0x00000000ffc00000|100%| E|CS|TAMS 0x00000000ffb00000, 0x00000000ffb00000| Complete 
|1020|0x00000000ffc00000, 0x00000000ffd00000, 0x00000000ffd00000|100%| E|CS|TAMS 0x00000000ffc00000, 0x00000000ffc00000| Complete 
|1021|0x00000000ffd00000, 0x00000000ffe00000, 0x00000000ffe00000|100%| E|CS|TAMS 0x00000000ffd00000, 0x00000000ffd00000| Complete 
|1022|0x00000000ffe00000, 0x00000000fff00000, 0x00000000fff00000|100%| E|CS|TAMS 0x00000000ffe00000, 0x00000000ffe00000| Complete 
|1023|0x00000000fff00000, 0x0000000100000000, 0x0000000100000000|100%| E|CS|TAMS 0x00000000fff00000, 0x00000000fff00000| Complete 

Card table byte_map: [0x00000123c4040000,0x00000123c4240000] _byte_map_base: 0x00000123c3a40000

Marking Bits (Prev, Next): (CMBitMap*) 0x00000123ad06a340, (CMBitMap*) 0x00000123ad06a380
 Prev Bits: [0x00000123c4440000, 0x00000123c5440000)
 Next Bits: [0x00000123c5440000, 0x00000123c6440000)

Polling page: 0x00000123aaf70000

Metaspace:

Usage:
  Non-class:    115.12 MB used.
      Class:     17.49 MB used.
       Both:    132.61 MB used.

Virtual space:
  Non-class space:      128.00 MB reserved,     116.38 MB ( 91%) committed,  2 nodes.
      Class space:        1.00 GB reserved,      18.44 MB (  2%) committed,  1 nodes.
             Both:        1.12 GB reserved,     134.81 MB ( 12%) committed. 

Chunk freelists:
   Non-Class:  11.67 MB
       Class:  13.65 MB
        Both:  25.32 MB

MaxMetaspaceSize: unlimited
CompressedClassSpaceSize: 1.00 GB
Initial GC threshold: 21.00 MB
Current GC threshold: 224.69 MB
CDS: on
MetaspaceReclaimPolicy: balanced
 - commit_granule_bytes: 65536.
 - commit_granule_words: 8192.
 - virtual_space_node_default_size: 8388608.
 - enlarge_chunks_in_place: 1.
 - new_chunks_are_fully_committed: 0.
 - uncommit_free_chunks: 1.
 - use_allocation_guard: 0.
 - handle_deallocations: 1.


Internal statistics:

num_allocs_failed_limit: 6.
num_arena_births: 2812.
num_arena_deaths: 702.
num_vsnodes_births: 3.
num_vsnodes_deaths: 0.
num_space_committed: 2156.
num_space_uncommitted: 0.
num_chunks_returned_to_freelist: 960.
num_chunks_taken_from_freelist: 9265.
num_chunk_merges: 274.
num_chunk_splits: 5499.
num_chunks_enlarged: 3136.
num_inconsistent_stats: 0.

CodeHeap 'non-profiled nmethods': size=120000Kb used=23725Kb max_used=23725Kb free=96274Kb
 bounds [0x00000123bc3c0000, 0x00000123bdaf0000, 0x00000123c38f0000]
CodeHeap 'profiled nmethods': size=120000Kb used=44450Kb max_used=46172Kb free=75549Kb
 bounds [0x00000123b48f0000, 0x00000123b7610000, 0x00000123bbe20000]
CodeHeap 'non-nmethods': size=5760Kb used=2493Kb max_used=2651Kb free=3266Kb
 bounds [0x00000123bbe20000, 0x00000123bc0d0000, 0x00000123bc3c0000]
 total_blobs=24212 nmethods=23176 adapters=947
 compilation: enabled
              stopped_count=0, restarted_count=0
 full_count=0

Compilation events (20 events):
Event: 1021.402 Thread 0x00000123c90c4310 30341       3       org.gradle.cache.internal.filelock.FileLockOutcome::acquired (9 bytes)
Event: 1021.402 Thread 0x00000123c90c4310 nmethod 30341 0x00000123b518bf90 code [0x00000123b518c140, 0x00000123b518c3f8]
Event: 1069.230 Thread 0x00000123c90bf440 30342       4       java.lang.management.ManagementFactory$PlatformMBeanFinder$$Lambda$67/0x00000123cb073980::test (12 bytes)
Event: 1069.232 Thread 0x00000123c90bf440 nmethod 30342 0x00000123bdae5290 code [0x00000123bdae5420, 0x00000123bdae5718]
Event: 1071.405 Thread 0x00000123c90c4310 30343       3       sun.nio.ch.FileDispatcherImpl::release (8 bytes)
Event: 1071.406 Thread 0x00000123c90c4310 nmethod 30343 0x00000123b5389210 code [0x00000123b53893a0, 0x00000123b53894e8]
Event: 1091.402 Thread 0x00000123c90c4310 30345       3       org.gradle.cache.internal.AbstractFileAccess::<init> (5 bytes)
Event: 1091.402 Thread 0x00000123c90c4310 nmethod 30345 0x00000123b54f9510 code [0x00000123b54f96a0, 0x00000123b54f97f8]
Event: 1100.296 Thread 0x00000123c90bf440 30346       4       com.android.tools.build.jetifier.processor.archive.Archive$Builder::isArchive (97 bytes)
Event: 1100.299 Thread 0x00000123c90bf440 nmethod 30346 0x00000123bdae5d10 code [0x00000123bdae5ea0, 0x00000123bdae60e8]
Event: 1100.299 Thread 0x00000123c90bf440 30347       4       java.util.zip.ZipEntry::getLastModifiedTime (36 bytes)
Event: 1100.317 Thread 0x00000123c90bf440 nmethod 30347 0x00000123bdae6410 code [0x00000123bdae6660, 0x00000123bdae7e38]
Event: 1100.317 Thread 0x00000123c90bf440 30348       4       java.time.LocalDate::create (190 bytes)
Event: 1100.318 Thread 0x00000123c90bf440 nmethod 30348 0x00000123bdae9410 code [0x00000123bdae95a0, 0x00000123bdae96d8]
Event: 1100.330 Thread 0x00000123c90bf440 30349       4       java.util.zip.ZipInputStream::available (15 bytes)
Event: 1100.331 Thread 0x00000123c90bf440 nmethod 30349 0x00000123bdae9810 code [0x00000123bdae9980, 0x00000123bdae9a38]
Event: 1100.335 Thread 0x00000123c90bf440 30350       4       com.android.tools.build.jetifier.processor.archive.ArchiveFile::<init> (45 bytes)
Event: 1100.342 Thread 0x00000123c90bf440 nmethod 30350 0x00000123bdae9b10 code [0x00000123bdae9ca0, 0x00000123bdaea188]
Event: 1100.345 Thread 0x00000123c90bf440 30351       4       com.android.tools.build.jetifier.processor.archive.Archive$Builder::extractFile (39 bytes)
Event: 1100.352 Thread 0x00000123c90bf440 nmethod 30351 0x00000123bdaea390 code [0x00000123bdaea560, 0x00000123bdaeb1d8]

GC Heap History (20 events):
Event: 1102.205 GC heap before
{Heap before GC invocations=166 (full 0):
 garbage-first heap   total 1048576K, used 917520K [0x00000000c0000000, 0x0000000100000000)
  region size 1024K, 126 young (129024K), 1 survivors (1024K)
 Metaspace       used 135970K, committed 138048K, reserved 1179648K
  class space    used 17943K, committed 18880K, reserved 1048576K
}
Event: 1102.212 GC heap after
{Heap after GC invocations=167 (full 0):
 garbage-first heap   total 1048576K, used 667308K [0x00000000c0000000, 0x0000000100000000)
  region size 1024K, 28 young (28672K), 28 survivors (28672K)
 Metaspace       used 135970K, committed 138048K, reserved 1179648K
  class space    used 17943K, committed 18880K, reserved 1048576K
}
Event: 1102.574 GC heap before
{Heap before GC invocations=167 (full 0):
 garbage-first heap   total 1048576K, used 1023660K [0x00000000c0000000, 0x0000000100000000)
  region size 1024K, 38 young (38912K), 28 survivors (28672K)
 Metaspace       used 135970K, committed 138048K, reserved 1179648K
  class space    used 17943K, committed 18880K, reserved 1048576K
}
Event: 1102.579 GC heap after
{Heap after GC invocations=168 (full 0):
 garbage-first heap   total 1048576K, used 751791K [0x00000000c0000000, 0x0000000100000000)
  region size 1024K, 1 young (1024K), 1 survivors (1024K)
 Metaspace       used 135970K, committed 138048K, reserved 1179648K
  class space    used 17943K, committed 18880K, reserved 1048576K
}
Event: 1102.581 GC heap before
{Heap before GC invocations=168 (full 0):
 garbage-first heap   total 1048576K, used 754863K [0x00000000c0000000, 0x0000000100000000)
  region size 1024K, 2 young (2048K), 1 survivors (1024K)
 Metaspace       used 135970K, committed 138048K, reserved 1179648K
  class space    used 17943K, committed 18880K, reserved 1048576K
}
Event: 1102.582 GC heap after
{Heap after GC invocations=169 (full 0):
 garbage-first heap   total 1048576K, used 752784K [0x00000000c0000000, 0x0000000100000000)
  region size 1024K, 1 young (1024K), 1 survivors (1024K)
 Metaspace       used 135970K, committed 138048K, reserved 1179648K
  class space    used 17943K, committed 18880K, reserved 1048576K
}
Event: 1102.867 GC heap before
{Heap before GC invocations=170 (full 0):
 garbage-first heap   total 1048576K, used 961680K [0x00000000c0000000, 0x0000000100000000)
  region size 1024K, 7 young (7168K), 1 survivors (1024K)
 Metaspace       used 135899K, committed 138048K, reserved 1179648K
  class space    used 17932K, committed 18880K, reserved 1048576K
}
Event: 1102.869 GC heap after
{Heap after GC invocations=171 (full 0):
 garbage-first heap   total 1048576K, used 810590K [0x00000000c0000000, 0x0000000100000000)
  region size 1024K, 1 young (1024K), 1 survivors (1024K)
 Metaspace       used 135899K, committed 138048K, reserved 1179648K
  class space    used 17932K, committed 18880K, reserved 1048576K
}
Event: 1102.933 GC heap before
{Heap before GC invocations=171 (full 0):
 garbage-first heap   total 1048576K, used 879198K [0x00000000c0000000, 0x0000000100000000)
  region size 1024K, 2 young (2048K), 1 survivors (1024K)
 Metaspace       used 135899K, committed 138048K, reserved 1179648K
  class space    used 17932K, committed 18880K, reserved 1048576K
}
Event: 1102.934 GC heap after
{Heap after GC invocations=172 (full 0):
 garbage-first heap   total 1048576K, used 825787K [0x00000000c0000000, 0x0000000100000000)
  region size 1024K, 1 young (1024K), 1 survivors (1024K)
 Metaspace       used 135899K, committed 138048K, reserved 1179648K
  class space    used 17932K, committed 18880K, reserved 1048576K
}
Event: 1102.939 GC heap before
{Heap before GC invocations=172 (full 0):
 garbage-first heap   total 1048576K, used 840123K [0x00000000c0000000, 0x0000000100000000)
  region size 1024K, 2 young (2048K), 1 survivors (1024K)
 Metaspace       used 135899K, committed 138048K, reserved 1179648K
  class space    used 17932K, committed 18880K, reserved 1048576K
}
Event: 1102.940 GC heap after
{Heap after GC invocations=173 (full 0):
 garbage-first heap   total 1048576K, used 822978K [0x00000000c0000000, 0x0000000100000000)
  region size 1024K, 1 young (1024K), 1 survivors (1024K)
 Metaspace       used 135899K, committed 138048K, reserved 1179648K
  class space    used 17932K, committed 18880K, reserved 1048576K
}
Event: 1102.989 GC heap before
{Heap before GC invocations=173 (full 0):
 garbage-first heap   total 1048576K, used 860866K [0x00000000c0000000, 0x0000000100000000)
  region size 1024K, 2 young (2048K), 1 survivors (1024K)
 Metaspace       used 135899K, committed 138048K, reserved 1179648K
  class space    used 17932K, committed 18880K, reserved 1048576K
}
Event: 1102.990 GC heap after
{Heap after GC invocations=174 (full 0):
 garbage-first heap   total 1048576K, used 840125K [0x00000000c0000000, 0x0000000100000000)
  region size 1024K, 1 young (1024K), 1 survivors (1024K)
 Metaspace       used 135899K, committed 138048K, reserved 1179648K
  class space    used 17932K, committed 18880K, reserved 1048576K
}
Event: 1102.991 GC heap before
{Heap before GC invocations=174 (full 0):
 garbage-first heap   total 1048576K, used 840125K [0x00000000c0000000, 0x0000000100000000)
  region size 1024K, 1 young (1024K), 1 survivors (1024K)
 Metaspace       used 135899K, committed 138048K, reserved 1179648K
  class space    used 17932K, committed 18880K, reserved 1048576K
}
Event: 1103.179 GC heap after
{Heap after GC invocations=175 (full 1):
 garbage-first heap   total 1048576K, used 812612K [0x00000000c0000000, 0x0000000100000000)
  region size 1024K, 0 young (0K), 0 survivors (0K)
 Metaspace       used 135881K, committed 138048K, reserved 1179648K
  class space    used 17927K, committed 18880K, reserved 1048576K
}
Event: 1103.180 GC heap before
{Heap before GC invocations=175 (full 1):
 garbage-first heap   total 1048576K, used 812612K [0x00000000c0000000, 0x0000000100000000)
  region size 1024K, 0 young (0K), 0 survivors (0K)
 Metaspace       used 135881K, committed 138048K, reserved 1179648K
  class space    used 17927K, committed 18880K, reserved 1048576K
}
Event: 1103.393 GC heap after
{Heap after GC invocations=176 (full 2):
 garbage-first heap   total 1048576K, used 809055K [0x00000000c0000000, 0x0000000100000000)
  region size 1024K, 0 young (0K), 0 survivors (0K)
 Metaspace       used 135792K, committed 138048K, reserved 1179648K
  class space    used 17910K, committed 18880K, reserved 1048576K
}
Event: 1103.459 GC heap before
{Heap before GC invocations=176 (full 2):
 garbage-first heap   total 1048576K, used 903263K [0x00000000c0000000, 0x0000000100000000)
  region size 1024K, 80 young (81920K), 0 survivors (0K)
 Metaspace       used 135792K, committed 138048K, reserved 1179648K
  class space    used 17910K, committed 18880K, reserved 1048576K
}
Event: 1103.464 GC heap after
{Heap after GC invocations=177 (full 2):
 garbage-first heap   total 1048576K, used 841747K [0x00000000c0000000, 0x0000000100000000)
  region size 1024K, 11 young (11264K), 11 survivors (11264K)
 Metaspace       used 135792K, committed 138048K, reserved 1179648K
  class space    used 17910K, committed 18880K, reserved 1048576K
}

Deoptimization events (20 events):
Event: 982.294 Thread 0x0000012414fff310 Uncommon trap: trap_request=0xffffffde fr.pc=0x00000123bd41caa8 relative=0x0000000000000348
Event: 982.294 Thread 0x0000012414fff310 Uncommon trap: reason=class_check action=maybe_recompile pc=0x00000123bd41caa8 method=com.sun.org.apache.xerces.internal.parsers.AbstractSAXParser.endElement(Lcom/sun/org/apache/xerces/internal/xni/QName;Lcom/sun/org/apache/xerces/internal/xni/Augmentatio
Event: 982.294 Thread 0x0000012414fff310 DEOPT PACKING pc=0x00000123bd41caa8 sp=0x00000016a13f9090
Event: 982.294 Thread 0x0000012414fff310 DEOPT UNPACKING pc=0x00000123bbe723a3 sp=0x00000016a13f9038 mode 2
Event: 982.295 Thread 0x0000012414fff310 Uncommon trap: trap_request=0xffffffde fr.pc=0x00000123bd40cde0 relative=0x0000000000000220
Event: 982.295 Thread 0x0000012414fff310 Uncommon trap: reason=class_check action=maybe_recompile pc=0x00000123bd40cde0 method=com.sun.org.apache.xerces.internal.parsers.AbstractSAXParser.endNamespaceMapping()V @ 35 c2
Event: 982.295 Thread 0x0000012414fff310 DEOPT PACKING pc=0x00000123bd40cde0 sp=0x00000016a13f9040
Event: 982.295 Thread 0x0000012414fff310 DEOPT UNPACKING pc=0x00000123bbe723a3 sp=0x00000016a13f8fd8 mode 2
Event: 982.581 Thread 0x0000012414fff310 Uncommon trap: trap_request=0xffffffde fr.pc=0x00000123bd3ff104 relative=0x0000000000000244
Event: 982.581 Thread 0x0000012414fff310 Uncommon trap: reason=class_check action=maybe_recompile pc=0x00000123bd3ff104 method=com.sun.org.apache.xerces.internal.parsers.AbstractSAXParser.startNamespaceMapping()V @ 65 c2
Event: 982.581 Thread 0x0000012414fff310 DEOPT PACKING pc=0x00000123bd3ff104 sp=0x00000016a13f8ed0
Event: 982.581 Thread 0x0000012414fff310 DEOPT UNPACKING pc=0x00000123bbe723a3 sp=0x00000016a13f8e50 mode 2
Event: 982.582 Thread 0x0000012414fff310 Uncommon trap: trap_request=0xffffffde fr.pc=0x00000123bd40cde0 relative=0x0000000000000220
Event: 982.582 Thread 0x0000012414fff310 Uncommon trap: reason=class_check action=maybe_recompile pc=0x00000123bd40cde0 method=com.sun.org.apache.xerces.internal.parsers.AbstractSAXParser.endNamespaceMapping()V @ 35 c2
Event: 982.582 Thread 0x0000012414fff310 DEOPT PACKING pc=0x00000123bd40cde0 sp=0x00000016a13f9050
Event: 982.582 Thread 0x0000012414fff310 DEOPT UNPACKING pc=0x00000123bbe723a3 sp=0x00000016a13f8fe0 mode 2
Event: 982.942 Thread 0x0000012414fff310 Uncommon trap: trap_request=0xffffffde fr.pc=0x00000123bd3ff104 relative=0x0000000000000244
Event: 982.942 Thread 0x0000012414fff310 Uncommon trap: reason=class_check action=maybe_recompile pc=0x00000123bd3ff104 method=com.sun.org.apache.xerces.internal.parsers.AbstractSAXParser.startNamespaceMapping()V @ 65 c2
Event: 982.942 Thread 0x0000012414fff310 DEOPT PACKING pc=0x00000123bd3ff104 sp=0x00000016a13f8ed0
Event: 982.942 Thread 0x0000012414fff310 DEOPT UNPACKING pc=0x00000123bbe723a3 sp=0x00000016a13f8e48 mode 2

Classes unloaded (20 events):
Event: 1103.230 Thread 0x00000123c90a0c60 Unloading class 0x00000123cb919c00 'jdk/internal/reflect/GeneratedMethodAccessor18'
Event: 1103.230 Thread 0x00000123c90a0c60 Unloading class 0x00000123cb8d0400 'jdk/internal/reflect/GeneratedMethodAccessor11'
Event: 1103.230 Thread 0x00000123c90a0c60 Unloading class 0x00000123cb7c1c00 'java/lang/invoke/LambdaForm$MH+0x00000123cb7c1c00'
Event: 1103.230 Thread 0x00000123c90a0c60 Unloading class 0x00000123cb7c1800 'java/lang/invoke/LambdaForm$MH+0x00000123cb7c1800'
Event: 1103.230 Thread 0x00000123c90a0c60 Unloading class 0x00000123cb7c1400 'java/lang/invoke/LambdaForm$MH+0x00000123cb7c1400'
Event: 1103.230 Thread 0x00000123c90a0c60 Unloading class 0x00000123cb7c1000 'java/lang/invoke/LambdaForm$MH+0x00000123cb7c1000'
Event: 1103.230 Thread 0x00000123c90a0c60 Unloading class 0x00000123cb7c0c00 'java/lang/invoke/LambdaForm$MH+0x00000123cb7c0c00'
Event: 1103.230 Thread 0x00000123c90a0c60 Unloading class 0x00000123cb7c0800 'java/lang/invoke/LambdaForm$MH+0x00000123cb7c0800'
Event: 1103.230 Thread 0x00000123c90a0c60 Unloading class 0x00000123cb7c0400 'java/lang/invoke/LambdaForm$MH+0x00000123cb7c0400'
Event: 1103.230 Thread 0x00000123c90a0c60 Unloading class 0x00000123cb7c0000 'java/lang/invoke/LambdaForm$MH+0x00000123cb7c0000'
Event: 1103.230 Thread 0x00000123c90a0c60 Unloading class 0x00000123cb4b5800 'java/lang/invoke/LambdaForm$MH+0x00000123cb4b5800'
Event: 1103.230 Thread 0x00000123c90a0c60 Unloading class 0x00000123cb4b5400 'java/lang/invoke/LambdaForm$MH+0x00000123cb4b5400'
Event: 1103.230 Thread 0x00000123c90a0c60 Unloading class 0x00000123cb4b4c00 'java/lang/invoke/LambdaForm$MH+0x00000123cb4b4c00'
Event: 1103.230 Thread 0x00000123c90a0c60 Unloading class 0x00000123cb4b4800 'java/lang/invoke/LambdaForm$MH+0x00000123cb4b4800'
Event: 1103.230 Thread 0x00000123c90a0c60 Unloading class 0x00000123cb0de400 'java/lang/invoke/LambdaForm$MH+0x00000123cb0de400'
Event: 1103.230 Thread 0x00000123c90a0c60 Unloading class 0x00000123cb0ddc00 'java/lang/invoke/LambdaForm$MH+0x00000123cb0ddc00'
Event: 1103.230 Thread 0x00000123c90a0c60 Unloading class 0x00000123cb0dd800 'java/lang/invoke/LambdaForm$MH+0x00000123cb0dd800'
Event: 1103.230 Thread 0x00000123c90a0c60 Unloading class 0x00000123cb0dd400 'java/lang/invoke/LambdaForm$MH+0x00000123cb0dd400'
Event: 1103.230 Thread 0x00000123c90a0c60 Unloading class 0x00000123cb0dd000 'java/lang/invoke/LambdaForm$MH+0x00000123cb0dd000'
Event: 1103.230 Thread 0x00000123c90a0c60 Unloading class 0x00000123cb0dc800 'java/lang/invoke/LambdaForm$MH+0x00000123cb0dc800'

Classes redefined (0 events):
No events

Internal exceptions (20 events):
Event: 979.703 Thread 0x0000012414fff310 Exception <a 'sun/nio/fs/WindowsException'{0x00000000e785caf0}> (0x00000000e785caf0) 
thrown [s\open\src\hotspot\share\prims\jni.cpp, line 516]
Event: 980.078 Thread 0x0000012414fff310 Exception <a 'sun/nio/fs/WindowsException'{0x00000000ebdba090}> (0x00000000ebdba090) 
thrown [s\open\src\hotspot\share\prims\jni.cpp, line 516]
Event: 980.098 Thread 0x0000012414fff310 Exception <a 'sun/nio/fs/WindowsException'{0x00000000eb722210}> (0x00000000eb722210) 
thrown [s\open\src\hotspot\share\prims\jni.cpp, line 516]
Event: 982.160 Thread 0x0000012414fff310 Exception <a 'sun/nio/fs/WindowsException'{0x00000000ecf7e970}> (0x00000000ecf7e970) 
thrown [s\open\src\hotspot\share\prims\jni.cpp, line 516]
Event: 982.176 Thread 0x0000012414fff310 Exception <a 'sun/nio/fs/WindowsException'{0x00000000ecfde4a8}> (0x00000000ecfde4a8) 
thrown [s\open\src\hotspot\share\prims\jni.cpp, line 516]
Event: 982.176 Thread 0x0000012414fff310 Exception <a 'sun/nio/fs/WindowsException'{0x00000000ecfde568}> (0x00000000ecfde568) 
thrown [s\open\src\hotspot\share\prims\jni.cpp, line 516]
Event: 982.176 Thread 0x0000012414fff310 Exception <a 'sun/nio/fs/WindowsException'{0x00000000ecfde820}> (0x00000000ecfde820) 
thrown [s\open\src\hotspot\share\prims\jni.cpp, line 516]
Event: 982.299 Thread 0x0000012414fff310 Exception <a 'sun/nio/fs/WindowsException'{0x00000000ec85d110}> (0x00000000ec85d110) 
thrown [s\open\src\hotspot\share\prims\jni.cpp, line 516]
Event: 982.490 Thread 0x0000012414fff310 Exception <a 'sun/nio/fs/WindowsException'{0x00000000eb93efa0}> (0x00000000eb93efa0) 
thrown [s\open\src\hotspot\share\prims\jni.cpp, line 516]
Event: 982.494 Thread 0x0000012414fff310 Exception <a 'sun/nio/fs/WindowsException'{0x00000000eb9a4358}> (0x00000000eb9a4358) 
thrown [s\open\src\hotspot\share\prims\jni.cpp, line 516]
Event: 982.494 Thread 0x0000012414fff310 Exception <a 'sun/nio/fs/WindowsException'{0x00000000eb9a4418}> (0x00000000eb9a4418) 
thrown [s\open\src\hotspot\share\prims\jni.cpp, line 516]
Event: 982.494 Thread 0x0000012414fff310 Exception <a 'sun/nio/fs/WindowsException'{0x00000000eb9a46d8}> (0x00000000eb9a46d8) 
thrown [s\open\src\hotspot\share\prims\jni.cpp, line 516]
Event: 982.573 Thread 0x0000012414fff310 Exception <a 'sun/nio/fs/WindowsException'{0x00000000eb7cef40}> (0x00000000eb7cef40) 
thrown [s\open\src\hotspot\share\prims\jni.cpp, line 516]
Event: 982.583 Thread 0x0000012414fff310 Exception <a 'sun/nio/fs/WindowsException'{0x00000000eb25ed88}> (0x00000000eb25ed88) 
thrown [s\open\src\hotspot\share\prims\jni.cpp, line 516]
Event: 982.591 Thread 0x0000012414fff310 Exception <a 'sun/nio/fs/WindowsException'{0x00000000eb167538}> (0x00000000eb167538) 
thrown [s\open\src\hotspot\share\prims\jni.cpp, line 516]
Event: 982.705 Thread 0x0000012414fff310 Exception <a 'sun/nio/fs/WindowsException'{0x00000000eabf8980}> (0x00000000eabf8980) 
thrown [s\open\src\hotspot\share\prims\jni.cpp, line 516]
Event: 982.782 Thread 0x0000012414fff310 Exception <a 'sun/nio/fs/WindowsException'{0x00000000ea933c98}> (0x00000000ea933c98) 
thrown [s\open\src\hotspot\share\prims\jni.cpp, line 516]
Event: 982.858 Thread 0x0000012414fff310 Exception <a 'sun/nio/fs/WindowsException'{0x00000000ea870020}> (0x00000000ea870020) 
thrown [s\open\src\hotspot\share\prims\jni.cpp, line 516]
Event: 982.935 Thread 0x0000012414fff310 Exception <a 'sun/nio/fs/WindowsException'{0x00000000ea7734b0}> (0x00000000ea7734b0) 
thrown [s\open\src\hotspot\share\prims\jni.cpp, line 516]
Event: 982.943 Thread 0x0000012414fff310 Exception <a 'sun/nio/fs/WindowsException'{0x00000000ea668760}> (0x00000000ea668760) 
thrown [s\open\src\hotspot\share\prims\jni.cpp, line 516]

VM Operations (20 events):
Event: 1102.205 Executing VM operation: G1CollectForAllocation
Event: 1102.212 Executing VM operation: G1CollectForAllocation done
Event: 1102.573 Executing VM operation: G1CollectForAllocation
Event: 1102.579 Executing VM operation: G1CollectForAllocation done
Event: 1102.580 Executing VM operation: G1TryInitiateConcMark
Event: 1102.582 Executing VM operation: G1TryInitiateConcMark done
Event: 1102.720 Executing VM operation: G1Concurrent
Event: 1102.740 Executing VM operation: G1Concurrent done
Event: 1102.823 Executing VM operation: G1Concurrent
Event: 1102.823 Executing VM operation: G1Concurrent done
Event: 1102.867 Executing VM operation: G1CollectForAllocation
Event: 1102.869 Executing VM operation: G1CollectForAllocation done
Event: 1102.933 Executing VM operation: G1CollectForAllocation
Event: 1102.934 Executing VM operation: G1CollectForAllocation done
Event: 1102.938 Executing VM operation: G1TryInitiateConcMark
Event: 1102.940 Executing VM operation: G1TryInitiateConcMark done
Event: 1102.989 Executing VM operation: G1CollectForAllocation
Event: 1103.393 Executing VM operation: G1CollectForAllocation done
Event: 1103.459 Executing VM operation: G1TryInitiateConcMark
Event: 1103.464 Executing VM operation: G1TryInitiateConcMark done

Events (20 events):
Event: 953.101 Thread 0x00000123c90c5d20 flushing nmethod 0x00000123b75bd090
Event: 953.101 Thread 0x00000123c90c5d20 flushing nmethod 0x00000123b75be610
Event: 953.101 Thread 0x00000123c90c5d20 flushing nmethod 0x00000123b75c1590
Event: 953.101 Thread 0x00000123c90c5d20 flushing nmethod 0x00000123b75c5110
Event: 953.651 Thread 0x0000012415a93ed0 Thread exited: 0x0000012415a93ed0
Event: 953.651 Thread 0x0000012410322d50 Thread exited: 0x0000012410322d50
Event: 957.099 Thread 0x0000012415a91ef0 Thread added: 0x0000012415a91ef0
Event: 957.682 Thread 0x0000012415a91ef0 Thread exited: 0x0000012415a91ef0
Event: 977.377 Thread 0x000001240fcd85a0 Thread added: 0x000001240fcd85a0
Event: 977.454 Thread 0x000001240fcd9ae0 Thread added: 0x000001240fcd9ae0
Event: 978.079 Thread 0x000001240fcd9ae0 Thread exited: 0x000001240fcd9ae0
Event: 978.356 Thread 0x000001240fcd85a0 Thread exited: 0x000001240fcd85a0
Event: 979.799 Thread 0x0000012415a93980 Thread added: 0x0000012415a93980
Event: 979.906 Thread 0x000001240fcd85a0 Thread added: 0x000001240fcd85a0
Event: 981.407 Thread 0x000001240fcd85a0 Thread exited: 0x000001240fcd85a0
Event: 981.407 Thread 0x0000012415a93980 Thread exited: 0x0000012415a93980
Event: 982.270 loading class org/xml/sax/ext/LexicalHandler
Event: 982.270 loading class org/xml/sax/ext/LexicalHandler done
Event: 982.270 loading class org/xml/sax/ext/DeclHandler
Event: 982.270 loading class org/xml/sax/ext/DeclHandler done


Dynamic libraries:
0x00007ff739110000 - 0x00007ff739120000 	C:\Program Files\Java\jdk-17\bin\java.exe
0x00007ffd15690000 - 0x00007ffd15888000 	C:\Windows\SYSTEM32\ntdll.dll
0x00007ffd13c10000 - 0x00007ffd13cd2000 	C:\Windows\System32\KERNEL32.DLL
0x00007ffd13110000 - 0x00007ffd13406000 	C:\Windows\System32\KERNELBASE.dll
0x00007ffd12fc0000 - 0x00007ffd130c0000 	C:\Windows\System32\ucrtbase.dll
0x00007ffcf6c00000 - 0x00007ffcf6c1b000 	C:\Program Files\Java\jdk-17\bin\VCRUNTIME140.dll
0x00007ffcfa2c0000 - 0x00007ffcfa2d9000 	C:\Program Files\Java\jdk-17\bin\jli.dll
0x00007ffd14f80000 - 0x00007ffd15031000 	C:\Windows\System32\ADVAPI32.dll
0x00007ffd13d90000 - 0x00007ffd13e2e000 	C:\Windows\System32\msvcrt.dll
0x00007ffd13930000 - 0x00007ffd139cf000 	C:\Windows\System32\sechost.dll
0x00007ffd144f0000 - 0x00007ffd14610000 	C:\Windows\System32\RPCRT4.dll
0x00007ffd12da0000 - 0x00007ffd12dc7000 	C:\Windows\System32\bcrypt.dll
0x00007ffd136b0000 - 0x00007ffd13851000 	C:\Windows\System32\USER32.dll
0x00007ffd13560000 - 0x00007ffd13582000 	C:\Windows\System32\win32u.dll
0x00007ffd002c0000 - 0x00007ffd0055b000 	C:\Windows\WinSxS\amd64_microsoft.windows.common-controls_6595b64144ccf1df_6.0.19041.6456_none_60b8a6cb71f64256\COMCTL32.dll
0x00007ffd13a50000 - 0x00007ffd13a7b000 	C:\Windows\System32\GDI32.dll
0x00007ffd13590000 - 0x00007ffd136a9000 	C:\Windows\System32\gdi32full.dll
0x00007ffd13410000 - 0x00007ffd134ad000 	C:\Windows\System32\msvcp_win.dll
0x00007ffd0d2e0000 - 0x00007ffd0d2ea000 	C:\Windows\SYSTEM32\VERSION.dll
0x00007ffd14450000 - 0x00007ffd1447f000 	C:\Windows\System32\IMM32.DLL
0x00007ffd03f20000 - 0x00007ffd03f2c000 	C:\Program Files\Java\jdk-17\bin\vcruntime140_1.dll
0x00007ffcf1080000 - 0x00007ffcf110e000 	C:\Program Files\Java\jdk-17\bin\msvcp140.dll
0x00007ffc74940000 - 0x00007ffc75520000 	C:\Program Files\Java\jdk-17\bin\server\jvm.dll
0x00007ffd14480000 - 0x00007ffd14488000 	C:\Windows\System32\PSAPI.DLL
0x00007ffd0ac00000 - 0x00007ffd0ac09000 	C:\Windows\SYSTEM32\WSOCK32.dll
0x00007ffd02fe0000 - 0x00007ffd03007000 	C:\Windows\SYSTEM32\WINMM.dll
0x00007ffd13ec0000 - 0x00007ffd13f2b000 	C:\Windows\System32\WS2_32.dll
0x00007ffd10ad0000 - 0x00007ffd10ae2000 	C:\Windows\SYSTEM32\kernel.appcore.dll
0x00007ffd02f70000 - 0x00007ffd02f7a000 	C:\Program Files\Java\jdk-17\bin\jimage.dll
0x00007ffd0bb30000 - 0x00007ffd0bd31000 	C:\Windows\SYSTEM32\DBGHELP.DLL
0x00007ffd0bf00000 - 0x00007ffd0bf34000 	C:\Windows\SYSTEM32\dbgcore.DLL
0x00007ffd12f30000 - 0x00007ffd12fb2000 	C:\Windows\System32\bcryptPrimitives.dll
0x00007ffcff730000 - 0x00007ffcff73e000 	C:\Program Files\Java\jdk-17\bin\instrument.dll
0x00007ffcf17c0000 - 0x00007ffcf17e5000 	C:\Program Files\Java\jdk-17\bin\java.dll
0x00007ffcbdb90000 - 0x00007ffcbdc67000 	C:\Program Files\Java\jdk-17\bin\jsvml.dll
0x00007ffd14690000 - 0x00007ffd14e00000 	C:\Windows\System32\SHELL32.dll
0x00007ffd10db0000 - 0x00007ffd11555000 	C:\Windows\SYSTEM32\windows.storage.dll
0x00007ffd15040000 - 0x00007ffd15394000 	C:\Windows\System32\combase.dll
0x00007ffd12670000 - 0x00007ffd1269b000 	C:\Windows\SYSTEM32\Wldp.dll
0x00007ffd13860000 - 0x00007ffd1392d000 	C:\Windows\System32\OLEAUT32.dll
0x00007ffd13ce0000 - 0x00007ffd13d8d000 	C:\Windows\System32\SHCORE.dll
0x00007ffd14f20000 - 0x00007ffd14f7b000 	C:\Windows\System32\shlwapi.dll
0x00007ffd12c50000 - 0x00007ffd12c74000 	C:\Windows\SYSTEM32\profapi.dll
0x00007ffcf0e80000 - 0x00007ffcf0e98000 	C:\Program Files\Java\jdk-17\bin\zip.dll
0x00007ffcf1850000 - 0x00007ffcf1869000 	C:\Program Files\Java\jdk-17\bin\net.dll
0x00007ffd0c9a0000 - 0x00007ffd0caaa000 	C:\Windows\SYSTEM32\WINHTTP.dll
0x00007ffd123d0000 - 0x00007ffd1243a000 	C:\Windows\system32\mswsock.dll
0x00007ffcf0ea0000 - 0x00007ffcf0eb6000 	C:\Program Files\Java\jdk-17\bin\nio.dll
0x00007ffd01390000 - 0x00007ffd013a0000 	C:\Program Files\Java\jdk-17\bin\verify.dll
0x00007ffced9c0000 - 0x00007ffced9e7000 	C:\Users\alfan\.gradle\native\c067742578af261105cb4f569cf0c3c89f3d7b1fecec35dd04571415982c5e48\windows-amd64\native-platform.dll
0x00007ffc747f0000 - 0x00007ffc74934000 	C:\Users\alfan\.gradle\native\100fb08df4bc3b14c8652ba06237920a3bd2aa13389f12d3474272988ae205f9\windows-amd64\native-platform-file-events.dll
0x00007ffd00580000 - 0x00007ffd0058a000 	C:\Program Files\Java\jdk-17\bin\management.dll
0x00007ffcff990000 - 0x00007ffcff99b000 	C:\Program Files\Java\jdk-17\bin\management_ext.dll
0x00007ffd125c0000 - 0x00007ffd125d8000 	C:\Windows\SYSTEM32\CRYPTSP.dll
0x00007ffd11cf0000 - 0x00007ffd11d28000 	C:\Windows\system32\rsaenh.dll
0x00007ffd12bd0000 - 0x00007ffd12bfe000 	C:\Windows\SYSTEM32\USERENV.dll
0x00007ffd125e0000 - 0x00007ffd125ec000 	C:\Windows\SYSTEM32\CRYPTBASE.dll
0x00007ffd120b0000 - 0x00007ffd120eb000 	C:\Windows\SYSTEM32\IPHLPAPI.DLL
0x00007ffd14680000 - 0x00007ffd14688000 	C:\Windows\System32\NSI.dll
0x00007ffd0d490000 - 0x00007ffd0d4a7000 	C:\Windows\SYSTEM32\dhcpcsvc6.DLL
0x00007ffd0d5b0000 - 0x00007ffd0d5cd000 	C:\Windows\SYSTEM32\dhcpcsvc.DLL
0x00007ffd120f0000 - 0x00007ffd121ba000 	C:\Windows\SYSTEM32\DNSAPI.dll
0x00007ffcff5e0000 - 0x00007ffcff5ee000 	C:\Program Files\Java\jdk-17\bin\sunmscapi.dll
0x00007ffd12dd0000 - 0x00007ffd12f2d000 	C:\Windows\System32\CRYPT32.dll
0x00007ffd126e0000 - 0x00007ffd12707000 	C:\Windows\SYSTEM32\ncrypt.dll
0x00007ffd126a0000 - 0x00007ffd126db000 	C:\Windows\SYSTEM32\NTASN1.dll
0x00007ffcff450000 - 0x00007ffcff457000 	C:\Windows\system32\wshunix.dll
0x00007ffd101d0000 - 0x00007ffd101e7000 	C:\Windows\system32\napinsp.dll
0x00007ffcfa280000 - 0x00007ffcfa29b000 	C:\Windows\system32\pnrpnsp.dll
0x00007ffd10000000 - 0x00007ffd1001d000 	C:\Windows\system32\NLAapi.dll
0x00007ffcf9d70000 - 0x00007ffcf9d82000 	C:\Windows\System32\winrnr.dll
0x00007ffcfbf90000 - 0x00007ffcfbfad000 	C:\Windows\system32\wshbth.dll
0x00007ffd09ea0000 - 0x00007ffd09eaa000 	C:\Windows\System32\rasadhlp.dll
0x00007ffd0a440000 - 0x00007ffd0a4c0000 	C:\Windows\System32\fwpuclnt.dll
0x00007ffd11f40000 - 0x00007ffd11f73000 	C:\Windows\SYSTEM32\ntmarta.dll

dbghelp: loaded successfully - version: 4.0.5 - missing functions: none
symbol engine: initialized successfully - sym options: 0x614 - pdb path: .;C:\Program Files\Java\jdk-17\bin;C:\Windows\SYSTEM32;C:\Windows\WinSxS\amd64_microsoft.windows.common-controls_6595b64144ccf1df_6.0.19041.6456_none_60b8a6cb71f64256;C:\Program Files\Java\jdk-17\bin\server;C:\Users\alfan\.gradle\native\c067742578af261105cb4f569cf0c3c89f3d7b1fecec35dd04571415982c5e48\windows-amd64;C:\Users\alfan\.gradle\native\100fb08df4bc3b14c8652ba06237920a3bd2aa13389f12d3474272988ae205f9\windows-amd64

VM Arguments:
jvm_args: --add-opens=java.base/java.util=ALL-UNNAMED --add-opens=java.base/java.lang=ALL-UNNAMED --add-opens=java.base/java.lang.invoke=ALL-UNNAMED --add-opens=java.prefs/java.util.prefs=ALL-UNNAMED --add-opens=java.base/java.nio.charset=ALL-UNNAMED --add-opens=java.base/java.net=ALL-UNNAMED --add-opens=java.base/java.util.concurrent.atomic=ALL-UNNAMED -Xmx1024m -Dfile.encoding=windows-1252 -Duser.country=IN -Duser.language=en -Duser.variant -javaagent:C:\Users\alfan\.gradle\wrapper\dists\gradle-8.8-all\6gdy1pgp427xkqcjbxw3ylt6h\gradle-8.8\lib\agents\gradle-instrumentation-agent-8.8.jar 
java_command: org.gradle.launcher.daemon.bootstrap.GradleDaemon 8.8
java_class_path (initial): C:\Users\alfan\.gradle\wrapper\dists\gradle-8.8-all\6gdy1pgp427xkqcjbxw3ylt6h\gradle-8.8\lib\gradle-launcher-8.8.jar
Launcher Type: SUN_STANDARD

[Global flags]
     intx CICompilerCount                          = 4                                         {product} {ergonomic}
     uint ConcGCThreads                            = 3                                         {product} {ergonomic}
     uint G1ConcRefinementThreads                  = 10                                        {product} {ergonomic}
   size_t G1HeapRegionSize                         = 1048576                                   {product} {ergonomic}
    uintx GCDrainStackTargetSize                   = 64                                        {product} {ergonomic}
   size_t InitialHeapSize                          = 266338304                                 {product} {ergonomic}
   size_t MarkStackSize                            = 4194304                                   {product} {ergonomic}
   size_t MaxHeapSize                              = 1073741824                                {product} {command line}
   size_t MaxNewSize                               = 643825664                                 {product} {ergonomic}
   size_t MinHeapDeltaBytes                        = 1048576                                   {product} {ergonomic}
   size_t MinHeapSize                              = 8388608                                   {product} {ergonomic}
    uintx NonNMethodCodeHeapSize                   = 5839372                                {pd product} {ergonomic}
    uintx NonProfiledCodeHeapSize                  = 122909434                              {pd product} {ergonomic}
    uintx ProfiledCodeHeapSize                     = 122909434                              {pd product} {ergonomic}
    uintx ReservedCodeCacheSize                    = 251658240                              {pd product} {ergonomic}
     bool SegmentedCodeCache                       = true                                      {product} {ergonomic}
   size_t SoftMaxHeapSize                          = 1073741824                             {manageable} {ergonomic}
     bool UseCompressedClassPointers               = true                           {product lp64_product} {ergonomic}
     bool UseCompressedOops                        = true                           {product lp64_product} {ergonomic}
     bool UseG1GC                                  = true                                      {product} {ergonomic}
     bool UseLargePagesIndividualAllocation        = false                                  {pd product} {ergonomic}

Logging:
Log output configuration:
 #0: stdout all=warning uptime,level,tags
 #1: stderr all=off uptime,level,tags

Environment Variables:
JAVA_HOME=C:\Program Files\Java\jdk-17
CLASSPATH=C:\Users\alfan\OneDrive\Desktop\RealEstateERP\apps\marketing-mobile\android\\gradle\wrapper\gradle-wrapper.jar
PATH=C:/Users/alfan/.gemini/antigravity/bin;C:\Users\alfan\AppData\Roaming\Antigravity\bin;C:\Program Files\Common Files\Oracle\Java\javapath;C:\Windows\system32;C:\Windows;C:\Windows\System32\Wbem;C:\Windows\System32\WindowsPowerShell\v1.0\;C:\Windows\System32\OpenSSH\;C:\Program Files\Git\cmd;C:\Program Files\nodejs\;C:\Users\alfan\AppData\Local\Microsoft\WindowsApps;C:\Users\alfan\AppData\Roaming\npm;C:\Users\alfan\AppData\Local\Programs\Antigravity IDE\bin
USERNAME=alfan
OS=Windows_NT
PROCESSOR_IDENTIFIER=Intel64 Family 6 Model 158 Stepping 10, GenuineIntel



---------------  S Y S T E M  ---------------

OS:
 Windows 10 , 64 bit Build 19041 (10.0.19041.5915)
OS uptime: 0 days 13:03 hours

CPU: total 12 (initial active 12) (6 cores per cpu, 2 threads per core) family 6 model 158 stepping 10 microcode 0xb4, cx8, cmov, fxsr, ht, mmx, 3dnowpref, sse, sse2, sse3, ssse3, sse4.1, sse4.2, popcnt, lzcnt, tsc, tscinvbit, avx, avx2, aes, erms, clmul, bmi1, bmi2, rtm, adx, fma, vzeroupper, clflush, clflushopt

Memory: 4k page, system-wide physical 16247M (7168M free)
TotalPageFile size 32495M (AvailPageFile size 22010M)
current process WorkingSet (physical memory assigned to process): 1457M, peak: 1460M
current process commit charge ("private bytes"): 1501M, peak: 1531M

vm_info: Java HotSpot(TM) 64-Bit Server VM (17.0.12+8-LTS-286) for windows-amd64 JRE (17.0.12+8-LTS-286), built on Jun  5 2024 06:46:59 by "mach5one" with MS VC++ 17.6 (VS2022)

END.
